excluir;unidade;ano;mes;grau;score;predicao_obito;saidas;obitos_esperados;obitos_ocorridos
01/2019;HAC;2019,0;1,0;I;0 a 4;4,0;0,0;0,0;0,0
01/2019;HAC;2019,0;1,0;II;5 a 9;8,0;2,0;0,16;0,0
01/2019;HAC;2019,0;1,0;III;10 a 14;15,0;9,0;1,35;2,0
01/2019;HAC;2019,0;1,0;IV;15 a 19;25,0;10,0;2,5;3,0
01/2019;HAC;2019,0;1,0;V;20 a 24;40,0;4,0;1,6;2,0
01/2019;HAC;2019,0;1,0;VI;25 a 29;55,0;1,0;0,55;1,0
01/2019;HAC;2019,0;1,0;VII;30 a 34;75,0;1,0;0,75;1,0
01/2019;HAC;2019,0;1,0;VIII;> 34;85,0;0,0;0,0;0,0
01/2019;HEM;2019,0;1,0;I;0 a 4;4,0;0,0;0,0;0,0
01/2019;HEM;2019,0;1,0;II;5 a 9;8,0;0,0;0,0;0,0
01/2019;HEM;2019,0;1,0;III;10 a 14;15,0;7,0;1,05;0,0
01/2019;HEM;2019,0;1,0;IV;15 a 19;25,0;5,0;1,25;2,0
01/2019;HEM;2019,0;1,0;V;20 a 24;40,0;5,0;2,0;0,0
01/2019;HEM;2019,0;1,0;VI;25 a 29;55,0;7,0;3,85;2,0
01/2019;HEM;2019,0;1,0;VII;30 a 34;75,0;1,0;0,75;1,0
01/2019;HEM;2019,0;1,0;VIII;> 34;85,0;4,0;3,4;4,0
01/2019;HJK;2019,0;1,0;I;0 a 4;4,0;112,0;4,5;8,0
01/2019;HJK;2019,0;1,0;II;5 a 9;8,0;222,0;17,78;23,0
01/2019;HJK;2019,0;1,0;III;10 a 14;15,0;273,0;41,1;16,0
01/2019;HJK;2019,0;1,0;IV;15 a 19;25,0;275,0;68,85;36,0
01/2019;HJK;2019,0;1,0;V;20 a 24;40,0;167,0;66,8;35,0
01/2019;HJK;2019,0;1,0;VI;25 a 29;55,0;77,0;42,45;27,0
01/2019;HJK;2019,0;1,0;VII;30 a 34;75,0;43,0;32,35;20,0
01/2019;HJK;2019,0;1,0;VIII;> 34;85,0;23,0;19,65;18,0
01/2019;HJXXIII;2019,0;1,0;I;0 a 4;4,0;6,0;0,24;0,0
01/2019;HJXXIII;2019,0;1,0;II;5 a 9;8,0;11,0;0,88;1,0
01/2019;HJXXIII;2019,0;1,0;III;10 a 14;15,0;26,0;3,9;1,0
01/2019;HJXXIII;2019,0;1,0;IV;15 a 19;25,0;30,0;7,5;7,0
01/2019;HJXXIII;2019,0;1,0;V;20 a 24;40,0;28,0;11,2;7,0
01/2019;HJXXIII;2019,0;1,0;VI;25 a 29;55,0;26,0;14,3;1,0
01/2019;HJXXIII;2019,0;1,0;VII;30 a 34;75,0;1,0;0,75;0,0
01/2019;HJXXIII;2019,0;1,0;VIII;> 34;85,0;1,0;0,85;0,0
01/2019;HRAD;2019,0;1,0;I;0 a 4;4,0;3,0;0,12;0,0
01/2019;HRAD;2019,0;1,0;II;5 a 9;8,0;16,0;1,28;0,0
01/2019;HRAD;2019,0;1,0;III;10 a 14;15,0;16,0;2,4;1,0
01/2019;HRAD;2019,0;1,0;IV;15 a 19;25,0;14,0;3,5;3,0
01/2019;HRAD;2019,0;1,0;V;20 a 24;40,0;13,0;5,2;6,0
01/2019;HRAD;2019,0;1,0;VI;25 a 29;55,0;5,0;2,75;2,0
01/2019;HRAD;2019,0;1,0;VII;30 a 34;75,0;3,0;2,25;2,0
01/2019;HRAD;2019,0;1,0;VIII;> 34;85,0;1,0;0,85;0,0
01/2019;HRBJA;2019,0;1,0;I;0 a 4;4,0;0,0;0,0;0,0
01/2019;HRBJA;2019,0;1,0;II;5 a 9;8,0;0,0;0,0;0,0
01/2019;HRBJA;2019,0;1,0;III;10 a 14;15,0;0,0;0,0;0,0
01/2019;HRBJA;2019,0;1,0;IV;15 a 19;25,0;0,0;0,0;0,0
01/2019;HRBJA;2019,0;1,0;V;20 a 24;40,0;0,0;0,0;0,0
01/2019;HRBJA;2019,0;1,0;VI;25 a 29;55,0;0,0;0,0;0,0
01/2019;HRBJA;2019,0;1,0;VII;30 a 34;75,0;0,0;0,0;0,0
01/2019;HRBJA;2019,0;1,0;VIII;> 34;85,0;0,0;0,0;0,0
01/2019;HRJP;2019,0;1,0;I;0 a 4;4,0;0,0;0,0;0,0
01/2019;HRJP;2019,0;1,0;II;5 a 9;8,0;6,0;0,48;1,0
01/2019;HRJP;2019,0;1,0;III;10 a 14;15,0;15,0;2,25;3,0
01/2019;HRJP;2019,0;1,0;IV;15 a 19;25,0;13,0;3,25;2,0
01/2019;HRJP;2019,0;1,0;V;20 a 24;40,0;1,0;0,4;0,0
01/2019;HRJP;2019,0;1,0;VI;25 a 29;55,0;0,0;0,0;0,0
01/2019;HRJP;2019,0;1,0;VII;30 a 34;75,0;0,0;0,0;0,0
01/2019;HRJP;2019,0;1,0;VIII;> 34;85,0;0,0;0,0;0,0
01/2019;MOV;2019,0;1,0;I;0 a 4;4,0;0,0;0,0;0,0
01/2019;MOV;2019,0;1,0;II;5 a 9;8,0;0,0;0,0;0,0
01/2019;MOV;2019,0;1,0;III;10 a 14;15,0;0,0;0,0;0,0
01/2019;MOV;2019,0;1,0;IV;15 a 19;25,0;0,0;0,0;0,0
01/2019;MOV;2019,0;1,0;V;20 a 24;40,0;0,0;0,0;0,0
01/2019;MOV;2019,0;1,0;VI;25 a 29;55,0;0,0;0,0;0,0
01/2019;MOV;2019,0;1,0;VII;30 a 34;75,0;0,0;0,0;0,0
01/2019;MOV;2019,0;1,0;VIII;> 34;85,0;0,0;0,0;0,0
02/2019;HAC;2019,0;2,0;I;0 a 4;4,0;2,0;0,08;0,0
02/2019;HAC;2019,0;2,0;II;5 a 9;8,0;8,0;0,64;0,0
02/2019;HAC;2019,0;2,0;III;10 a 14;15,0;15,0;2,25;0,0
02/2019;HAC;2019,0;2,0;IV;15 a 19;25,0;10,0;2,5;0,0
02/2019;HAC;2019,0;2,0;V;20 a 24;40,0;3,0;1,2;0,0
02/2019;HAC;2019,0;2,0;VI;25 a 29;55,0;1,0;0,55;1,0
02/2019;HAC;2019,0;2,0;VII;30 a 34;75,0;0,0;0,0;0,0
02/2019;HAC;2019,0;2,0;VIII;> 34;85,0;0,0;0,0;0,0
02/2019;HEM;2019,0;2,0;I;0 a 4;4,0;0,0;0,0;0,0
02/2019;HEM;2019,0;2,0;II;5 a 9;8,0;3,0;0,24;0,0
02/2019;HEM;2019,0;2,0;III;10 a 14;15,0;3,0;0,45;1,0
02/2019;HEM;2019,0;2,0;IV;15 a 19;25,0;2,0;0,5;1,0
02/2019;HEM;2019,0;2,0;V;20 a 24;40,0;4,0;1,6;2,0
02/2019;HEM;2019,0;2,0;VI;25 a 29;55,0;4,0;2,2;1,0
02/2019;HEM;2019,0;2,0;VII;30 a 34;75,0;2,0;1,5;2,0
02/2019;HEM;2019,0;2,0;VIII;> 34;85,0;3,0;2,55;2,0
02/2019;HJK;2019,0;2,0;I;0 a 4;4,0;112,0;4,5;8,0
02/2019;HJK;2019,0;2,0;II;5 a 9;8,0;224,0;17,939999999999998;23,0
02/2019;HJK;2019,0;2,0;III;10 a 14;15,0;283,0;42,6;17,0
02/2019;HJK;2019,0;2,0;IV;15 a 19;25,0;272,0;68,1;33,0
02/2019;HJK;2019,0;2,0;V;20 a 24;40,0;167,0;66,8;35,0
02/2019;HJK;2019,0;2,0;VI;25 a 29;55,0;79,0;43,55;26,0
02/2019;HJK;2019,0;2,0;VII;30 a 34;75,0;42,0;31,6;19,0
02/2019;HJK;2019,0;2,0;VIII;> 34;85,0;24,0;20,5;16,0
02/2019;HJXXIII;2019,0;2,0;I;0 a 4;4,0;5,0;0,2;0,0
02/2019;HJXXIII;2019,0;2,0;II;5 a 9;8,0;7,0;0,56;0,0
02/2019;HJXXIII;2019,0;2,0;III;10 a 14;15,0;16,0;2,4;2,0
02/2019;HJXXIII;2019,0;2,0;IV;15 a 19;25,0;38,0;9,5;3,0
02/2019;HJXXIII;2019,0;2,0;V;20 a 24;40,0;30,0;12,0;4,0
02/2019;HJXXIII;2019,0;2,0;VI;25 a 29;55,0;16,0;8,8;3,0
02/2019;HJXXIII;2019,0;2,0;VII;30 a 34;75,0;2,0;1,5;0,0
02/2019;HJXXIII;2019,0;2,0;VIII;> 34;85,0;5,0;4,25;2,0
02/2019;HRAD;2019,0;2,0;I;0 a 4;4,0;0,0;0,0;0,0
02/2019;HRAD;2019,0;2,0;II;5 a 9;8,0;15,0;1,2;0,0
02/2019;HRAD;2019,0;2,0;III;10 a 14;15,0;25,0;3,75;1,0
02/2019;HRAD;2019,0;2,0;IV;15 a 19;25,0;13,0;3,25;2,0
02/2019;HRAD;2019,0;2,0;V;20 a 24;40,0;6,0;2,4;2,0
02/2019;HRAD;2019,0;2,0;VI;25 a 29;55,0;2,0;1,1;2,0
02/2019;HRAD;2019,0;2,0;VII;30 a 34;75,0;2,0;1,5;2,0
02/2019;HRAD;2019,0;2,0;VIII;> 34;85,0;0,0;0,0;0,0
02/2019;HRBJA;2019,0;2,0;I;0 a 4;4,0;0,0;0,0;0,0
02/2019;HRBJA;2019,0;2,0;II;5 a 9;8,0;0,0;0,0;0,0
02/2019;HRBJA;2019,0;2,0;III;10 a 14;15,0;0,0;0,0;0,0
02/2019;HRBJA;2019,0;2,0;IV;15 a 19;25,0;0,0;0,0;0,0
02/2019;HRBJA;2019,0;2,0;V;20 a 24;40,0;0,0;0,0;0,0
02/2019;HRBJA;2019,0;2,0;VI;25 a 29;55,0;0,0;0,0;0,0
02/2019;HRBJA;2019,0;2,0;VII;30 a 34;75,0;0,0;0,0;0,0
02/2019;HRBJA;2019,0;2,0;VIII;> 34;85,0;0,0;0,0;0,0
02/2019;HRJP;2019,0;2,0;I;0 a 4;4,0;1,0;0,04;0,0
02/2019;HRJP;2019,0;2,0;II;5 a 9;8,0;3,0;0,24;0,0
02/2019;HRJP;2019,0;2,0;III;10 a 14;15,0;12,0;1,8;1,0
02/2019;HRJP;2019,0;2,0;IV;15 a 19;25,0;14,0;3,5;5,0
02/2019;HRJP;2019,0;2,0;V;20 a 24;40,0;0,0;0,0;0,0
02/2019;HRJP;2019,0;2,0;VI;25 a 29;55,0;0,0;0,0;0,0
02/2019;HRJP;2019,0;2,0;VII;30 a 34;75,0;0,0;0,0;0,0
02/2019;HRJP;2019,0;2,0;VIII;> 34;85,0;0,0;0,0;0,0
02/2019;MOV;2019,0;2,0;I;0 a 4;4,0;0,0;0,0;0,0
02/2019;MOV;2019,0;2,0;II;5 a 9;8,0;0,0;0,0;0,0
02/2019;MOV;2019,0;2,0;III;10 a 14;15,0;0,0;0,0;0,0
02/2019;MOV;2019,0;2,0;IV;15 a 19;25,0;0,0;0,0;0,0
02/2019;MOV;2019,0;2,0;V;20 a 24;40,0;0,0;0,0;0,0
02/2019;MOV;2019,0;2,0;VI;25 a 29;55,0;0,0;0,0;0,0
02/2019;MOV;2019,0;2,0;VII;30 a 34;75,0;0,0;0,0;0,0
02/2019;MOV;2019,0;2,0;VIII;> 34;85,0;0,0;0,0;0,0
03/2019;HAC;2019,0;3,0;I;0 a 4;4,0;3,0;0,12;0,0
03/2019;HAC;2019,0;3,0;II;5 a 9;8,0;9,0;0,72;0,0
03/2019;HAC;2019,0;3,0;III;10 a 14;15,0;10,0;1,5;0,0
03/2019;HAC;2019,0;3,0;IV;15 a 19;25,0;3,0;0,75;1,0
03/2019;HAC;2019,0;3,0;V;20 a 24;40,0;6,0;2,4;1,0
03/2019;HAC;2019,0;3,0;VI;25 a 29;55,0;3,0;1,65;0,0
03/2019;HAC;2019,0;3,0;VII;30 a 34;75,0;1,0;0,75;1,0
03/2019;HAC;2019,0;3,0;VIII;> 34;85,0;1,0;0,85;0,0
03/2019;HEM;2019,0;3,0;I;0 a 4;4,0;0,0;0,0;0,0
03/2019;HEM;2019,0;3,0;II;5 a 9;8,0;3,0;0,24;0,0
03/2019;HEM;2019,0;3,0;III;10 a 14;15,0;7,0;1,05;0,0
03/2019;HEM;2019,0;3,0;IV;15 a 19;25,0;18,0;4,5;5,0
03/2019;HEM;2019,0;3,0;V;20 a 24;40,0;2,0;0,8;1,0
03/2019;HEM;2019,0;3,0;VI;25 a 29;55,0;1,0;0,55;0,0
03/2019;HEM;2019,0;3,0;VII;30 a 34;75,0;5,0;3,75;3,0
03/2019;HEM;2019,0;3,0;VIII;> 34;85,0;1,0;0,85;1,0
03/2019;HJK;2019,0;3,0;I;0 a 4;4,0;112,0;4,5;8,0
03/2019;HJK;2019,0;3,0;II;5 a 9;8,0;227,0;18,18;23,0
03/2019;HJK;2019,0;3,0;III;10 a 14;15,0;283,0;42,6;16,0
03/2019;HJK;2019,0;3,0;IV;15 a 19;25,0;270,0;67,6;34,0
03/2019;HJK;2019,0;3,0;V;20 a 24;40,0;168,0;67,2;35,0
03/2019;HJK;2019,0;3,0;VI;25 a 29;55,0;80,0;44,099999999999994;27,0
03/2019;HJK;2019,0;3,0;VII;30 a 34;75,0;40,0;30,1;19,0
03/2019;HJK;2019,0;3,0;VIII;> 34;85,0;20,0;17,1;16,0
03/2019;HJXXIII;2019,0;3,0;I;0 a 4;4,0;3,0;0,12;0,0
03/2019;HJXXIII;2019,0;3,0;II;5 a 9;8,0;12,0;0,96;0,0
03/2019;HJXXIII;2019,0;3,0;III;10 a 14;15,0;39,0;5,85;2,0
03/2019;HJXXIII;2019,0;3,0;IV;15 a 19;25,0;40,0;10,0;5,0
03/2019;HJXXIII;2019,0;3,0;V;20 a 24;40,0;18,0;7,2;7,0
03/2019;HJXXIII;2019,0;3,0;VI;25 a 29;55,0;5,0;2,75;0,0
03/2019;HJXXIII;2019,0;3,0;VII;30 a 34;75,0;3,0;2,25;1,0
03/2019;HJXXIII;2019,0;3,0;VIII;> 34;85,0;4,0;3,4;2,0
03/2019;HRAD;2019,0;3,0;I;0 a 4;4,0;8,0;0,32;0,0
03/2019;HRAD;2019,0;3,0;II;5 a 9;8,0;18,0;1,44;0,0
03/2019;HRAD;2019,0;3,0;III;10 a 14;15,0;8,0;1,2;0,0
03/2019;HRAD;2019,0;3,0;IV;15 a 19;25,0;16,0;4,0;4,0
03/2019;HRAD;2019,0;3,0;V;20 a 24;40,0;14,0;5,6;5,0
03/2019;HRAD;2019,0;3,0;VI;25 a 29;55,0;3,0;1,6500000000000001;0,0
03/2019;HRAD;2019,0;3,0;VII;30 a 34;75,0;2,0;1,5;2,0
03/2019;HRAD;2019,0;3,0;VIII;> 34;85,0;0,0;0,0;0,0
03/2019;HRBJA;2019,0;3,0;I;0 a 4;4,0;0,0;0,0;0,0
03/2019;HRBJA;2019,0;3,0;II;5 a 9;8,0;0,0;0,0;0,0
03/2019;HRBJA;2019,0;3,0;III;10 a 14;15,0;0,0;0,0;0,0
03/2019;HRBJA;2019,0;3,0;IV;15 a 19;25,0;0,0;0,0;0,0
03/2019;HRBJA;2019,0;3,0;V;20 a 24;40,0;0,0;0,0;0,0
03/2019;HRBJA;2019,0;3,0;VI;25 a 29;55,0;0,0;0,0;0,0
03/2019;HRBJA;2019,0;3,0;VII;30 a 34;75,0;0,0;0,0;0,0
03/2019;HRBJA;2019,0;3,0;VIII;> 34;85,0;0,0;0,0;0,0
03/2019;HRJP;2019,0;3,0;I;0 a 4;4,0;0,0;0,0;0,0
03/2019;HRJP;2019,0;3,0;II;5 a 9;8,0;2,0;0,16;0,0
03/2019;HRJP;2019,0;3,0;III;10 a 14;15,0;15,0;2,25;1,0
03/2019;HRJP;2019,0;3,0;IV;15 a 19;25,0;13,0;3,25;2,0
03/2019;HRJP;2019,0;3,0;V;20 a 24;40,0;1,0;0,4;1,0
03/2019;HRJP;2019,0;3,0;VI;25 a 29;55,0;0,0;0,0;0,0
03/2019;HRJP;2019,0;3,0;VII;30 a 34;75,0;0,0;0,0;0,0
03/2019;HRJP;2019,0;3,0;VIII;> 34;85,0;0,0;0,0;0,0
03/2019;MOV;2019,0;3,0;I;0 a 4;4,0;0,0;0,0;0,0
03/2019;MOV;2019,0;3,0;II;5 a 9;8,0;0,0;0,0;0,0
03/2019;MOV;2019,0;3,0;III;10 a 14;15,0;0,0;0,0;0,0
03/2019;MOV;2019,0;3,0;IV;15 a 19;25,0;0,0;0,0;0,0
03/2019;MOV;2019,0;3,0;V;20 a 24;40,0;0,0;0,0;0,0
03/2019;MOV;2019,0;3,0;VI;25 a 29;55,0;0,0;0,0;0,0
03/2019;MOV;2019,0;3,0;VII;30 a 34;75,0;0,0;0,0;0,0
03/2019;MOV;2019,0;3,0;VIII;> 34;85,0;0,0;0,0;0,0
04/2019;HAC;2019,0;4,0;I;0 a 4;4,0;0,0;0,0;0,0
04/2019;HAC;2019,0;4,0;II;5 a 9;8,0;6,0;0,48;1,0
04/2019;HAC;2019,0;4,0;III;10 a 14;15,0;17,0;2,55;0,0
04/2019;HAC;2019,0;4,0;IV;15 a 19;25,0;9,0;2,25;0,0
04/2019;HAC;2019,0;4,0;V;20 a 24;40,0;4,0;1,6;2,0
04/2019;HAC;2019,0;4,0;VI;25 a 29;55,0;1,0;0,55;0,0
04/2019;HAC;2019,0;4,0;VII;30 a 34;75,0;0,0;0,0;0,0
04/2019;HAC;2019,0;4,0;VIII;> 34;85,0;1,0;0,85;0,0
04/2019;HEM;2019,0;4,0;I;0 a 4;4,0;0,0;0,0;0,0
04/2019;HEM;2019,0;4,0;II;5 a 9;8,0;5,0;0,4;0,0
04/2019;HEM;2019,0;4,0;III;10 a 14;15,0;16,0;2,4;2,0
04/2019;HEM;2019,0;4,0;IV;15 a 19;25,0;12,0;3,0;2,0
04/2019;HEM;2019,0;4,0;V;20 a 24;40,0;2,0;0,8;0,0
04/2019;HEM;2019,0;4,0;VI;25 a 29;55,0;4,0;2,2;1,0
04/2019;HEM;2019,0;4,0;VII;30 a 34;75,0;1,0;0,75;1,0
04/2019;HEM;2019,0;4,0;VIII;> 34;85,0;2,0;1,7;2,0
04/2019;HJK;2019,0;4,0;I;0 a 4;4,0;112,0;4,5;8,0
04/2019;HJK;2019,0;4,0;II;5 a 9;8,0;221,0;17,7;23,0
04/2019;HJK;2019,0;4,0;III;10 a 14;15,0;272,0;40,95;15,0
04/2019;HJK;2019,0;4,0;IV;15 a 19;25,0;284,0;71,1;34,0
04/2019;HJK;2019,0;4,0;V;20 a 24;40,0;173,0;69,2;34,0
04/2019;HJK;2019,0;4,0;VI;25 a 29;55,0;79,0;43,55;26,0
04/2019;HJK;2019,0;4,0;VII;30 a 34;75,0;43,0;32,35;21,0
04/2019;HJK;2019,0;4,0;VIII;> 34;85,0;22,0;18,8;17,0
04/2019;HJXXIII;2019,0;4,0;I;0 a 4;4,0;2,0;0,08;0,0
04/2019;HJXXIII;2019,0;4,0;II;5 a 9;8,0;9,0;0,72;1,0
04/2019;HJXXIII;2019,0;4,0;III;10 a 14;15,0;36,0;5,4;1,0
04/2019;HJXXIII;2019,0;4,0;IV;15 a 19;25,0;26,0;6,5;1,0
04/2019;HJXXIII;2019,0;4,0;V;20 a 24;40,0;19,0;7,6;6,0
04/2019;HJXXIII;2019,0;4,0;VI;25 a 29;55,0;11,0;6,05;5,0
04/2019;HJXXIII;2019,0;4,0;VII;30 a 34;75,0;5,0;3,75;1,0
04/2019;HJXXIII;2019,0;4,0;VIII;> 34;85,0;1,0;0,85;1,0
04/2019;HRAD;2019,0;4,0;I;0 a 4;4,0;3,0;0,12;0,0
04/2019;HRAD;2019,0;4,0;II;5 a 9;8,0;15,0;1,2;0,0
04/2019;HRAD;2019,0;4,0;III;10 a 14;15,0;14,0;2,1;0,0
04/2019;HRAD;2019,0;4,0;IV;15 a 19;25,0;11,0;2,75;1,0
04/2019;HRAD;2019,0;4,0;V;20 a 24;40,0;10,0;4,0;3,0
04/2019;HRAD;2019,0;4,0;VI;25 a 29;55,0;7,0;3,85;5,0
04/2019;HRAD;2019,0;4,0;VII;30 a 34;75,0;3,0;2,25;1,0
04/2019;HRAD;2019,0;4,0;VIII;> 34;85,0;2,0;1,7;2,0
04/2019;HRBJA;2019,0;4,0;I;0 a 4;4,0;0,0;0,0;0,0
04/2019;HRBJA;2019,0;4,0;II;5 a 9;8,0;0,0;0,0;0,0
04/2019;HRBJA;2019,0;4,0;III;10 a 14;15,0;0,0;0,0;0,0
04/2019;HRBJA;2019,0;4,0;IV;15 a 19;25,0;0,0;0,0;0,0
04/2019;HRBJA;2019,0;4,0;V;20 a 24;40,0;0,0;0,0;0,0
04/2019;HRBJA;2019,0;4,0;VI;25 a 29;55,0;0,0;0,0;0,0
04/2019;HRBJA;2019,0;4,0;VII;30 a 34;75,0;0,0;0,0;0,0
04/2019;HRBJA;2019,0;4,0;VIII;> 34;85,0;0,0;0,0;0,0
04/2019;HRJP;2019,0;4,0;I;0 a 4;4,0;1,0;0,04;0,0
04/2019;HRJP;2019,0;4,0;II;5 a 9;8,0;5,0;0,4;0,0
04/2019;HRJP;2019,0;4,0;III;10 a 14;15,0;18,0;2,7;2,0
04/2019;HRJP;2019,0;4,0;IV;15 a 19;25,0;11,0;2,75;4,0
04/2019;HRJP;2019,0;4,0;V;20 a 24;40,0;1,0;0,4;1,0
04/2019;HRJP;2019,0;4,0;VI;25 a 29;55,0;0,0;0,0;0,0
04/2019;HRJP;2019,0;4,0;VII;30 a 34;75,0;0,0;0,0;0,0
04/2019;HRJP;2019,0;4,0;VIII;> 34;85,0;0,0;0,0;0,0
04/2019;MOV;2019,0;4,0;I;0 a 4;4,0;0,0;0,0;0,0
04/2019;MOV;2019,0;4,0;II;5 a 9;8,0;0,0;0,0;0,0
04/2019;MOV;2019,0;4,0;III;10 a 14;15,0;0,0;0,0;0,0
04/2019;MOV;2019,0;4,0;IV;15 a 19;25,0;0,0;0,0;0,0
04/2019;MOV;2019,0;4,0;V;20 a 24;40,0;0,0;0,0;0,0
04/2019;MOV;2019,0;4,0;VI;25 a 29;55,0;0,0;0,0;0,0
04/2019;MOV;2019,0;4,0;VII;30 a 34;75,0;0,0;0,0;0,0
04/2019;MOV;2019,0;4,0;VIII;> 34;85,0;0,0;0,0;0,0
05/2019;HAC;2019,0;5,0;I;0 a 4;4,0;1,0;0,04;0,0
05/2019;HAC;2019,0;5,0;II;5 a 9;8,0;5,0;0,4;0,0
05/2019;HAC;2019,0;5,0;III;10 a 14;15,0;16,0;2,4;1,0
05/2019;HAC;2019,0;5,0;IV;15 a 19;25,0;4,0;1,0;2,0
05/2019;HAC;2019,0;5,0;V;20 a 24;40,0;4,0;1,6;4,0
05/2019;HAC;2019,0;5,0;VI;25 a 29;55,0;2,0;1,1;2,0
05/2019;HAC;2019,0;5,0;VII;30 a 34;75,0;0,0;0,0;0,0
05/2019;HAC;2019,0;5,0;VIII;> 34;85,0;1,0;0,85;0,0
05/2019;HEM;2019,0;5,0;I;0 a 4;4,0;0,0;0,0;0,0
05/2019;HEM;2019,0;5,0;II;5 a 9;8,0;3,0;0,24;0,0
05/2019;HEM;2019,0;5,0;III;10 a 14;15,0;11,0;1,65;1,0
05/2019;HEM;2019,0;5,0;IV;15 a 19;25,0;7,0;1,75;0,0
05/2019;HEM;2019,0;5,0;V;20 a 24;40,0;8,0;3,2;1,0
05/2019;HEM;2019,0;5,0;VI;25 a 29;55,0;5,0;2,75;2,0
05/2019;HEM;2019,0;5,0;VII;30 a 34;75,0;2,0;1,5;1,0
05/2019;HEM;2019,0;5,0;VIII;> 34;85,0;2,0;1,7;2,0
05/2019;HJK;2019,0;5,0;I;0 a 4;4,0;112,0;4,5;8,0
05/2019;HJK;2019,0;5,0;II;5 a 9;8,0;223,0;17,86;23,0
05/2019;HJK;2019,0;5,0;III;10 a 14;15,0;279,0;42,0;16,0
05/2019;HJK;2019,0;5,0;IV;15 a 19;25,0;266,0;66,6;33,0
05/2019;HJK;2019,0;5,0;V;20 a 24;40,0;165,0;66,0;34,0
05/2019;HJK;2019,0;5,0;VI;25 a 29;55,0;86,0;47,4;28,0
05/2019;HJK;2019,0;5,0;VII;30 a 34;75,0;43,0;32,35;20,0
05/2019;HJK;2019,0;5,0;VIII;> 34;85,0;20,0;17,1;15,0
05/2019;HJXXIII;2019,0;5,0;I;0 a 4;4,0;9,0;0,36;2,0
05/2019;HJXXIII;2019,0;5,0;II;5 a 9;8,0;9,0;0,72;0,0
05/2019;HJXXIII;2019,0;5,0;III;10 a 14;15,0;36,0;5,4;3,0
05/2019;HJXXIII;2019,0;5,0;IV;15 a 19;25,0;31,0;7,75;8,0
05/2019;HJXXIII;2019,0;5,0;V;20 a 24;40,0;22,0;8,8;9,0
05/2019;HJXXIII;2019,0;5,0;VI;25 a 29;55,0;11,0;6,05;8,0
05/2019;HJXXIII;2019,0;5,0;VII;30 a 34;75,0;3,0;2,25;2,0
05/2019;HJXXIII;2019,0;5,0;VIII;> 34;85,0;1,0;0,85;1,0
05/2019;HRAD;2019,0;5,0;I;0 a 4;4,0;1,0;0,04;0,0
05/2019;HRAD;2019,0;5,0;II;5 a 9;8,0;11,0;0,8800000000000001;0,0
05/2019;HRAD;2019,0;5,0;III;10 a 14;15,0;20,0;3,0;1,0
05/2019;HRAD;2019,0;5,0;IV;15 a 19;25,0;11,0;2,75;2,0
05/2019;HRAD;2019,0;5,0;V;20 a 24;40,0;8,0;3,2;2,0
05/2019;HRAD;2019,0;5,0;VI;25 a 29;55,0;4,0;2,2;2,0
05/2019;HRAD;2019,0;5,0;VII;30 a 34;75,0;2,0;1,5;0,0
05/2019;HRAD;2019,0;5,0;VIII;> 34;85,0;1,0;0,85;0,0
05/2019;HRBJA;2019,0;5,0;I;0 a 4;4,0;0,0;0,0;0,0
05/2019;HRBJA;2019,0;5,0;II;5 a 9;8,0;0,0;0,0;0,0
05/2019;HRBJA;2019,0;5,0;III;10 a 14;15,0;0,0;0,0;0,0
05/2019;HRBJA;2019,0;5,0;IV;15 a 19;25,0;0,0;0,0;0,0
05/2019;HRBJA;2019,0;5,0;V;20 a 24;40,0;0,0;0,0;0,0
05/2019;HRBJA;2019,0;5,0;VI;25 a 29;55,0;0,0;0,0;0,0
05/2019;HRBJA;2019,0;5,0;VII;30 a 34;75,0;0,0;0,0;0,0
05/2019;HRBJA;2019,0;5,0;VIII;> 34;85,0;0,0;0,0;0,0
05/2019;HRJP;2019,0;5,0;I;0 a 4;4,0;0,0;0,0;0,0
05/2019;HRJP;2019,0;5,0;II;5 a 9;8,0;6,0;0,48;0,0
05/2019;HRJP;2019,0;5,0;III;10 a 14;15,0;10,0;1,5;0,0
05/2019;HRJP;2019,0;5,0;IV;15 a 19;25,0;11,0;2,75;1,0
05/2019;HRJP;2019,0;5,0;V;20 a 24;40,0;1,0;0,4;1,0
05/2019;HRJP;2019,0;5,0;VI;25 a 29;55,0;0,0;0,0;0,0
05/2019;HRJP;2019,0;5,0;VII;30 a 34;75,0;0,0;0,0;0,0
05/2019;HRJP;2019,0;5,0;VIII;> 34;85,0;0,0;0,0;0,0
05/2019;MOV;2019,0;5,0;I;0 a 4;4,0;0,0;0,0;0,0
05/2019;MOV;2019,0;5,0;II;5 a 9;8,0;0,0;0,0;0,0
05/2019;MOV;2019,0;5,0;III;10 a 14;15,0;0,0;0,0;0,0
05/2019;MOV;2019,0;5,0;IV;15 a 19;25,0;0,0;0,0;0,0
05/2019;MOV;2019,0;5,0;V;20 a 24;40,0;0,0;0,0;0,0
05/2019;MOV;2019,0;5,0;VI;25 a 29;55,0;0,0;0,0;0,0
05/2019;MOV;2019,0;5,0;VII;30 a 34;75,0;0,0;0,0;0,0
05/2019;MOV;2019,0;5,0;VIII;> 34;85,0;0,0;0,0;0,0
06/2019;HAC;2019,0;6,0;I;0 a 4;4,0;2,0;0,08;0,0
06/2019;HAC;2019,0;6,0;II;5 a 9;8,0;6,0;0,48;0,0
06/2019;HAC;2019,0;6,0;III;10 a 14;15,0;8,0;1,2;1,0
06/2019;HAC;2019,0;6,0;IV;15 a 19;25,0;5,0;1,25;1,0
06/2019;HAC;2019,0;6,0;V;20 a 24;40,0;1,0;0,4;1,0
06/2019;HAC;2019,0;6,0;VI;25 a 29;55,0;1,0;0,55;1,0
06/2019;HAC;2019,0;6,0;VII;30 a 34;75,0;0,0;0,0;0,0
06/2019;HAC;2019,0;6,0;VIII;> 34;85,0;0,0;0,0;0,0
06/2019;HEM;2019,0;6,0;I;0 a 4;4,0;1,0;0,04;0,0
06/2019;HEM;2019,0;6,0;II;5 a 9;8,0;7,0;0,56;0,0
06/2019;HEM;2019,0;6,0;III;10 a 14;15,0;11,0;1,65;1,0
06/2019;HEM;2019,0;6,0;IV;15 a 19;25,0;5,0;1,25;2,0
06/2019;HEM;2019,0;6,0;V;20 a 24;40,0;3,0;1,2;1,0
06/2019;HEM;2019,0;6,0;VI;25 a 29;55,0;3,0;1,65;1,0
06/2019;HEM;2019,0;6,0;VII;30 a 34;75,0;4,0;3,0;3,0
06/2019;HEM;2019,0;6,0;VIII;> 34;85,0;3,0;2,55;3,0
06/2019;HJK;2019,0;6,0;I;0 a 4;4,0;112,0;4,5;8,0
06/2019;HJK;2019,0;6,0;II;5 a 9;8,0;225,0;18,02;23,0
06/2019;HJK;2019,0;6,0;III;10 a 14;15,0;277,0;41,7;15,0
06/2019;HJK;2019,0;6,0;IV;15 a 19;25,0;267,0;66,85;34,0
06/2019;HJK;2019,0;6,0;V;20 a 24;40,0;168,0;67,2;36,0
06/2019;HJK;2019,0;6,0;VI;25 a 29;55,0;80,0;44,099999999999994;25,0
06/2019;HJK;2019,0;6,0;VII;30 a 34;75,0;47,0;35,35;23,0
06/2019;HJK;2019,0;6,0;VIII;> 34;85,0;22,0;18,8;17,0
06/2019;HJXXIII;2019,0;6,0;I;0 a 4;4,0;7,0;0,28;0,0
06/2019;HJXXIII;2019,0;6,0;II;5 a 9;8,0;10,0;0,8;0,0
06/2019;HJXXIII;2019,0;6,0;III;10 a 14;15,0;23,0;3,45;0,0
06/2019;HJXXIII;2019,0;6,0;IV;15 a 19;25,0;34,0;8,5;1,0
06/2019;HJXXIII;2019,0;6,0;V;20 a 24;40,0;12,0;4,8;2,0
06/2019;HJXXIII;2019,0;6,0;VI;25 a 29;55,0;11,0;6,05;5,0
06/2019;HJXXIII;2019,0;6,0;VII;30 a 34;75,0;3,0;2,25;3,0
06/2019;HJXXIII;2019,0;6,0;VIII;> 34;85,0;0,0;0,0;0,0
06/2019;HRAD;2019,0;6,0;I;0 a 4;4,0;0,0;0,0;0,0
06/2019;HRAD;2019,0;6,0;II;5 a 9;8,0;7,0;0,5599999999999999;0,0
06/2019;HRAD;2019,0;6,0;III;10 a 14;15,0;16,0;2,4000000000000004;2,0
06/2019;HRAD;2019,0;6,0;IV;15 a 19;25,0;12,0;3,0;2,0
06/2019;HRAD;2019,0;6,0;V;20 a 24;40,0;5,0;2,0;2,0
06/2019;HRAD;2019,0;6,0;VI;25 a 29;55,0;8,0;4,4;3,0
06/2019;HRAD;2019,0;6,0;VII;30 a 34;75,0;5,0;3,75;2,0
06/2019;HRAD;2019,0;6,0;VIII;> 34;85,0;29,0;24,650000000000002;1,0
06/2019;HRBJA;2019,0;6,0;I;0 a 4;4,0;0,0;0,0;0,0
06/2019;HRBJA;2019,0;6,0;II;5 a 9;8,0;0,0;0,0;0,0
06/2019;HRBJA;2019,0;6,0;III;10 a 14;15,0;0,0;0,0;0,0
06/2019;HRBJA;2019,0;6,0;IV;15 a 19;25,0;0,0;0,0;0,0
06/2019;HRBJA;2019,0;6,0;V;20 a 24;40,0;0,0;0,0;0,0
06/2019;HRBJA;2019,0;6,0;VI;25 a 29;55,0;0,0;0,0;0,0
06/2019;HRBJA;2019,0;6,0;VII;30 a 34;75,0;0,0;0,0;0,0
06/2019;HRBJA;2019,0;6,0;VIII;> 34;85,0;0,0;0,0;0,0
06/2019;HRJP;2019,0;6,0;I;0 a 4;4,0;0,0;0,0;0,0
06/2019;HRJP;2019,0;6,0;II;5 a 9;8,0;6,0;0,48;0,0
06/2019;HRJP;2019,0;6,0;III;10 a 14;15,0;15,0;2,25;2,0
06/2019;HRJP;2019,0;6,0;IV;15 a 19;25,0;11,0;2,75;3,0
06/2019;HRJP;2019,0;6,0;V;20 a 24;40,0;0,0;0,0;0,0
06/2019;HRJP;2019,0;6,0;VI;25 a 29;55,0;0,0;0,0;0,0
06/2019;HRJP;2019,0;6,0;VII;30 a 34;75,0;0,0;0,0;0,0
06/2019;HRJP;2019,0;6,0;VIII;> 34;85,0;0,0;0,0;0,0
06/2019;MOV;2019,0;6,0;I;0 a 4;4,0;0,0;0,0;0,0
06/2019;MOV;2019,0;6,0;II;5 a 9;8,0;0,0;0,0;0,0
06/2019;MOV;2019,0;6,0;III;10 a 14;15,0;0,0;0,0;0,0
06/2019;MOV;2019,0;6,0;IV;15 a 19;25,0;0,0;0,0;0,0
06/2019;MOV;2019,0;6,0;V;20 a 24;40,0;0,0;0,0;0,0
06/2019;MOV;2019,0;6,0;VI;25 a 29;55,0;0,0;0,0;0,0
06/2019;MOV;2019,0;6,0;VII;30 a 34;75,0;0,0;0,0;0,0
06/2019;MOV;2019,0;6,0;VIII;> 34;85,0;0,0;0,0;0,0
07/2019;HAC;2019,0;7,0;I;0 a 4;4,0;3,0;0,12;0,0
07/2019;HAC;2019,0;7,0;II;5 a 9;8,0;7,0;0,56;0,0
07/2019;HAC;2019,0;7,0;III;10 a 14;15,0;8,0;1,2;2,0
07/2019;HAC;2019,0;7,0;IV;15 a 19;25,0;9,0;2,25;1,0
07/2019;HAC;2019,0;7,0;V;20 a 24;40,0;4,0;1,6;1,0
07/2019;HAC;2019,0;7,0;VI;25 a 29;55,0;1,0;0,55;0,0
07/2019;HAC;2019,0;7,0;VII;30 a 34;75,0;1,0;0,75;0,0
07/2019;HAC;2019,0;7,0;VIII;> 34;85,0;0,0;0,0;0,0
07/2019;HEM;2019,0;7,0;I;0 a 4;4,0;0,0;0,0;0,0
07/2019;HEM;2019,0;7,0;II;5 a 9;8,0;2,0;0,16;0,0
07/2019;HEM;2019,0;7,0;III;10 a 14;15,0;3,0;0,45;0,0
07/2019;HEM;2019,0;7,0;IV;15 a 19;25,0;5,0;1,25;0,0
07/2019;HEM;2019,0;7,0;V;20 a 24;40,0;6,0;2,4;3,0
07/2019;HEM;2019,0;7,0;VI;25 a 29;55,0;4,0;2,2;3,0
07/2019;HEM;2019,0;7,0;VII;30 a 34;75,0;3,0;2,25;0,0
07/2019;HEM;2019,0;7,0;VIII;> 34;85,0;3,0;2,55;1,0
07/2019;HJK;2019,0;7,0;I;0 a 4;4,0;112,0;4,5;8,0
07/2019;HJK;2019,0;7,0;II;5 a 9;8,0;226,0;18,1;24,0
07/2019;HJK;2019,0;7,0;III;10 a 14;15,0;286,0;43,05;17,0
07/2019;HJK;2019,0;7,0;IV;15 a 19;25,0;273,0;68,35;33,0
07/2019;HJK;2019,0;7,0;V;20 a 24;40,0;168,0;67,2;34,0
07/2019;HJK;2019,0;7,0;VI;25 a 29;55,0;85,0;46,849999999999994;27,0
07/2019;HJK;2019,0;7,0;VII;30 a 34;75,0;43,0;32,35;19,0
07/2019;HJK;2019,0;7,0;VIII;> 34;85,0;23,0;19,65;17,0
07/2019;HJXXIII;2019,0;7,0;I;0 a 4;4,0;6,0;0,24;0,0
07/2019;HJXXIII;2019,0;7,0;II;5 a 9;8,0;20,0;1,6;3,0
07/2019;HJXXIII;2019,0;7,0;III;10 a 14;15,0;28,0;4,2;1,0
07/2019;HJXXIII;2019,0;7,0;IV;15 a 19;25,0;52,0;13,0;8,0
07/2019;HJXXIII;2019,0;7,0;V;20 a 24;40,0;18,0;7,2;4,0
07/2019;HJXXIII;2019,0;7,0;VI;25 a 29;55,0;15,0;8,25;5,0
07/2019;HJXXIII;2019,0;7,0;VII;30 a 34;75,0;4,0;3,0;4,0
07/2019;HJXXIII;2019,0;7,0;VIII;> 34;85,0;2,0;1,7;0,0
07/2019;HRAD;2019,0;7,0;I;0 a 4;4,0;3,0;0,12;0,0
07/2019;HRAD;2019,0;7,0;II;5 a 9;8,0;16,0;1,28;1,0
07/2019;HRAD;2019,0;7,0;III;10 a 14;15,0;16,0;2,4;0,0
07/2019;HRAD;2019,0;7,0;IV;15 a 19;25,0;15,0;3,75;1,0
07/2019;HRAD;2019,0;7,0;V;20 a 24;40,0;4,0;1,6;2,0
07/2019;HRAD;2019,0;7,0;VI;25 a 29;55,0;4,0;2,2;3,0
07/2019;HRAD;2019,0;7,0;VII;30 a 34;75,0;3,0;2,25;1,0
07/2019;HRAD;2019,0;7,0;VIII;> 34;85,0;2,0;1,7;2,0
07/2019;HRBJA;2019,0;7,0;I;0 a 4;4,0;0,0;0,0;0,0
07/2019;HRBJA;2019,0;7,0;II;5 a 9;8,0;0,0;0,0;0,0
07/2019;HRBJA;2019,0;7,0;III;10 a 14;15,0;0,0;0,0;0,0
07/2019;HRBJA;2019,0;7,0;IV;15 a 19;25,0;0,0;0,0;0,0
07/2019;HRBJA;2019,0;7,0;V;20 a 24;40,0;0,0;0,0;0,0
07/2019;HRBJA;2019,0;7,0;VI;25 a 29;55,0;0,0;0,0;0,0
07/2019;HRBJA;2019,0;7,0;VII;30 a 34;75,0;0,0;0,0;0,0
07/2019;HRBJA;2019,0;7,0;VIII;> 34;85,0;0,0;0,0;0,0
07/2019;HRJP;2019,0;7,0;I;0 a 4;4,0;1,0;0,04;0,0
07/2019;HRJP;2019,0;7,0;II;5 a 9;8,0;6,0;0,48;0,0
07/2019;HRJP;2019,0;7,0;III;10 a 14;15,0;10,0;1,5;2,0
07/2019;HRJP;2019,0;7,0;IV;15 a 19;25,0;17,0;4,25;2,0
07/2019;HRJP;2019,0;7,0;V;20 a 24;40,0;1,0;0,4;0,0
07/2019;HRJP;2019,0;7,0;VI;25 a 29;55,0;0,0;0,0;0,0
07/2019;HRJP;2019,0;7,0;VII;30 a 34;75,0;0,0;0,0;0,0
07/2019;HRJP;2019,0;7,0;VIII;> 34;85,0;0,0;0,0;0,0
07/2019;MOV;2019,0;7,0;I;0 a 4;4,0;0,0;0,0;0,0
07/2019;MOV;2019,0;7,0;II;5 a 9;8,0;0,0;0,0;0,0
07/2019;MOV;2019,0;7,0;III;10 a 14;15,0;0,0;0,0;0,0
07/2019;MOV;2019,0;7,0;IV;15 a 19;25,0;0,0;0,0;0,0
07/2019;MOV;2019,0;7,0;V;20 a 24;40,0;0,0;0,0;0,0
07/2019;MOV;2019,0;7,0;VI;25 a 29;55,0;0,0;0,0;0,0
07/2019;MOV;2019,0;7,0;VII;30 a 34;75,0;0,0;0,0;0,0
07/2019;MOV;2019,0;7,0;VIII;> 34;85,0;0,0;0,0;0,0
08/2019;HAC;2019,0;8,0;I;0 a 4;4,0;0,0;0,0;0,0
08/2019;HAC;2019,0;8,0;II;5 a 9;8,0;6,0;0,48;0,0
08/2019;HAC;2019,0;8,0;III;10 a 14;15,0;9,0;1,35;1,0
08/2019;HAC;2019,0;8,0;IV;15 a 19;25,0;3,0;0,75;0,0
08/2019;HAC;2019,0;8,0;V;20 a 24;40,0;2,0;0,8;1,0
08/2019;HAC;2019,0;8,0;VI;25 a 29;55,0;6,0;3,3;4,0
08/2019;HAC;2019,0;8,0;VII;30 a 34;75,0;2,0;1,5;1,0
08/2019;HAC;2019,0;8,0;VIII;> 34;85,0;1,0;0,85;0,0
08/2019;HEM;2019,0;8,0;I;0 a 4;4,0;0,0;0,0;0,0
08/2019;HEM;2019,0;8,0;II;5 a 9;8,0;0,0;0,0;0,0
08/2019;HEM;2019,0;8,0;III;10 a 14;15,0;2,0;0,3;0,0
08/2019;HEM;2019,0;8,0;IV;15 a 19;25,0;5,0;1,25;1,0
08/2019;HEM;2019,0;8,0;V;20 a 24;40,0;4,0;1,6;0,0
08/2019;HEM;2019,0;8,0;VI;25 a 29;55,0;7,0;3,85;0,0
08/2019;HEM;2019,0;8,0;VII;30 a 34;75,0;1,0;0,75;1,0
08/2019;HEM;2019,0;8,0;VIII;> 34;85,0;5,0;4,25;3,0
08/2019;HJK;2019,0;8,0;I;0 a 4;4,0;112,0;4,5;8,0
08/2019;HJK;2019,0;8,0;II;5 a 9;8,0;225,0;18,02;23,0
08/2019;HJK;2019,0;8,0;III;10 a 14;15,0;273,0;41,1;16,0
08/2019;HJK;2019,0;8,0;IV;15 a 19;25,0;278,0;69,6;33,0
08/2019;HJK;2019,0;8,0;V;20 a 24;40,0;168,0;67,2;35,0
08/2019;HJK;2019,0;8,0;VI;25 a 29;55,0;82,0;45,2;24,0
08/2019;HJK;2019,0;8,0;VII;30 a 34;75,0;44,0;33,1;21,0
08/2019;HJK;2019,0;8,0;VIII;> 34;85,0;22,0;18,8;15,0
08/2019;HJXXIII;2019,0;8,0;I;0 a 4;4,0;4,0;0,16;0,0
08/2019;HJXXIII;2019,0;8,0;II;5 a 9;8,0;20,0;1,6;0,0
08/2019;HJXXIII;2019,0;8,0;III;10 a 14;15,0;31,0;4,65;2,0
08/2019;HJXXIII;2019,0;8,0;IV;15 a 19;25,0;36,0;9,0;4,0
08/2019;HJXXIII;2019,0;8,0;V;20 a 24;40,0;22,0;8,8;9,0
08/2019;HJXXIII;2019,0;8,0;VI;25 a 29;55,0;10,0;5,5;3,0
08/2019;HJXXIII;2019,0;8,0;VII;30 a 34;75,0;2,0;1,5;2,0
08/2019;HJXXIII;2019,0;8,0;VIII;> 34;85,0;2,0;1,7;2,0
08/2019;HRAD;2019,0;8,0;I;0 a 4;4,0;0,0;0,0;0,0
08/2019;HRAD;2019,0;8,0;II;5 a 9;8,0;10,0;0,7999999999999999;0,0
08/2019;HRAD;2019,0;8,0;III;10 a 14;15,0;14,0;2,1;0,0
08/2019;HRAD;2019,0;8,0;IV;15 a 19;25,0;22,0;5,5;0,0
08/2019;HRAD;2019,0;8,0;V;20 a 24;40,0;14,0;5,6;2,0
08/2019;HRAD;2019,0;8,0;VI;25 a 29;55,0;9,0;4,95;4,0
08/2019;HRAD;2019,0;8,0;VII;30 a 34;75,0;0,0;0,0;0,0
08/2019;HRAD;2019,0;8,0;VIII;> 34;85,0;0,0;0,0;0,0
08/2019;HRBJA;2019,0;8,0;I;0 a 4;4,0;0,0;0,0;0,0
08/2019;HRBJA;2019,0;8,0;II;5 a 9;8,0;0,0;0,0;0,0
08/2019;HRBJA;2019,0;8,0;III;10 a 14;15,0;0,0;0,0;0,0
08/2019;HRBJA;2019,0;8,0;IV;15 a 19;25,0;0,0;0,0;0,0
08/2019;HRBJA;2019,0;8,0;V;20 a 24;40,0;0,0;0,0;0,0
08/2019;HRBJA;2019,0;8,0;VI;25 a 29;55,0;0,0;0,0;0,0
08/2019;HRBJA;2019,0;8,0;VII;30 a 34;75,0;0,0;0,0;0,0
08/2019;HRBJA;2019,0;8,0;VIII;> 34;85,0;0,0;0,0;0,0
08/2019;HRJP;2019,0;8,0;I;0 a 4;4,0;1,0;0,04;0,0
08/2019;HRJP;2019,0;8,0;II;5 a 9;8,0;12,0;0,96;1,0
08/2019;HRJP;2019,0;8,0;III;10 a 14;15,0;9,0;1,35;2,0
08/2019;HRJP;2019,0;8,0;IV;15 a 19;25,0;14,0;3,5;2,0
08/2019;HRJP;2019,0;8,0;V;20 a 24;40,0;4,0;1,6;1,0
08/2019;HRJP;2019,0;8,0;VI;25 a 29;55,0;0,0;0,0;0,0
08/2019;HRJP;2019,0;8,0;VII;30 a 34;75,0;0,0;0,0;0,0
08/2019;HRJP;2019,0;8,0;VIII;> 34;85,0;0,0;0,0;0,0
08/2019;MOV;2019,0;8,0;I;0 a 4;4,0;0,0;0,0;0,0
08/2019;MOV;2019,0;8,0;II;5 a 9;8,0;0,0;0,0;0,0
08/2019;MOV;2019,0;8,0;III;10 a 14;15,0;0,0;0,0;0,0
08/2019;MOV;2019,0;8,0;IV;15 a 19;25,0;0,0;0,0;0,0
08/2019;MOV;2019,0;8,0;V;20 a 24;40,0;0,0;0,0;0,0
08/2019;MOV;2019,0;8,0;VI;25 a 29;55,0;0,0;0,0;0,0
08/2019;MOV;2019,0;8,0;VII;30 a 34;75,0;0,0;0,0;0,0
08/2019;MOV;2019,0;8,0;VIII;> 34;85,0;0,0;0,0;0,0
09/2019;HAC;2019,0;9,0;I;0 a 4;4,0;2,0;0,08;0,0
09/2019;HAC;2019,0;9,0;II;5 a 9;8,0;9,0;0,72;0,0
09/2019;HAC;2019,0;9,0;III;10 a 14;15,0;9,0;1,35;1,0
09/2019;HAC;2019,0;9,0;IV;15 a 19;25,0;7,0;1,75;1,0
09/2019;HAC;2019,0;9,0;V;20 a 24;40,0;4,0;1,6;0,0
09/2019;HAC;2019,0;9,0;VI;25 a 29;55,0;2,0;1,1;2,0
09/2019;HAC;2019,0;9,0;VII;30 a 34;75,0;0,0;0,0;0,0
09/2019;HAC;2019,0;9,0;VIII;> 34;85,0;3,0;2,55;2,0
09/2019;HEM;2019,0;9,0;I;0 a 4;4,0;0,0;0,0;0,0
09/2019;HEM;2019,0;9,0;II;5 a 9;8,0;2,0;0,16;0,0
09/2019;HEM;2019,0;9,0;III;10 a 14;15,0;6,0;0,9;1,0
09/2019;HEM;2019,0;9,0;IV;15 a 19;25,0;6,0;1,5;0,0
09/2019;HEM;2019,0;9,0;V;20 a 24;40,0;2,0;0,8;1,0
09/2019;HEM;2019,0;9,0;VI;25 a 29;55,0;10,0;5,5;5,0
09/2019;HEM;2019,0;9,0;VII;30 a 34;75,0;4,0;3,0;0,0
09/2019;HEM;2019,0;9,0;VIII;> 34;85,0;4,0;3,4;3,0
09/2019;HJK;2019,0;9,0;I;0 a 4;4,0;112,0;4,5;8,0
09/2019;HJK;2019,0;9,0;II;5 a 9;8,0;225,0;18,02;23,0
09/2019;HJK;2019,0;9,0;III;10 a 14;15,0;277,0;41,7;15,0
09/2019;HJK;2019,0;9,0;IV;15 a 19;25,0;262,0;65,6;32,0
09/2019;HJK;2019,0;9,0;V;20 a 24;40,0;166,0;66,4;35,0
09/2019;HJK;2019,0;9,0;VI;25 a 29;55,0;86,0;47,4;26,0
09/2019;HJK;2019,0;9,0;VII;30 a 34;75,0;45,0;33,85;21,0
09/2019;HJK;2019,0;9,0;VIII;> 34;85,0;20,0;17,1;16,0
09/2019;HJXXIII;2019,0;9,0;I;0 a 4;4,0;13,0;0,52;0,0
09/2019;HJXXIII;2019,0;9,0;II;5 a 9;8,0;31,0;2,48;2,0
09/2019;HJXXIII;2019,0;9,0;III;10 a 14;15,0;35,0;5,25;4,0
09/2019;HJXXIII;2019,0;9,0;IV;15 a 19;25,0;24,0;6,0;5,0
09/2019;HJXXIII;2019,0;9,0;V;20 a 24;40,0;15,0;6,0;6,0
09/2019;HJXXIII;2019,0;9,0;VI;25 a 29;55,0;3,0;1,65;1,0
09/2019;HJXXIII;2019,0;9,0;VII;30 a 34;75,0;0,0;0,0;0,0
09/2019;HJXXIII;2019,0;9,0;VIII;> 34;85,0;0,0;0,0;0,0
09/2019;HRAD;2019,0;9,0;I;0 a 4;4,0;3,0;0,12;0,0
09/2019;HRAD;2019,0;9,0;II;5 a 9;8,0;11,0;0,88;0,0
09/2019;HRAD;2019,0;9,0;III;10 a 14;15,0;22,0;3,3;1,0
09/2019;HRAD;2019,0;9,0;IV;15 a 19;25,0;17,0;4,25;2,0
09/2019;HRAD;2019,0;9,0;V;20 a 24;40,0;8,0;3,2;3,0
09/2019;HRAD;2019,0;9,0;VI;25 a 29;55,0;9,0;4,95;4,0
09/2019;HRAD;2019,0;9,0;VII;30 a 34;75,0;2,0;1,5;0,0
09/2019;HRAD;2019,0;9,0;VIII;> 34;85,0;1,0;0,85;1,0
09/2019;HRBJA;2019,0;9,0;I;0 a 4;4,0;0,0;0,0;0,0
09/2019;HRBJA;2019,0;9,0;II;5 a 9;8,0;0,0;0,0;0,0
09/2019;HRBJA;2019,0;9,0;III;10 a 14;15,0;0,0;0,0;0,0
09/2019;HRBJA;2019,0;9,0;IV;15 a 19;25,0;0,0;0,0;0,0
09/2019;HRBJA;2019,0;9,0;V;20 a 24;40,0;0,0;0,0;0,0
09/2019;HRBJA;2019,0;9,0;VI;25 a 29;55,0;0,0;0,0;0,0
09/2019;HRBJA;2019,0;9,0;VII;30 a 34;75,0;0,0;0,0;0,0
09/2019;HRBJA;2019,0;9,0;VIII;> 34;85,0;0,0;0,0;0,0
09/2019;HRJP;2019,0;9,0;I;0 a 4;4,0;1,0;0,04;1,0
09/2019;HRJP;2019,0;9,0;II;5 a 9;8,0;4,0;0,32;0,0
09/2019;HRJP;2019,0;9,0;III;10 a 14;15,0;13,0;1,95;2,0
09/2019;HRJP;2019,0;9,0;IV;15 a 19;25,0;10,0;2,5;4,0
09/2019;HRJP;2019,0;9,0;V;20 a 24;40,0;3,0;1,2;1,0
09/2019;HRJP;2019,0;9,0;VI;25 a 29;55,0;3,0;1,65;0,0
09/2019;HRJP;2019,0;9,0;VII;30 a 34;75,0;1,0;0,75;1,0
09/2019;HRJP;2019,0;9,0;VIII;> 34;85,0;1,0;0,85;0,0
09/2019;MOV;2019,0;9,0;I;0 a 4;4,0;0,0;0,0;0,0
09/2019;MOV;2019,0;9,0;II;5 a 9;8,0;0,0;0,0;0,0
09/2019;MOV;2019,0;9,0;III;10 a 14;15,0;0,0;0,0;0,0
09/2019;MOV;2019,0;9,0;IV;15 a 19;25,0;0,0;0,0;0,0
09/2019;MOV;2019,0;9,0;V;20 a 24;40,0;0,0;0,0;0,0
09/2019;MOV;2019,0;9,0;VI;25 a 29;55,0;0,0;0,0;0,0
09/2019;MOV;2019,0;9,0;VII;30 a 34;75,0;0,0;0,0;0,0
09/2019;MOV;2019,0;9,0;VIII;> 34;85,0;0,0;0,0;0,0
10/2019;HAC;2019,0;10,0;I;0 a 4;4,0;1,0;0,04;0,0
10/2019;HAC;2019,0;10,0;II;5 a 9;8,0;14,0;1,12;0,0
10/2019;HAC;2019,0;10,0;III;10 a 14;15,0;15,0;2,25;1,0
10/2019;HAC;2019,0;10,0;IV;15 a 19;25,0;12,0;3,0;3,0
10/2019;HAC;2019,0;10,0;V;20 a 24;40,0;2,0;0,8;1,0
10/2019;HAC;2019,0;10,0;VI;25 a 29;55,0;0,0;0,0;0,0
10/2019;HAC;2019,0;10,0;VII;30 a 34;75,0;0,0;0,0;0,0
10/2019;HAC;2019,0;10,0;VIII;> 34;85,0;0,0;0,0;0,0
10/2019;HEM;2019,0;10,0;I;0 a 4;4,0;0,0;0,0;0,0
10/2019;HEM;2019,0;10,0;II;5 a 9;8,0;4,0;0,32;0,0
10/2019;HEM;2019,0;10,0;III;10 a 14;15,0;5,0;0,75;0,0
10/2019;HEM;2019,0;10,0;IV;15 a 19;25,0;7,0;1,75;2,0
10/2019;HEM;2019,0;10,0;V;20 a 24;40,0;10,0;4,0;0,0
10/2019;HEM;2019,0;10,0;VI;25 a 29;55,0;5,0;2,75;2,0
10/2019;HEM;2019,0;10,0;VII;30 a 34;75,0;1,0;0,75;0,0
10/2019;HEM;2019,0;10,0;VIII;> 34;85,0;2,0;1,7;1,0
10/2019;HJK;2019,0;10,0;I;0 a 4;4,0;112,0;4,5;8,0
10/2019;HJK;2019,0;10,0;II;5 a 9;8,0;224,0;17,939999999999998;23,0
10/2019;HJK;2019,0;10,0;III;10 a 14;15,0;287,0;43,2;16,0
10/2019;HJK;2019,0;10,0;IV;15 a 19;25,0;276,0;69,1;33,0
10/2019;HJK;2019,0;10,0;V;20 a 24;40,0;169,0;67,6;34,0
10/2019;HJK;2019,0;10,0;VI;25 a 29;55,0;81,0;44,65;28,0
10/2019;HJK;2019,0;10,0;VII;30 a 34;75,0;44,0;33,1;21,0
10/2019;HJK;2019,0;10,0;VIII;> 34;85,0;26,0;22,2;20,0
10/2019;HJXXIII;2019,0;10,0;I;0 a 4;4,0;11,0;0,44;1,0
10/2019;HJXXIII;2019,0;10,0;II;5 a 9;8,0;19,0;1,52;2,0
10/2019;HJXXIII;2019,0;10,0;III;10 a 14;15,0;31,0;4,65;3,0
10/2019;HJXXIII;2019,0;10,0;IV;15 a 19;25,0;11,0;2,75;1,0
10/2019;HJXXIII;2019,0;10,0;V;20 a 24;40,0;19,0;7,6;10,0
10/2019;HJXXIII;2019,0;10,0;VI;25 a 29;55,0;8,0;4,4;4,0
10/2019;HJXXIII;2019,0;10,0;VII;30 a 34;75,0;2,0;1,5;0,0
10/2019;HJXXIII;2019,0;10,0;VIII;> 34;85,0;0,0;0,0;0,0
10/2019;HRAD;2019,0;10,0;I;0 a 4;4,0;0,0;0,0;0,0
10/2019;HRAD;2019,0;10,0;II;5 a 9;8,0;2,0;0,16;0,0
10/2019;HRAD;2019,0;10,0;III;10 a 14;15,0;28,0;4,2;0,0
10/2019;HRAD;2019,0;10,0;IV;15 a 19;25,0;11,0;2,75;0,0
10/2019;HRAD;2019,0;10,0;V;20 a 24;40,0;6,0;2,4;3,0
10/2019;HRAD;2019,0;10,0;VI;25 a 29;55,0;3,0;1,6500000000000001;1,0
10/2019;HRAD;2019,0;10,0;VII;30 a 34;75,0;0,0;0,0;0,0
10/2019;HRAD;2019,0;10,0;VIII;> 34;85,0;0,0;0,0;0,0
10/2019;HRBJA;2019,0;10,0;I;0 a 4;4,0;0,0;0,0;0,0
10/2019;HRBJA;2019,0;10,0;II;5 a 9;8,0;0,0;0,0;0,0
10/2019;HRBJA;2019,0;10,0;III;10 a 14;15,0;0,0;0,0;0,0
10/2019;HRBJA;2019,0;10,0;IV;15 a 19;25,0;0,0;0,0;0,0
10/2019;HRBJA;2019,0;10,0;V;20 a 24;40,0;0,0;0,0;0,0
10/2019;HRBJA;2019,0;10,0;VI;25 a 29;55,0;0,0;0,0;0,0
10/2019;HRBJA;2019,0;10,0;VII;30 a 34;75,0;0,0;0,0;0,0
10/2019;HRBJA;2019,0;10,0;VIII;> 34;85,0;0,0;0,0;0,0
10/2019;HRJP;2019,0;10,0;I;0 a 4;4,0;3,0;0,12;0,0
10/2019;HRJP;2019,0;10,0;II;5 a 9;8,0;0,0;0,0;0,0
10/2019;HRJP;2019,0;10,0;III;10 a 14;15,0;14,0;2,1;2,0
10/2019;HRJP;2019,0;10,0;IV;15 a 19;25,0;5,0;1,25;1,0
10/2019;HRJP;2019,0;10,0;V;20 a 24;40,0;0,0;0,0;0,0
10/2019;HRJP;2019,0;10,0;VI;25 a 29;55,0;3,0;1,65;1,0
10/2019;HRJP;2019,0;10,0;VII;30 a 34;75,0;0,0;0,0;0,0
10/2019;HRJP;2019,0;10,0;VIII;> 34;85,0;1,0;0,85;0,0
10/2019;MOV;2019,0;10,0;I;0 a 4;4,0;0,0;0,0;0,0
10/2019;MOV;2019,0;10,0;II;5 a 9;8,0;0,0;0,0;0,0
10/2019;MOV;2019,0;10,0;III;10 a 14;15,0;0,0;0,0;0,0
10/2019;MOV;2019,0;10,0;IV;15 a 19;25,0;0,0;0,0;0,0
10/2019;MOV;2019,0;10,0;V;20 a 24;40,0;0,0;0,0;0,0
10/2019;MOV;2019,0;10,0;VI;25 a 29;55,0;0,0;0,0;0,0
10/2019;MOV;2019,0;10,0;VII;30 a 34;75,0;0,0;0,0;0,0
10/2019;MOV;2019,0;10,0;VIII;> 34;85,0;0,0;0,0;0,0
11/2019;HAC;2019,0;11,0;I;0 a 4;4,0;0,0;0,0;0,0
11/2019;HAC;2019,0;11,0;II;5 a 9;8,0;9,0;0,72;0,0
11/2019;HAC;2019,0;11,0;III;10 a 14;15,0;22,0;3,3;0,0
11/2019;HAC;2019,0;11,0;IV;15 a 19;25,0;6,0;1,5;0,0
11/2019;HAC;2019,0;11,0;V;20 a 24;40,0;1,0;0,4;0,0
11/2019;HAC;2019,0;11,0;VI;25 a 29;55,0;0,0;0,0;0,0
11/2019;HAC;2019,0;11,0;VII;30 a 34;75,0;1,0;0,75;1,0
11/2019;HAC;2019,0;11,0;VIII;> 34;85,0;0,0;0,0;0,0
11/2019;HEM;2019,0;11,0;I;0 a 4;4,0;0,0;0,0;0,0
11/2019;HEM;2019,0;11,0;II;5 a 9;8,0;2,0;0,16;0,0
11/2019;HEM;2019,0;11,0;III;10 a 14;15,0;1,0;0,15;0,0
11/2019;HEM;2019,0;11,0;IV;15 a 19;25,0;11,0;2,75;2,0
11/2019;HEM;2019,0;11,0;V;20 a 24;40,0;8,0;3,2;1,0
11/2019;HEM;2019,0;11,0;VI;25 a 29;55,0;6,0;3,3;3,0
11/2019;HEM;2019,0;11,0;VII;30 a 34;75,0;3,0;2,25;2,0
11/2019;HEM;2019,0;11,0;VIII;> 34;85,0;2,0;1,7;2,0
11/2019;HJK;2019,0;11,0;I;0 a 4;4,0;112,0;4,5;8,0
11/2019;HJK;2019,0;11,0;II;5 a 9;8,0;222,0;17,78;23,0
11/2019;HJK;2019,0;11,0;III;10 a 14;15,0;275,0;41,400000000000006;15,0
11/2019;HJK;2019,0;11,0;IV;15 a 19;25,0;271,0;67,85;34,0
11/2019;HJK;2019,0;11,0;V;20 a 24;40,0;163,0;65,2;33,0
11/2019;HJK;2019,0;11,0;VI;25 a 29;55,0;84,0;46,3;27,0
11/2019;HJK;2019,0;11,0;VII;30 a 34;75,0;47,0;35,35;23,0
11/2019;HJK;2019,0;11,0;VIII;> 34;85,0;21,0;17,95;17,0
11/2019;HJXXIII;2019,0;11,0;I;0 a 4;4,0;11,0;0,44;0,0
11/2019;HJXXIII;2019,0;11,0;II;5 a 9;8,0;21,0;1,68;1,0
11/2019;HJXXIII;2019,0;11,0;III;10 a 14;15,0;19,0;2,85;0,0
11/2019;HJXXIII;2019,0;11,0;IV;15 a 19;25,0;23,0;5,75;4,0
11/2019;HJXXIII;2019,0;11,0;V;20 a 24;40,0;4,0;1,6;0,0
11/2019;HJXXIII;2019,0;11,0;VI;25 a 29;55,0;4,0;2,2;1,0
11/2019;HJXXIII;2019,0;11,0;VII;30 a 34;75,0;0,0;0,0;0,0
11/2019;HJXXIII;2019,0;11,0;VIII;> 34;85,0;0,0;0,0;0,0
11/2019;HRAD;2019,0;11,0;I;0 a 4;4,0;1,0;0,04;0,0
11/2019;HRAD;2019,0;11,0;II;5 a 9;8,0;5,0;0,4;0,0
11/2019;HRAD;2019,0;11,0;III;10 a 14;15,0;24,0;3,6;1,0
11/2019;HRAD;2019,0;11,0;IV;15 a 19;25,0;21,0;5,25;2,0
11/2019;HRAD;2019,0;11,0;V;20 a 24;40,0;8,0;3,2;0,0
11/2019;HRAD;2019,0;11,0;VI;25 a 29;55,0;6,0;3,3000000000000003;2,0
11/2019;HRAD;2019,0;11,0;VII;30 a 34;75,0;4,0;3,0;1,0
11/2019;HRAD;2019,0;11,0;VIII;> 34;85,0;1,0;0,85;1,0
11/2019;HRBJA;2019,0;11,0;I;0 a 4;4,0;0,0;0,0;0,0
11/2019;HRBJA;2019,0;11,0;II;5 a 9;8,0;0,0;0,0;0,0
11/2019;HRBJA;2019,0;11,0;III;10 a 14;15,0;0,0;0,0;0,0
11/2019;HRBJA;2019,0;11,0;IV;15 a 19;25,0;0,0;0,0;0,0
11/2019;HRBJA;2019,0;11,0;V;20 a 24;40,0;0,0;0,0;0,0
11/2019;HRBJA;2019,0;11,0;VI;25 a 29;55,0;0,0;0,0;0,0
11/2019;HRBJA;2019,0;11,0;VII;30 a 34;75,0;0,0;0,0;0,0
11/2019;HRBJA;2019,0;11,0;VIII;> 34;85,0;0,0;0,0;0,0
11/2019;HRJP;2019,0;11,0;I;0 a 4;4,0;5,0;0,2;0,0
11/2019;HRJP;2019,0;11,0;II;5 a 9;8,0;4,0;0,32;0,0
11/2019;HRJP;2019,0;11,0;III;10 a 14;15,0;29,0;4,35;5,0
11/2019;HRJP;2019,0;11,0;IV;15 a 19;25,0;12,0;3,0;2,0
11/2019;HRJP;2019,0;11,0;V;20 a 24;40,0;1,0;0,4;0,0
11/2019;HRJP;2019,0;11,0;VI;25 a 29;55,0;4,0;2,2;1,0
11/2019;HRJP;2019,0;11,0;VII;30 a 34;75,0;0,0;0,0;0,0
11/2019;HRJP;2019,0;11,0;VIII;> 34;85,0;2,0;1,7;0,0
11/2019;MOV;2019,0;11,0;I;0 a 4;4,0;0,0;0,0;0,0
11/2019;MOV;2019,0;11,0;II;5 a 9;8,0;0,0;0,0;0,0
11/2019;MOV;2019,0;11,0;III;10 a 14;15,0;0,0;0,0;0,0
11/2019;MOV;2019,0;11,0;IV;15 a 19;25,0;0,0;0,0;0,0
11/2019;MOV;2019,0;11,0;V;20 a 24;40,0;0,0;0,0;0,0
11/2019;MOV;2019,0;11,0;VI;25 a 29;55,0;0,0;0,0;0,0
11/2019;MOV;2019,0;11,0;VII;30 a 34;75,0;0,0;0,0;0,0
11/2019;MOV;2019,0;11,0;VIII;> 34;85,0;0,0;0,0;0,0
12/2019;HAC;2019,0;12,0;I;0 a 4;4,0;5,0;0,2;0,0
12/2019;HAC;2019,0;12,0;II;5 a 9;8,0;12,0;0,96;1,0
12/2019;HAC;2019,0;12,0;III;10 a 14;15,0;6,0;0,9;0,0
12/2019;HAC;2019,0;12,0;IV;15 a 19;25,0;2,0;0,5;0,0
12/2019;HAC;2019,0;12,0;V;20 a 24;40,0;4,0;1,6;1,0
12/2019;HAC;2019,0;12,0;VI;25 a 29;55,0;3,0;1,65;3,0
12/2019;HAC;2019,0;12,0;VII;30 a 34;75,0;0,0;0,0;0,0
12/2019;HAC;2019,0;12,0;VIII;> 34;85,0;0,0;0,0;0,0
12/2019;HEM;2019,0;12,0;I;0 a 4;4,0;1,0;0,04;0,0
12/2019;HEM;2019,0;12,0;II;5 a 9;8,0;2,0;0,16;0,0
12/2019;HEM;2019,0;12,0;III;10 a 14;15,0;5,0;0,75;1,0
12/2019;HEM;2019,0;12,0;IV;15 a 19;25,0;11,0;2,75;2,0
12/2019;HEM;2019,0;12,0;V;20 a 24;40,0;11,0;4,4;4,0
12/2019;HEM;2019,0;12,0;VI;25 a 29;55,0;11,0;6,05;5,0
12/2019;HEM;2019,0;12,0;VII;30 a 34;75,0;0,0;0,0;0,0
12/2019;HEM;2019,0;12,0;VIII;> 34;85,0;0,0;0,0;0,0
12/2019;HJK;2019,0;12,0;I;0 a 4;4,0;112,0;4,5;8,0
12/2019;HJK;2019,0;12,0;II;5 a 9;8,0;224,0;17,939999999999998;23,0
12/2019;HJK;2019,0;12,0;III;10 a 14;15,0;276,0;41,550000000000004;15,0
12/2019;HJK;2019,0;12,0;IV;15 a 19;25,0;269,0;67,35;32,0
12/2019;HJK;2019,0;12,0;V;20 a 24;40,0;170,0;68,0;33,0
12/2019;HJK;2019,0;12,0;VI;25 a 29;55,0;81,0;44,65;26,0
12/2019;HJK;2019,0;12,0;VII;30 a 34;75,0;42,0;31,6;20,0
12/2019;HJK;2019,0;12,0;VIII;> 34;85,0;23,0;19,65;18,0
12/2019;HJXXIII;2019,0;12,0;I;0 a 4;4,0;19,0;0,76;0,0
12/2019;HJXXIII;2019,0;12,0;II;5 a 9;8,0;22,0;1,76;0,0
12/2019;HJXXIII;2019,0;12,0;III;10 a 14;15,0;30,0;4,5;1,0
12/2019;HJXXIII;2019,0;12,0;IV;15 a 19;25,0;16,0;4,0;2,0
12/2019;HJXXIII;2019,0;12,0;V;20 a 24;40,0;15,0;6,0;5,0
12/2019;HJXXIII;2019,0;12,0;VI;25 a 29;55,0;8,0;4,4;2,0
12/2019;HJXXIII;2019,0;12,0;VII;30 a 34;75,0;2,0;1,5;2,0
12/2019;HJXXIII;2019,0;12,0;VIII;> 34;85,0;0,0;0,0;0,0
12/2019;HRAD;2019,0;12,0;I;0 a 4;4,0;3,0;0,12;0,0
12/2019;HRAD;2019,0;12,0;II;5 a 9;8,0;7,0;0,5599999999999999;0,0
12/2019;HRAD;2019,0;12,0;III;10 a 14;15,0;16,0;2,4;2,0
12/2019;HRAD;2019,0;12,0;IV;15 a 19;25,0;13,0;3,25;2,0
12/2019;HRAD;2019,0;12,0;V;20 a 24;40,0;11,0;4,4;3,0
12/2019;HRAD;2019,0;12,0;VI;25 a 29;55,0;10,0;5,5;3,0
12/2019;HRAD;2019,0;12,0;VII;30 a 34;75,0;2,0;1,5;1,0
12/2019;HRAD;2019,0;12,0;VIII;> 34;85,0;0,0;0,0;0,0
12/2019;HRBJA;2019,0;12,0;I;0 a 4;4,0;0,0;0,0;0,0
12/2019;HRBJA;2019,0;12,0;II;5 a 9;8,0;0,0;0,0;0,0
12/2019;HRBJA;2019,0;12,0;III;10 a 14;15,0;0,0;0,0;0,0
12/2019;HRBJA;2019,0;12,0;IV;15 a 19;25,0;0,0;0,0;0,0
12/2019;HRBJA;2019,0;12,0;V;20 a 24;40,0;0,0;0,0;0,0
12/2019;HRBJA;2019,0;12,0;VI;25 a 29;55,0;0,0;0,0;0,0
12/2019;HRBJA;2019,0;12,0;VII;30 a 34;75,0;0,0;0,0;0,0
12/2019;HRBJA;2019,0;12,0;VIII;> 34;85,0;0,0;0,0;0,0
12/2019;HRJP;2019,0;12,0;I;0 a 4;4,0;0,0;0,0;0,0
12/2019;HRJP;2019,0;12,0;II;5 a 9;8,0;4,0;0,32;0,0
12/2019;HRJP;2019,0;12,0;III;10 a 14;15,0;14,0;2,1;4,0
12/2019;HRJP;2019,0;12,0;IV;15 a 19;25,0;10,0;2,5;2,0
12/2019;HRJP;2019,0;12,0;V;20 a 24;40,0;0,0;0,0;0,0
12/2019;HRJP;2019,0;12,0;VI;25 a 29;55,0;0,0;0,0;0,0
12/2019;HRJP;2019,0;12,0;VII;30 a 34;75,0;0,0;0,0;0,0
12/2019;HRJP;2019,0;12,0;VIII;> 34;85,0;1,0;0,85;0,0
12/2019;MOV;2019,0;12,0;I;0 a 4;4,0;0,0;0,0;0,0
12/2019;MOV;2019,0;12,0;II;5 a 9;8,0;0,0;0,0;0,0
12/2019;MOV;2019,0;12,0;III;10 a 14;15,0;0,0;0,0;0,0
12/2019;MOV;2019,0;12,0;IV;15 a 19;25,0;0,0;0,0;0,0
12/2019;MOV;2019,0;12,0;V;20 a 24;40,0;0,0;0,0;0,0
12/2019;MOV;2019,0;12,0;VI;25 a 29;55,0;0,0;0,0;0,0
12/2019;MOV;2019,0;12,0;VII;30 a 34;75,0;0,0;0,0;0,0
12/2019;MOV;2019,0;12,0;VIII;> 34;85,0;0,0;0,0;0,0
01/2020;HAC;2020,0;1,0;I;0 a 4;4,0;1,0;0,04;0,0
01/2020;HAC;2020,0;1,0;II;5 a 9;8,0;7,0;0,56;0,0
01/2020;HAC;2020,0;1,0;III;10 a 14;15,0;14,0;2,1;0,0
01/2020;HAC;2020,0;1,0;IV;15 a 19;25,0;11,0;2,75;2,0
01/2020;HAC;2020,0;1,0;V;20 a 24;40,0;3,0;1,2;1,0
01/2020;HAC;2020,0;1,0;VI;25 a 29;55,0;1,0;0,55;1,0
01/2020;HAC;2020,0;1,0;VII;30 a 34;75,0;1,0;0,75;1,0
01/2020;HAC;2020,0;1,0;VIII;> 34;85,0;0,0;0,0;0,0
01/2020;HEM;2020,0;1,0;I;0 a 4;4,0;0,0;0,0;0,0
01/2020;HEM;2020,0;1,0;II;5 a 9;8,0;1,0;0,08;0,0
01/2020;HEM;2020,0;1,0;III;10 a 14;15,0;9,0;1,35;1,0
01/2020;HEM;2020,0;1,0;IV;15 a 19;25,0;9,0;2,25;2,0
01/2020;HEM;2020,0;1,0;V;20 a 24;40,0;6,0;2,4;2,0
01/2020;HEM;2020,0;1,0;VI;25 a 29;55,0;7,0;3,85;2,0
01/2020;HEM;2020,0;1,0;VII;30 a 34;75,0;4,0;3,0;2,0
01/2020;HEM;2020,0;1,0;VIII;> 34;85,0;2,0;1,7;0,0
01/2020;HJK;2020,0;1,0;I;0 a 4;4,0;112,0;4,5;8,0
01/2020;HJK;2020,0;1,0;II;5 a 9;8,0;230,0;18,419999999999998;23,0
01/2020;HJK;2020,0;1,0;III;10 a 14;15,0;273,0;41,1;15,0
01/2020;HJK;2020,0;1,0;IV;15 a 19;25,0;270,0;67,6;34,0
01/2020;HJK;2020,0;1,0;V;20 a 24;40,0;174,0;69,6;35,0
01/2020;HJK;2020,0;1,0;VI;25 a 29;55,0;76,0;41,9;26,0
01/2020;HJK;2020,0;1,0;VII;30 a 34;75,0;44,0;33,1;19,0
01/2020;HJK;2020,0;1,0;VIII;> 34;85,0;21,0;17,95;17,0
01/2020;HJXXIII;2020,0;1,0;I;0 a 4;4,0;19,0;0,76;0,0
01/2020;HJXXIII;2020,0;1,0;II;5 a 9;8,0;26,0;2,08;3,0
01/2020;HJXXIII;2020,0;1,0;III;10 a 14;15,0;24,0;3,6;1,0
01/2020;HJXXIII;2020,0;1,0;IV;15 a 19;25,0;20,0;5,0;2,0
01/2020;HJXXIII;2020,0;1,0;V;20 a 24;40,0;10,0;4,0;4,0
01/2020;HJXXIII;2020,0;1,0;VI;25 a 29;55,0;3,0;1,65;1,0
01/2020;HJXXIII;2020,0;1,0;VII;30 a 34;75,0;0,0;0,0;0,0
01/2020;HJXXIII;2020,0;1,0;VIII;> 34;85,0;0,0;0,0;0,0
01/2020;HRAD;2020,0;1,0;I;0 a 4;4,0;2,0;0,08;0,0
01/2020;HRAD;2020,0;1,0;II;5 a 9;8,0;10,0;0,8;1,0
01/2020;HRAD;2020,0;1,0;III;10 a 14;15,0;22,0;3,3;1,0
01/2020;HRAD;2020,0;1,0;IV;15 a 19;25,0;11,0;2,75;2,0
01/2020;HRAD;2020,0;1,0;V;20 a 24;40,0;15,0;6,0;5,0
01/2020;HRAD;2020,0;1,0;VI;25 a 29;55,0;11,0;6,05;6,0
01/2020;HRAD;2020,0;1,0;VII;30 a 34;75,0;1,0;0,75;1,0
01/2020;HRAD;2020,0;1,0;VIII;> 34;85,0;0,0;0,0;0,0
01/2020;HRBJA;2020,0;1,0;I;0 a 4;4,0;0,0;0,0;0,0
01/2020;HRBJA;2020,0;1,0;II;5 a 9;8,0;0,0;0,0;0,0
01/2020;HRBJA;2020,0;1,0;III;10 a 14;15,0;0,0;0,0;0,0
01/2020;HRBJA;2020,0;1,0;IV;15 a 19;25,0;0,0;0,0;0,0
01/2020;HRBJA;2020,0;1,0;V;20 a 24;40,0;0,0;0,0;0,0
01/2020;HRBJA;2020,0;1,0;VI;25 a 29;55,0;0,0;0,0;0,0
01/2020;HRBJA;2020,0;1,0;VII;30 a 34;75,0;0,0;0,0;0,0
01/2020;HRBJA;2020,0;1,0;VIII;> 34;85,0;0,0;0,0;0,0
01/2020;HRJP;2020,0;1,0;I;0 a 4;4,0;1,0;0,04;0,0
01/2020;HRJP;2020,0;1,0;II;5 a 9;8,0;9,0;0,72;1,0
01/2020;HRJP;2020,0;1,0;III;10 a 14;15,0;11,0;1,65;4,0
01/2020;HRJP;2020,0;1,0;IV;15 a 19;25,0;12,0;3,0;4,0
01/2020;HRJP;2020,0;1,0;V;20 a 24;40,0;0,0;0,0;0,0
01/2020;HRJP;2020,0;1,0;VI;25 a 29;55,0;0,0;0,0;0,0
01/2020;HRJP;2020,0;1,0;VII;30 a 34;75,0;0,0;0,0;0,0
01/2020;HRJP;2020,0;1,0;VIII;> 34;85,0;1,0;0,85;0,0
01/2020;MOV;2020,0;1,0;I;0 a 4;4,0;0,0;0,0;0,0
01/2020;MOV;2020,0;1,0;II;5 a 9;8,0;0,0;0,0;0,0
01/2020;MOV;2020,0;1,0;III;10 a 14;15,0;0,0;0,0;0,0
01/2020;MOV;2020,0;1,0;IV;15 a 19;25,0;0,0;0,0;0,0
01/2020;MOV;2020,0;1,0;V;20 a 24;40,0;0,0;0,0;0,0
01/2020;MOV;2020,0;1,0;VI;25 a 29;55,0;0,0;0,0;0,0
01/2020;MOV;2020,0;1,0;VII;30 a 34;75,0;0,0;0,0;0,0
01/2020;MOV;2020,0;1,0;VIII;> 34;85,0;0,0;0,0;0,0
02/2020;HAC;2020,0;2,0;I;0 a 4;4,0;0,0;0,0;0,0
02/2020;HAC;2020,0;2,0;II;5 a 9;8,0;11,0;0,88;0,0
02/2020;HAC;2020,0;2,0;III;10 a 14;15,0;10,0;1,5;0,0
02/2020;HAC;2020,0;2,0;IV;15 a 19;25,0;8,0;2,0;0,0
02/2020;HAC;2020,0;2,0;V;20 a 24;40,0;5,0;2,0;1,0
02/2020;HAC;2020,0;2,0;VI;25 a 29;55,0;3,0;1,65;2,0
02/2020;HAC;2020,0;2,0;VII;30 a 34;75,0;1,0;0,75;0,0
02/2020;HAC;2020,0;2,0;VIII;> 34;85,0;0,0;0,0;0,0
02/2020;HEM;2020,0;2,0;I;0 a 4;4,0;0,0;0,0;0,0
02/2020;HEM;2020,0;2,0;II;5 a 9;8,0;5,0;0,4;1,0
02/2020;HEM;2020,0;2,0;III;10 a 14;15,0;8,0;1,2;1,0
02/2020;HEM;2020,0;2,0;IV;15 a 19;25,0;6,0;1,5;1,0
02/2020;HEM;2020,0;2,0;V;20 a 24;40,0;4,0;1,6;1,0
02/2020;HEM;2020,0;2,0;VI;25 a 29;55,0;6,0;3,3;1,0
02/2020;HEM;2020,0;2,0;VII;30 a 34;75,0;0,0;0,0;0,0
02/2020;HEM;2020,0;2,0;VIII;> 34;85,0;2,0;1,7;2,0
02/2020;HJK;2020,0;2,0;I;0 a 4;4,0;112,0;4,5;8,0
02/2020;HJK;2020,0;2,0;II;5 a 9;8,0;222,0;17,78;23,0
02/2020;HJK;2020,0;2,0;III;10 a 14;15,0;278,0;41,85;15,0
02/2020;HJK;2020,0;2,0;IV;15 a 19;25,0;274,0;68,6;35,0
02/2020;HJK;2020,0;2,0;V;20 a 24;40,0;165,0;66,0;34,0
02/2020;HJK;2020,0;2,0;VI;25 a 29;55,0;80,0;44,099999999999994;27,0
02/2020;HJK;2020,0;2,0;VII;30 a 34;75,0;42,0;31,6;21,0
02/2020;HJK;2020,0;2,0;VIII;> 34;85,0;21,0;17,95;16,0
02/2020;HJXXIII;2020,0;2,0;I;0 a 4;4,0;16,0;0,64;0,0
02/2020;HJXXIII;2020,0;2,0;II;5 a 9;8,0;36,0;2,88;2,0
02/2020;HJXXIII;2020,0;2,0;III;10 a 14;15,0;36,0;5,4;2,0
02/2020;HJXXIII;2020,0;2,0;IV;15 a 19;25,0;18,0;4,5;4,0
02/2020;HJXXIII;2020,0;2,0;V;20 a 24;40,0;11,0;4,4;2,0
02/2020;HJXXIII;2020,0;2,0;VI;25 a 29;55,0;4,0;2,2;2,0
02/2020;HJXXIII;2020,0;2,0;VII;30 a 34;75,0;1,0;0,75;0,0
02/2020;HJXXIII;2020,0;2,0;VIII;> 34;85,0;0,0;0,0;0,0
02/2020;HRAD;2020,0;2,0;I;0 a 4;4,0;2,0;0,08;0,0
02/2020;HRAD;2020,0;2,0;II;5 a 9;8,0;12,0;0,9600000000000001;0,0
02/2020;HRAD;2020,0;2,0;III;10 a 14;15,0;25,0;3,75;1,0
02/2020;HRAD;2020,0;2,0;IV;15 a 19;25,0;16,0;4,0;4,0
02/2020;HRAD;2020,0;2,0;V;20 a 24;40,0;6,0;2,4;1,0
02/2020;HRAD;2020,0;2,0;VI;25 a 29;55,0;2,0;1,1;0,0
02/2020;HRAD;2020,0;2,0;VII;30 a 34;75,0;0,0;0,0;0,0
02/2020;HRAD;2020,0;2,0;VIII;> 34;85,0;0,0;0,0;0,0
02/2020;HRBJA;2020,0;2,0;I;0 a 4;4,0;0,0;0,0;0,0
02/2020;HRBJA;2020,0;2,0;II;5 a 9;8,0;0,0;0,0;0,0
02/2020;HRBJA;2020,0;2,0;III;10 a 14;15,0;0,0;0,0;0,0
02/2020;HRBJA;2020,0;2,0;IV;15 a 19;25,0;0,0;0,0;0,0
02/2020;HRBJA;2020,0;2,0;V;20 a 24;40,0;0,0;0,0;0,0
02/2020;HRBJA;2020,0;2,0;VI;25 a 29;55,0;0,0;0,0;0,0
02/2020;HRBJA;2020,0;2,0;VII;30 a 34;75,0;0,0;0,0;0,0
02/2020;HRBJA;2020,0;2,0;VIII;> 34;85,0;0,0;0,0;0,0
02/2020;HRJP;2020,0;2,0;I;0 a 4;4,0;2,0;0,08;0,0
02/2020;HRJP;2020,0;2,0;II;5 a 9;8,0;4,0;0,32;0,0
02/2020;HRJP;2020,0;2,0;III;10 a 14;15,0;8,0;1,2;0,0
02/2020;HRJP;2020,0;2,0;IV;15 a 19;25,0;9,0;2,25;4,0
02/2020;HRJP;2020,0;2,0;V;20 a 24;40,0;5,0;2,0;0,0
02/2020;HRJP;2020,0;2,0;VI;25 a 29;55,0;3,0;1,65;1,0
02/2020;HRJP;2020,0;2,0;VII;30 a 34;75,0;0,0;0,0;0,0
02/2020;HRJP;2020,0;2,0;VIII;> 34;85,0;0,0;0,0;1,0
02/2020;MOV;2020,0;2,0;I;0 a 4;4,0;0,0;0,0;0,0
02/2020;MOV;2020,0;2,0;II;5 a 9;8,0;0,0;0,0;0,0
02/2020;MOV;2020,0;2,0;III;10 a 14;15,0;0,0;0,0;0,0
02/2020;MOV;2020,0;2,0;IV;15 a 19;25,0;0,0;0,0;0,0
02/2020;MOV;2020,0;2,0;V;20 a 24;40,0;0,0;0,0;0,0
02/2020;MOV;2020,0;2,0;VI;25 a 29;55,0;0,0;0,0;0,0
02/2020;MOV;2020,0;2,0;VII;30 a 34;75,0;0,0;0,0;0,0
02/2020;MOV;2020,0;2,0;VIII;> 34;85,0;0,0;0,0;0,0
03/2020;HAC;2020,0;3,0;I;0 a 4;4,0;2,0;0,08;0,0
03/2020;HAC;2020,0;3,0;II;5 a 9;8,0;10,0;0,8;0,0
03/2020;HAC;2020,0;3,0;III;10 a 14;15,0;17,0;2,55;1,0
03/2020;HAC;2020,0;3,0;IV;15 a 19;25,0;9,0;2,25;2,0
03/2020;HAC;2020,0;3,0;V;20 a 24;40,0;4,0;1,6;2,0
03/2020;HAC;2020,0;3,0;VI;25 a 29;55,0;2,0;1,1;2,0
03/2020;HAC;2020,0;3,0;VII;30 a 34;75,0;1,0;0,75;1,0
03/2020;HAC;2020,0;3,0;VIII;> 34;85,0;0,0;0,0;0,0
03/2020;HEM;2020,0;3,0;I;0 a 4;4,0;0,0;0,0;0,0
03/2020;HEM;2020,0;3,0;II;5 a 9;8,0;0,0;0,0;0,0
03/2020;HEM;2020,0;3,0;III;10 a 14;15,0;0,0;0,0;0,0
03/2020;HEM;2020,0;3,0;IV;15 a 19;25,0;0,0;0,0;0,0
03/2020;HEM;2020,0;3,0;V;20 a 24;40,0;0,0;0,0;0,0
03/2020;HEM;2020,0;3,0;VI;25 a 29;55,0;0,0;0,0;0,0
03/2020;HEM;2020,0;3,0;VII;30 a 34;75,0;0,0;0,0;0,0
03/2020;HEM;2020,0;3,0;VIII;> 34;85,0;0,0;0,0;0,0
03/2020;HJK;2020,0;3,0;I;0 a 4;4,0;112,0;4,5;8,0
03/2020;HJK;2020,0;3,0;II;5 a 9;8,0;228,0;18,259999999999998;23,0
03/2020;HJK;2020,0;3,0;III;10 a 14;15,0;278,0;41,85;15,0
03/2020;HJK;2020,0;3,0;IV;15 a 19;25,0;271,0;67,85;33,0
03/2020;HJK;2020,0;3,0;V;20 a 24;40,0;171,0;68,4;34,0
03/2020;HJK;2020,0;3,0;VI;25 a 29;55,0;83,0;45,75;27,0
03/2020;HJK;2020,0;3,0;VII;30 a 34;75,0;42,0;31,6;21,0
03/2020;HJK;2020,0;3,0;VIII;> 34;85,0;20,0;17,1;15,0
03/2020;HJXXIII;2020,0;3,0;I;0 a 4;4,0;8,0;0,32;1,0
03/2020;HJXXIII;2020,0;3,0;II;5 a 9;8,0;20,0;1,6;1,0
03/2020;HJXXIII;2020,0;3,0;III;10 a 14;15,0;36,0;5,4;3,0
03/2020;HJXXIII;2020,0;3,0;IV;15 a 19;25,0;39,0;9,75;6,0
03/2020;HJXXIII;2020,0;3,0;V;20 a 24;40,0;19,0;7,6;5,0
03/2020;HJXXIII;2020,0;3,0;VI;25 a 29;55,0;7,0;3,85;4,0
03/2020;HJXXIII;2020,0;3,0;VII;30 a 34;75,0;0,0;0,0;0,0
03/2020;HJXXIII;2020,0;3,0;VIII;> 34;85,0;0,0;0,0;0,0
03/2020;HRAD;2020,0;3,0;I;0 a 4;4,0;1,0;0,04;0,0
03/2020;HRAD;2020,0;3,0;II;5 a 9;8,0;14,0;1,12;0,0
03/2020;HRAD;2020,0;3,0;III;10 a 14;15,0;25,0;3,75;0,0
03/2020;HRAD;2020,0;3,0;IV;15 a 19;25,0;9,0;2,25;2,0
03/2020;HRAD;2020,0;3,0;V;20 a 24;40,0;13,0;5,2;4,0
03/2020;HRAD;2020,0;3,0;VI;25 a 29;55,0;2,0;1,1;2,0
03/2020;HRAD;2020,0;3,0;VII;30 a 34;75,0;0,0;0,0;0,0
03/2020;HRAD;2020,0;3,0;VIII;> 34;85,0;0,0;0,0;0,0
03/2020;HRBJA;2020,0;3,0;I;0 a 4;4,0;0,0;0,0;0,0
03/2020;HRBJA;2020,0;3,0;II;5 a 9;8,0;0,0;0,0;0,0
03/2020;HRBJA;2020,0;3,0;III;10 a 14;15,0;0,0;0,0;0,0
03/2020;HRBJA;2020,0;3,0;IV;15 a 19;25,0;0,0;0,0;0,0
03/2020;HRBJA;2020,0;3,0;V;20 a 24;40,0;0,0;0,0;0,0
03/2020;HRBJA;2020,0;3,0;VI;25 a 29;55,0;0,0;0,0;0,0
03/2020;HRBJA;2020,0;3,0;VII;30 a 34;75,0;0,0;0,0;0,0
03/2020;HRBJA;2020,0;3,0;VIII;> 34;85,0;0,0;0,0;0,0
03/2020;HRJP;2020,0;3,0;I;0 a 4;4,0;7,0;0,28;0,0
03/2020;HRJP;2020,0;3,0;II;5 a 9;8,0;15,0;1,2;1,0
03/2020;HRJP;2020,0;3,0;III;10 a 14;15,0;30,0;4,5;6,0
03/2020;HRJP;2020,0;3,0;IV;15 a 19;25,0;36,0;9,0;9,0
03/2020;HRJP;2020,0;3,0;V;20 a 24;40,0;14,0;5,6;3,0
03/2020;HRJP;2020,0;3,0;VI;25 a 29;55,0;3,0;1,65;1,0
03/2020;HRJP;2020,0;3,0;VII;30 a 34;75,0;0,0;0,0;0,0
03/2020;HRJP;2020,0;3,0;VIII;> 34;85,0;1,0;0,85;1,0
03/2020;MOV;2020,0;3,0;I;0 a 4;4,0;0,0;0,0;0,0
03/2020;MOV;2020,0;3,0;II;5 a 9;8,0;0,0;0,0;0,0
03/2020;MOV;2020,0;3,0;III;10 a 14;15,0;0,0;0,0;0,0
03/2020;MOV;2020,0;3,0;IV;15 a 19;25,0;0,0;0,0;0,0
03/2020;MOV;2020,0;3,0;V;20 a 24;40,0;0,0;0,0;0,0
03/2020;MOV;2020,0;3,0;VI;25 a 29;55,0;0,0;0,0;0,0
03/2020;MOV;2020,0;3,0;VII;30 a 34;75,0;0,0;0,0;0,0
03/2020;MOV;2020,0;3,0;VIII;> 34;85,0;0,0;0,0;0,0
04/2020;HAC;2020,0;4,0;I;0 a 4;4,0;1,0;0,04;0,0
04/2020;HAC;2020,0;4,0;II;5 a 9;8,0;8,0;0,64;1,0
04/2020;HAC;2020,0;4,0;III;10 a 14;15,0;11,0;1,65;2,0
04/2020;HAC;2020,0;4,0;IV;15 a 19;25,0;6,0;1,5;1,0
04/2020;HAC;2020,0;4,0;V;20 a 24;40,0;7,0;2,8;5,0
04/2020;HAC;2020,0;4,0;VI;25 a 29;55,0;0,0;0,0;0,0
04/2020;HAC;2020,0;4,0;VII;30 a 34;75,0;0,0;0,0;0,0
04/2020;HAC;2020,0;4,0;VIII;> 34;85,0;0,0;0,0;0,0
04/2020;HEM;2020,0;4,0;I;0 a 4;4,0;0,0;0,0;0,0
04/2020;HEM;2020,0;4,0;II;5 a 9;8,0;0,0;0,0;0,0
04/2020;HEM;2020,0;4,0;III;10 a 14;15,0;0,0;0,0;0,0
04/2020;HEM;2020,0;4,0;IV;15 a 19;25,0;0,0;0,0;0,0
04/2020;HEM;2020,0;4,0;V;20 a 24;40,0;0,0;0,0;0,0
04/2020;HEM;2020,0;4,0;VI;25 a 29;55,0;0,0;0,0;0,0
04/2020;HEM;2020,0;4,0;VII;30 a 34;75,0;0,0;0,0;0,0
04/2020;HEM;2020,0;4,0;VIII;> 34;85,0;0,0;0,0;0,0
04/2020;HJK;2020,0;4,0;I;0 a 4;4,0;113,0;4,54;8,0
04/2020;HJK;2020,0;4,0;II;5 a 9;8,0;223,0;17,86;23,0
04/2020;HJK;2020,0;4,0;III;10 a 14;15,0;274,0;41,25;18,0
04/2020;HJK;2020,0;4,0;IV;15 a 19;25,0;267,0;66,85;34,0
04/2020;HJK;2020,0;4,0;V;20 a 24;40,0;169,0;67,6;35,0
04/2020;HJK;2020,0;4,0;VI;25 a 29;55,0;80,0;44,099999999999994;27,0
04/2020;HJK;2020,0;4,0;VII;30 a 34;75,0;42,0;31,6;19,0
04/2020;HJK;2020,0;4,0;VIII;> 34;85,0;20,0;17,1;15,0
04/2020;HJXXIII;2020,0;4,0;I;0 a 4;4,0;1,0;0,04;0,0
04/2020;HJXXIII;2020,0;4,0;II;5 a 9;8,0;13,0;1,04;0,0
04/2020;HJXXIII;2020,0;4,0;III;10 a 14;15,0;25,0;3,75;1,0
04/2020;HJXXIII;2020,0;4,0;IV;15 a 19;25,0;33,0;8,25;5,0
04/2020;HJXXIII;2020,0;4,0;V;20 a 24;40,0;16,0;6,4;7,0
04/2020;HJXXIII;2020,0;4,0;VI;25 a 29;55,0;10,0;5,5;7,0
04/2020;HJXXIII;2020,0;4,0;VII;30 a 34;75,0;6,0;4,5;3,0
04/2020;HJXXIII;2020,0;4,0;VIII;> 34;85,0;1,0;0,85;1,0
04/2020;HRAD;2020,0;4,0;I;0 a 4;4,0;0,0;0,0;0,0
04/2020;HRAD;2020,0;4,0;II;5 a 9;8,0;14,0;1,12;0,0
04/2020;HRAD;2020,0;4,0;III;10 a 14;15,0;10,0;1,5;0,0
04/2020;HRAD;2020,0;4,0;IV;15 a 19;25,0;13,0;3,25;3,0
04/2020;HRAD;2020,0;4,0;V;20 a 24;40,0;12,0;4,800000000000001;4,0
04/2020;HRAD;2020,0;4,0;VI;25 a 29;55,0;5,0;2,75;3,0
04/2020;HRAD;2020,0;4,0;VII;30 a 34;75,0;0,0;0,0;0,0
04/2020;HRAD;2020,0;4,0;VIII;> 34;85,0;0,0;0,0;0,0
04/2020;HRBJA;2020,0;4,0;I;0 a 4;4,0;0,0;0,0;0,0
04/2020;HRBJA;2020,0;4,0;II;5 a 9;8,0;0,0;0,0;0,0
04/2020;HRBJA;2020,0;4,0;III;10 a 14;15,0;0,0;0,0;0,0
04/2020;HRBJA;2020,0;4,0;IV;15 a 19;25,0;0,0;0,0;0,0
04/2020;HRBJA;2020,0;4,0;V;20 a 24;40,0;0,0;0,0;0,0
04/2020;HRBJA;2020,0;4,0;VI;25 a 29;55,0;0,0;0,0;0,0
04/2020;HRBJA;2020,0;4,0;VII;30 a 34;75,0;0,0;0,0;0,0
04/2020;HRBJA;2020,0;4,0;VIII;> 34;85,0;0,0;0,0;0,0
04/2020;HRJP;2020,0;4,0;I;0 a 4;4,0;0,0;0,0;0,0
04/2020;HRJP;2020,0;4,0;II;5 a 9;8,0;9,0;0,72;1,0
04/2020;HRJP;2020,0;4,0;III;10 a 14;15,0;5,0;0,75;2,0
04/2020;HRJP;2020,0;4,0;IV;15 a 19;25,0;8,0;2,0;1,0
04/2020;HRJP;2020,0;4,0;V;20 a 24;40,0;5,0;2,0;1,0
04/2020;HRJP;2020,0;4,0;VI;25 a 29;55,0;0,0;0,0;0,0
04/2020;HRJP;2020,0;4,0;VII;30 a 34;75,0;0,0;0,0;0,0
04/2020;HRJP;2020,0;4,0;VIII;> 34;85,0;0,0;0,0;0,0
04/2020;MOV;2020,0;4,0;I;0 a 4;4,0;0,0;0,0;0,0
04/2020;MOV;2020,0;4,0;II;5 a 9;8,0;0,0;0,0;0,0
04/2020;MOV;2020,0;4,0;III;10 a 14;15,0;0,0;0,0;0,0
04/2020;MOV;2020,0;4,0;IV;15 a 19;25,0;0,0;0,0;0,0
04/2020;MOV;2020,0;4,0;V;20 a 24;40,0;0,0;0,0;0,0
04/2020;MOV;2020,0;4,0;VI;25 a 29;55,0;0,0;0,0;0,0
04/2020;MOV;2020,0;4,0;VII;30 a 34;75,0;0,0;0,0;0,0
04/2020;MOV;2020,0;4,0;VIII;> 34;85,0;0,0;0,0;0,0
05/2020;HAC;2020,0;5,0;I;0 a 4;4,0;3,0;0,12;0,0
05/2020;HAC;2020,0;5,0;II;5 a 9;8,0;8,0;0,64;0,0
05/2020;HAC;2020,0;5,0;III;10 a 14;15,0;10,0;1,5;0,0
05/2020;HAC;2020,0;5,0;IV;15 a 19;25,0;9,0;2,25;0,0
05/2020;HAC;2020,0;5,0;V;20 a 24;40,0;7,0;2,8;2,0
05/2020;HAC;2020,0;5,0;VI;25 a 29;55,0;1,0;0,55;0,0
05/2020;HAC;2020,0;5,0;VII;30 a 34;75,0;3,0;2,25;1,0
05/2020;HAC;2020,0;5,0;VIII;> 34;85,0;4,0;3,4;3,0
05/2020;HEM;2020,0;5,0;I;0 a 4;4,0;3,0;0,12;0,0
05/2020;HEM;2020,0;5,0;II;5 a 9;8,0;13,0;1,04;1,0
05/2020;HEM;2020,0;5,0;III;10 a 14;15,0;17,0;2,55;5,0
05/2020;HEM;2020,0;5,0;IV;15 a 19;25,0;15,0;3,75;7,0
05/2020;HEM;2020,0;5,0;V;20 a 24;40,0;12,0;4,8;3,0
05/2020;HEM;2020,0;5,0;VI;25 a 29;55,0;0,0;0,0;0,0
05/2020;HEM;2020,0;5,0;VII;30 a 34;75,0;1,0;0,75;1,0
05/2020;HEM;2020,0;5,0;VIII;> 34;85,0;1,0;0,85;0,0
05/2020;HJK;2020,0;5,0;I;0 a 4;4,0;114,0;4,58;8,0
05/2020;HJK;2020,0;5,0;II;5 a 9;8,0;227,0;18,18;23,0
05/2020;HJK;2020,0;5,0;III;10 a 14;15,0;282,0;42,45;18,0
05/2020;HJK;2020,0;5,0;IV;15 a 19;25,0;266,0;66,6;34,0
05/2020;HJK;2020,0;5,0;V;20 a 24;40,0;167,0;66,8;35,0
05/2020;HJK;2020,0;5,0;VI;25 a 29;55,0;77,0;42,45;25,0
05/2020;HJK;2020,0;5,0;VII;30 a 34;75,0;43,0;32,35;19,0
05/2020;HJK;2020,0;5,0;VIII;> 34;85,0;20,0;17,1;15,0
05/2020;HJXXIII;2020,0;5,0;I;0 a 4;4,0;6,0;0,24;0,0
05/2020;HJXXIII;2020,0;5,0;II;5 a 9;8,0;28,0;2,24;2,0
05/2020;HJXXIII;2020,0;5,0;III;10 a 14;15,0;43,0;6,45;2,0
05/2020;HJXXIII;2020,0;5,0;IV;15 a 19;25,0;22,0;5,5;4,0
05/2020;HJXXIII;2020,0;5,0;V;20 a 24;40,0;25,0;10,0;9,0
05/2020;HJXXIII;2020,0;5,0;VI;25 a 29;55,0;1,0;0,55;1,0
05/2020;HJXXIII;2020,0;5,0;VII;30 a 34;75,0;1,0;0,75;0,0
05/2020;HJXXIII;2020,0;5,0;VIII;> 34;85,0;0,0;0,0;0,0
05/2020;HRAD;2020,0;5,0;I;0 a 4;4,0;0,0;0,0;0,0
05/2020;HRAD;2020,0;5,0;II;5 a 9;8,0;13,0;1,04;0,0
05/2020;HRAD;2020,0;5,0;III;10 a 14;15,0;30,0;4,5;0,0
05/2020;HRAD;2020,0;5,0;IV;15 a 19;25,0;12,0;3,0;0,0
05/2020;HRAD;2020,0;5,0;V;20 a 24;40,0;9,0;3,6;1,0
05/2020;HRAD;2020,0;5,0;VI;25 a 29;55,0;3,0;1,65;3,0
05/2020;HRAD;2020,0;5,0;VII;30 a 34;75,0;0,0;0,0;0,0
05/2020;HRAD;2020,0;5,0;VIII;> 34;85,0;0,0;0,0;0,0
05/2020;HRBJA;2020,0;5,0;I;0 a 4;4,0;0,0;0,0;0,0
05/2020;HRBJA;2020,0;5,0;II;5 a 9;8,0;0,0;0,0;0,0
05/2020;HRBJA;2020,0;5,0;III;10 a 14;15,0;0,0;0,0;0,0
05/2020;HRBJA;2020,0;5,0;IV;15 a 19;25,0;0,0;0,0;0,0
05/2020;HRBJA;2020,0;5,0;V;20 a 24;40,0;0,0;0,0;0,0
05/2020;HRBJA;2020,0;5,0;VI;25 a 29;55,0;0,0;0,0;0,0
05/2020;HRBJA;2020,0;5,0;VII;30 a 34;75,0;0,0;0,0;0,0
05/2020;HRBJA;2020,0;5,0;VIII;> 34;85,0;0,0;0,0;0,0
05/2020;HRJP;2020,0;5,0;I;0 a 4;4,0;1,0;0,04;0,0
05/2020;HRJP;2020,0;5,0;II;5 a 9;8,0;13,0;1,04;3,0
05/2020;HRJP;2020,0;5,0;III;10 a 14;15,0;8,0;1,2;2,0
05/2020;HRJP;2020,0;5,0;IV;15 a 19;25,0;26,0;6,5;6,0
05/2020;HRJP;2020,0;5,0;V;20 a 24;40,0;11,0;4,4;1,0
05/2020;HRJP;2020,0;5,0;VI;25 a 29;55,0;0,0;0,0;0,0
05/2020;HRJP;2020,0;5,0;VII;30 a 34;75,0;0,0;0,0;0,0
05/2020;HRJP;2020,0;5,0;VIII;> 34;85,0;0,0;0,0;0,0
05/2020;MOV;2020,0;5,0;I;0 a 4;4,0;0,0;0,0;0,0
05/2020;MOV;2020,0;5,0;II;5 a 9;8,0;0,0;0,0;0,0
05/2020;MOV;2020,0;5,0;III;10 a 14;15,0;0,0;0,0;0,0
05/2020;MOV;2020,0;5,0;IV;15 a 19;25,0;0,0;0,0;0,0
05/2020;MOV;2020,0;5,0;V;20 a 24;40,0;0,0;0,0;0,0
05/2020;MOV;2020,0;5,0;VI;25 a 29;55,0;0,0;0,0;0,0
05/2020;MOV;2020,0;5,0;VII;30 a 34;75,0;0,0;0,0;0,0
05/2020;MOV;2020,0;5,0;VIII;> 34;85,0;0,0;0,0;0,0
06/2020;HAC;2020,0;6,0;I;0 a 4;4,0;0,0;0,0;0,0
06/2020;HAC;2020,0;6,0;II;5 a 9;8,0;3,0;0,24;0,0
06/2020;HAC;2020,0;6,0;III;10 a 14;15,0;19,0;2,85;0,0
06/2020;HAC;2020,0;6,0;IV;15 a 19;25,0;11,0;2,75;1,0
06/2020;HAC;2020,0;6,0;V;20 a 24;40,0;3,0;1,2;0,0
06/2020;HAC;2020,0;6,0;VI;25 a 29;55,0;3,0;1,65;0,0
06/2020;HAC;2020,0;6,0;VII;30 a 34;75,0;2,0;1,5;1,0
06/2020;HAC;2020,0;6,0;VIII;> 34;85,0;3,0;2,55;3,0
06/2020;HEM;2020,0;6,0;I;0 a 4;4,0;2,0;0,08;0,0
06/2020;HEM;2020,0;6,0;II;5 a 9;8,0;12,0;0,96;1,0
06/2020;HEM;2020,0;6,0;III;10 a 14;15,0;23,0;3,45;7,0
06/2020;HEM;2020,0;6,0;IV;15 a 19;25,0;23,0;5,75;6,0
06/2020;HEM;2020,0;6,0;V;20 a 24;40,0;9,0;3,6;4,0
06/2020;HEM;2020,0;6,0;VI;25 a 29;55,0;7,0;3,85;3,0
06/2020;HEM;2020,0;6,0;VII;30 a 34;75,0;2,0;1,5;0,0
06/2020;HEM;2020,0;6,0;VIII;> 34;85,0;5,0;4,25;3,0
06/2020;HJK;2020,0;6,0;I;0 a 4;4,0;114,0;4,58;8,0
06/2020;HJK;2020,0;6,0;II;5 a 9;8,0;224,0;17,939999999999998;23,0
06/2020;HJK;2020,0;6,0;III;10 a 14;15,0;271,0;40,800000000000004;16,0
06/2020;HJK;2020,0;6,0;IV;15 a 19;25,0;262,0;65,6;34,0
06/2020;HJK;2020,0;6,0;V;20 a 24;40,0;166,0;66,4;33,0
06/2020;HJK;2020,0;6,0;VI;25 a 29;55,0;80,0;44,099999999999994;27,0
06/2020;HJK;2020,0;6,0;VII;30 a 34;75,0;42,0;31,6;20,0
06/2020;HJK;2020,0;6,0;VIII;> 34;85,0;20,0;17,1;15,0
06/2020;HJXXIII;2020,0;6,0;I;0 a 4;4,0;7,0;0,28;0,0
06/2020;HJXXIII;2020,0;6,0;II;5 a 9;8,0;24,0;1,92;0,0
06/2020;HJXXIII;2020,0;6,0;III;10 a 14;15,0;32,0;4,8;2,0
06/2020;HJXXIII;2020,0;6,0;IV;15 a 19;25,0;33,0;8,25;10,0
06/2020;HJXXIII;2020,0;6,0;V;20 a 24;40,0;17,0;6,8;7,0
06/2020;HJXXIII;2020,0;6,0;VI;25 a 29;55,0;12,0;6,6;8,0
06/2020;HJXXIII;2020,0;6,0;VII;30 a 34;75,0;3,0;2,25;2,0
06/2020;HJXXIII;2020,0;6,0;VIII;> 34;85,0;0,0;0,0;0,0
06/2020;HRAD;2020,0;6,0;I;0 a 4;4,0;0,0;0,0;0,0
06/2020;HRAD;2020,0;6,0;II;5 a 9;8,0;16,0;1,28;0,0
06/2020;HRAD;2020,0;6,0;III;10 a 14;15,0;28,0;4,2;1,0
06/2020;HRAD;2020,0;6,0;IV;15 a 19;25,0;8,0;2,0;2,0
06/2020;HRAD;2020,0;6,0;V;20 a 24;40,0;11,0;4,4;3,0
06/2020;HRAD;2020,0;6,0;VI;25 a 29;55,0;3,0;1,6500000000000001;2,0
06/2020;HRAD;2020,0;6,0;VII;30 a 34;75,0;1,0;0,75;1,0
06/2020;HRAD;2020,0;6,0;VIII;> 34;85,0;0,0;0,0;0,0
06/2020;HRBJA;2020,0;6,0;I;0 a 4;4,0;0,0;0,0;0,0
06/2020;HRBJA;2020,0;6,0;II;5 a 9;8,0;0,0;0,0;0,0
06/2020;HRBJA;2020,0;6,0;III;10 a 14;15,0;0,0;0,0;0,0
06/2020;HRBJA;2020,0;6,0;IV;15 a 19;25,0;0,0;0,0;0,0
06/2020;HRBJA;2020,0;6,0;V;20 a 24;40,0;0,0;0,0;0,0
06/2020;HRBJA;2020,0;6,0;VI;25 a 29;55,0;0,0;0,0;0,0
06/2020;HRBJA;2020,0;6,0;VII;30 a 34;75,0;0,0;0,0;0,0
06/2020;HRBJA;2020,0;6,0;VIII;> 34;85,0;0,0;0,0;0,0
06/2020;HRJP;2020,0;6,0;I;0 a 4;4,0;3,0;0,12;0,0
06/2020;HRJP;2020,0;6,0;II;5 a 9;8,0;30,0;2,4;4,0
06/2020;HRJP;2020,0;6,0;III;10 a 14;15,0;24,0;3,6;4,0
06/2020;HRJP;2020,0;6,0;IV;15 a 19;25,0;55,0;13,75;12,0
06/2020;HRJP;2020,0;6,0;V;20 a 24;40,0;27,0;10,8;6,0
06/2020;HRJP;2020,0;6,0;VI;25 a 29;55,0;0,0;0,0;0,0
06/2020;HRJP;2020,0;6,0;VII;30 a 34;75,0;0,0;0,0;0,0
06/2020;HRJP;2020,0;6,0;VIII;> 34;85,0;0,0;0,0;0,0
06/2020;MOV;2020,0;6,0;I;0 a 4;4,0;0,0;0,0;0,0
06/2020;MOV;2020,0;6,0;II;5 a 9;8,0;0,0;0,0;0,0
06/2020;MOV;2020,0;6,0;III;10 a 14;15,0;0,0;0,0;0,0
06/2020;MOV;2020,0;6,0;IV;15 a 19;25,0;0,0;0,0;0,0
06/2020;MOV;2020,0;6,0;V;20 a 24;40,0;0,0;0,0;0,0
06/2020;MOV;2020,0;6,0;VI;25 a 29;55,0;0,0;0,0;0,0
06/2020;MOV;2020,0;6,0;VII;30 a 34;75,0;0,0;0,0;0,0
06/2020;MOV;2020,0;6,0;VIII;> 34;85,0;0,0;0,0;0,0
07/2020;HAC;2020,0;7,0;I;0 a 4;4,0;0,0;0,0;0,0
07/2020;HAC;2020,0;7,0;II;5 a 9;8,0;6,0;0,48;0,0
07/2020;HAC;2020,0;7,0;III;10 a 14;15,0;9,0;1,35;1,0
07/2020;HAC;2020,0;7,0;IV;15 a 19;25,0;16,0;4,0;0,0
07/2020;HAC;2020,0;7,0;V;20 a 24;40,0;10,0;4,0;5,0
07/2020;HAC;2020,0;7,0;VI;25 a 29;55,0;3,0;1,65;0,0
07/2020;HAC;2020,0;7,0;VII;30 a 34;75,0;0,0;0,0;0,0
07/2020;HAC;2020,0;7,0;VIII;> 34;85,0;3,0;2,55;2,0
07/2020;HEM;2020,0;7,0;I;0 a 4;4,0;0,0;0,0;0,0
07/2020;HEM;2020,0;7,0;II;5 a 9;8,0;12,0;0,96;2,0
07/2020;HEM;2020,0;7,0;III;10 a 14;15,0;20,0;3,0;4,0
07/2020;HEM;2020,0;7,0;IV;15 a 19;25,0;29,0;7,25;11,0
07/2020;HEM;2020,0;7,0;V;20 a 24;40,0;17,0;6,8;9,0
07/2020;HEM;2020,0;7,0;VI;25 a 29;55,0;7,0;3,85;3,0
07/2020;HEM;2020,0;7,0;VII;30 a 34;75,0;2,0;1,5;1,0
07/2020;HEM;2020,0;7,0;VIII;> 34;85,0;10,0;8,5;9,0
07/2020;HJK;2020,0;7,0;I;0 a 4;4,0;113,0;4,54;8,0
07/2020;HJK;2020,0;7,0;II;5 a 9;8,0;227,0;18,18;23,0
07/2020;HJK;2020,0;7,0;III;10 a 14;15,0;271,0;40,800000000000004;17,0
07/2020;HJK;2020,0;7,0;IV;15 a 19;25,0;262,0;65,6;33,0
07/2020;HJK;2020,0;7,0;V;20 a 24;40,0;165,0;66,0;33,0
07/2020;HJK;2020,0;7,0;VI;25 a 29;55,0;75,0;41,349999999999994;24,0
07/2020;HJK;2020,0;7,0;VII;30 a 34;75,0;45,0;33,85;22,0
07/2020;HJK;2020,0;7,0;VIII;> 34;85,0;19,0;16,25;15,0
07/2020;HJXXIII;2020,0;7,0;I;0 a 4;4,0;4,0;0,16;0,0
07/2020;HJXXIII;2020,0;7,0;II;5 a 9;8,0;27,0;2,16;1,0
07/2020;HJXXIII;2020,0;7,0;III;10 a 14;15,0;37,0;5,55;2,0
07/2020;HJXXIII;2020,0;7,0;IV;15 a 19;25,0;31,0;7,75;7,0
07/2020;HJXXIII;2020,0;7,0;V;20 a 24;40,0;13,0;5,2;3,0
07/2020;HJXXIII;2020,0;7,0;VI;25 a 29;55,0;6,0;3,3;4,0
07/2020;HJXXIII;2020,0;7,0;VII;30 a 34;75,0;1,0;0,75;1,0
07/2020;HJXXIII;2020,0;7,0;VIII;> 34;85,0;1,0;0,85;1,0
07/2020;HRAD;2020,0;7,0;I;0 a 4;4,0;0,0;0,0;0,0
07/2020;HRAD;2020,0;7,0;II;5 a 9;8,0;12,0;0,9600000000000001;1,0
07/2020;HRAD;2020,0;7,0;III;10 a 14;15,0;19,0;2,85;1,0
07/2020;HRAD;2020,0;7,0;IV;15 a 19;25,0;10,0;2,5;3,0
07/2020;HRAD;2020,0;7,0;V;20 a 24;40,0;9,0;3,5999999999999996;1,0
07/2020;HRAD;2020,0;7,0;VI;25 a 29;55,0;4,0;2,2;1,0
07/2020;HRAD;2020,0;7,0;VII;30 a 34;75,0;1,0;0,75;0,0
07/2020;HRAD;2020,0;7,0;VIII;> 34;85,0;0,0;0,0;0,0
07/2020;HRBJA;2020,0;7,0;I;0 a 4;4,0;0,0;0,0;0,0
07/2020;HRBJA;2020,0;7,0;II;5 a 9;8,0;0,0;0,0;0,0
07/2020;HRBJA;2020,0;7,0;III;10 a 14;15,0;0,0;0,0;0,0
07/2020;HRBJA;2020,0;7,0;IV;15 a 19;25,0;0,0;0,0;0,0
07/2020;HRBJA;2020,0;7,0;V;20 a 24;40,0;0,0;0,0;0,0
07/2020;HRBJA;2020,0;7,0;VI;25 a 29;55,0;0,0;0,0;0,0
07/2020;HRBJA;2020,0;7,0;VII;30 a 34;75,0;0,0;0,0;0,0
07/2020;HRBJA;2020,0;7,0;VIII;> 34;85,0;0,0;0,0;0,0
07/2020;HRJP;2020,0;7,0;I;0 a 4;4,0;3,0;0,12;0,0
07/2020;HRJP;2020,0;7,0;II;5 a 9;8,0;10,0;0,8;1,0
07/2020;HRJP;2020,0;7,0;III;10 a 14;15,0;14,0;2,1;2,0
07/2020;HRJP;2020,0;7,0;IV;15 a 19;25,0;28,0;7,0;15,0
07/2020;HRJP;2020,0;7,0;V;20 a 24;40,0;9,0;3,6;4,0
07/2020;HRJP;2020,0;7,0;VI;25 a 29;55,0;0,0;0,0;0,0
07/2020;HRJP;2020,0;7,0;VII;30 a 34;75,0;0,0;0,0;0,0
07/2020;HRJP;2020,0;7,0;VIII;> 34;85,0;0,0;0,0;0,0
07/2020;MOV;2020,0;7,0;I;0 a 4;4,0;0,0;0,0;0,0
07/2020;MOV;2020,0;7,0;II;5 a 9;8,0;0,0;0,0;0,0
07/2020;MOV;2020,0;7,0;III;10 a 14;15,0;0,0;0,0;0,0
07/2020;MOV;2020,0;7,0;IV;15 a 19;25,0;0,0;0,0;0,0
07/2020;MOV;2020,0;7,0;V;20 a 24;40,0;0,0;0,0;0,0
07/2020;MOV;2020,0;7,0;VI;25 a 29;55,0;0,0;0,0;0,0
07/2020;MOV;2020,0;7,0;VII;30 a 34;75,0;0,0;0,0;0,0
07/2020;MOV;2020,0;7,0;VIII;> 34;85,0;0,0;0,0;0,0
08/2020;HAC;2020,0;8,0;I;0 a 4;4,0;0,0;0,0;0,0
08/2020;HAC;2020,0;8,0;II;5 a 9;8,0;1,0;0,08;0,0
08/2020;HAC;2020,0;8,0;III;10 a 14;15,0;8,0;1,2;0,0
08/2020;HAC;2020,0;8,0;IV;15 a 19;25,0;9,0;2,25;0,0
08/2020;HAC;2020,0;8,0;V;20 a 24;40,0;1,0;0,4;0,0
08/2020;HAC;2020,0;8,0;VI;25 a 29;55,0;6,0;3,3;2,0
08/2020;HAC;2020,0;8,0;VII;30 a 34;75,0;3,0;2,25;2,0
08/2020;HAC;2020,0;8,0;VIII;> 34;85,0;1,0;0,85;1,0
08/2020;HEM;2020,0;8,0;I;0 a 4;4,0;0,0;0,0;0,0
08/2020;HEM;2020,0;8,0;II;5 a 9;8,0;4,0;0,32;1,0
08/2020;HEM;2020,0;8,0;III;10 a 14;15,0;17,0;2,55;4,0
08/2020;HEM;2020,0;8,0;IV;15 a 19;25,0;20,0;5,0;9,0
08/2020;HEM;2020,0;8,0;V;20 a 24;40,0;13,0;5,2;6,0
08/2020;HEM;2020,0;8,0;VI;25 a 29;55,0;11,0;6,05;6,0
08/2020;HEM;2020,0;8,0;VII;30 a 34;75,0;6,0;4,5;6,0
08/2020;HEM;2020,0;8,0;VIII;> 34;85,0;4,0;3,4;4,0
08/2020;HJK;2020,0;8,0;I;0 a 4;4,0;114,0;4,58;8,0
08/2020;HJK;2020,0;8,0;II;5 a 9;8,0;222,0;17,78;23,0
08/2020;HJK;2020,0;8,0;III;10 a 14;15,0;265,0;39,900000000000006;15,0
08/2020;HJK;2020,0;8,0;IV;15 a 19;25,0;260,0;65,1;33,0
08/2020;HJK;2020,0;8,0;V;20 a 24;40,0;164,0;65,6;33,0
08/2020;HJK;2020,0;8,0;VI;25 a 29;55,0;82,0;45,2;28,0
08/2020;HJK;2020,0;8,0;VII;30 a 34;75,0;46,0;34,6;21,0
08/2020;HJK;2020,0;8,0;VIII;> 34;85,0;24,0;20,5;18,0
08/2020;HJXXIII;2020,0;8,0;I;0 a 4;4,0;9,0;0,36;0,0
08/2020;HJXXIII;2020,0;8,0;II;5 a 9;8,0;30,0;2,4;0,0
08/2020;HJXXIII;2020,0;8,0;III;10 a 14;15,0;34,0;5,1;4,0
08/2020;HJXXIII;2020,0;8,0;IV;15 a 19;25,0;12,0;3,0;1,0
08/2020;HJXXIII;2020,0;8,0;V;20 a 24;40,0;6,0;2,4;2,0
08/2020;HJXXIII;2020,0;8,0;VI;25 a 29;55,0;3,0;1,65;1,0
08/2020;HJXXIII;2020,0;8,0;VII;30 a 34;75,0;1,0;0,75;0,0
08/2020;HJXXIII;2020,0;8,0;VIII;> 34;85,0;0,0;0,0;0,0
08/2020;HRAD;2020,0;8,0;I;0 a 4;4,0;3,0;0,12;0,0
08/2020;HRAD;2020,0;8,0;II;5 a 9;8,0;4,0;0,32;0,0
08/2020;HRAD;2020,0;8,0;III;10 a 14;15,0;7,0;1,05;1,0
08/2020;HRAD;2020,0;8,0;IV;15 a 19;25,0;9,0;2,25;1,0
08/2020;HRAD;2020,0;8,0;V;20 a 24;40,0;10,0;4,0;5,0
08/2020;HRAD;2020,0;8,0;VI;25 a 29;55,0;10,0;5,5;3,0
08/2020;HRAD;2020,0;8,0;VII;30 a 34;75,0;3,0;2,25;1,0
08/2020;HRAD;2020,0;8,0;VIII;> 34;85,0;0,0;0,0;0,0
08/2020;HRBJA;2020,0;8,0;I;0 a 4;4,0;0,0;0,0;0,0
08/2020;HRBJA;2020,0;8,0;II;5 a 9;8,0;0,0;0,0;0,0
08/2020;HRBJA;2020,0;8,0;III;10 a 14;15,0;0,0;0,0;0,0
08/2020;HRBJA;2020,0;8,0;IV;15 a 19;25,0;0,0;0,0;0,0
08/2020;HRBJA;2020,0;8,0;V;20 a 24;40,0;0,0;0,0;0,0
08/2020;HRBJA;2020,0;8,0;VI;25 a 29;55,0;0,0;0,0;0,0
08/2020;HRBJA;2020,0;8,0;VII;30 a 34;75,0;0,0;0,0;0,0
08/2020;HRBJA;2020,0;8,0;VIII;> 34;85,0;0,0;0,0;0,0
08/2020;HRJP;2020,0;8,0;I;0 a 4;4,0;0,0;0,0;0,0
08/2020;HRJP;2020,0;8,0;II;5 a 9;8,0;10,0;0,8;3,0
08/2020;HRJP;2020,0;8,0;III;10 a 14;15,0;24,0;3,6;1,0
08/2020;HRJP;2020,0;8,0;IV;15 a 19;25,0;22,0;5,5;6,0
08/2020;HRJP;2020,0;8,0;V;20 a 24;40,0;12,0;4,8;7,0
08/2020;HRJP;2020,0;8,0;VI;25 a 29;55,0;0,0;0,0;0,0
08/2020;HRJP;2020,0;8,0;VII;30 a 34;75,0;0,0;0,0;0,0
08/2020;HRJP;2020,0;8,0;VIII;> 34;85,0;0,0;0,0;0,0
08/2020;MOV;2020,0;8,0;I;0 a 4;4,0;0,0;0,0;0,0
08/2020;MOV;2020,0;8,0;II;5 a 9;8,0;0,0;0,0;0,0
08/2020;MOV;2020,0;8,0;III;10 a 14;15,0;0,0;0,0;0,0
08/2020;MOV;2020,0;8,0;IV;15 a 19;25,0;0,0;0,0;0,0
08/2020;MOV;2020,0;8,0;V;20 a 24;40,0;0,0;0,0;0,0
08/2020;MOV;2020,0;8,0;VI;25 a 29;55,0;0,0;0,0;0,0
08/2020;MOV;2020,0;8,0;VII;30 a 34;75,0;0,0;0,0;0,0
08/2020;MOV;2020,0;8,0;VIII;> 34;85,0;0,0;0,0;0,0
09/2020;HAC;2020,0;9,0;I;0 a 4;4,0;5,0;0,2;1,0
09/2020;HAC;2020,0;9,0;II;5 a 9;8,0;20,0;1,6;0,0
09/2020;HAC;2020,0;9,0;III;10 a 14;15,0;13,0;1,95;0,0
09/2020;HAC;2020,0;9,0;IV;15 a 19;25,0;7,0;1,75;1,0
09/2020;HAC;2020,0;9,0;V;20 a 24;40,0;6,0;2,4;0,0
09/2020;HAC;2020,0;9,0;VI;25 a 29;55,0;2,0;1,1;1,0
09/2020;HAC;2020,0;9,0;VII;30 a 34;75,0;0,0;0,0;0,0
09/2020;HAC;2020,0;9,0;VIII;> 34;85,0;0,0;0,0;0,0
09/2020;HEM;2020,0;9,0;I;0 a 4;4,0;1,0;0,04;0,0
09/2020;HEM;2020,0;9,0;II;5 a 9;8,0;5,0;0,4;0,0
09/2020;HEM;2020,0;9,0;III;10 a 14;15,0;14,0;2,1;0,0
09/2020;HEM;2020,0;9,0;IV;15 a 19;25,0;17,0;4,25;5,0
09/2020;HEM;2020,0;9,0;V;20 a 24;40,0;15,0;6,0;7,0
09/2020;HEM;2020,0;9,0;VI;25 a 29;55,0;6,0;3,3;5,0
09/2020;HEM;2020,0;9,0;VII;30 a 34;75,0;4,0;3,0;2,0
09/2020;HEM;2020,0;9,0;VIII;> 34;85,0;1,0;0,85;1,0
09/2020;HJK;2020,0;9,0;I;0 a 4;4,0;113,0;4,54;8,0
09/2020;HJK;2020,0;9,0;II;5 a 9;8,0;222,0;17,78;23,0
09/2020;HJK;2020,0;9,0;III;10 a 14;15,0;271,0;40,800000000000004;15,0
09/2020;HJK;2020,0;9,0;IV;15 a 19;25,0;271,0;67,85;32,0
09/2020;HJK;2020,0;9,0;V;20 a 24;40,0;167,0;66,8;35,0
09/2020;HJK;2020,0;9,0;VI;25 a 29;55,0;75,0;41,349999999999994;26,0
09/2020;HJK;2020,0;9,0;VII;30 a 34;75,0;42,0;31,6;19,0
09/2020;HJK;2020,0;9,0;VIII;> 34;85,0;22,0;18,8;18,0
09/2020;HJXXIII;2020,0;9,0;I;0 a 4;4,0;10,0;0,4;0,0
09/2020;HJXXIII;2020,0;9,0;II;5 a 9;8,0;32,0;2,56;1,0
09/2020;HJXXIII;2020,0;9,0;III;10 a 14;15,0;25,0;3,75;2,0
09/2020;HJXXIII;2020,0;9,0;IV;15 a 19;25,0;17,0;4,25;3,0
09/2020;HJXXIII;2020,0;9,0;V;20 a 24;40,0;12,0;4,8;4,0
09/2020;HJXXIII;2020,0;9,0;VI;25 a 29;55,0;5,0;2,75;1,0
09/2020;HJXXIII;2020,0;9,0;VII;30 a 34;75,0;2,0;1,5;2,0
09/2020;HJXXIII;2020,0;9,0;VIII;> 34;85,0;0,0;0,0;0,0
09/2020;HRAD;2020,0;9,0;I;0 a 4;4,0;0,0;0,0;0,0
09/2020;HRAD;2020,0;9,0;II;5 a 9;8,0;9,0;0,72;0,0
09/2020;HRAD;2020,0;9,0;III;10 a 14;15,0;11,0;1,65;1,0
09/2020;HRAD;2020,0;9,0;IV;15 a 19;25,0;11,0;2,75;2,0
09/2020;HRAD;2020,0;9,0;V;20 a 24;40,0;8,0;3,2;4,0
09/2020;HRAD;2020,0;9,0;VI;25 a 29;55,0;5,0;2,75;4,0
09/2020;HRAD;2020,0;9,0;VII;30 a 34;75,0;1,0;0,75;1,0
09/2020;HRAD;2020,0;9,0;VIII;> 34;85,0;0,0;0,0;0,0
09/2020;HRBJA;2020,0;9,0;I;0 a 4;4,0;0,0;0,0;0,0
09/2020;HRBJA;2020,0;9,0;II;5 a 9;8,0;0,0;0,0;0,0
09/2020;HRBJA;2020,0;9,0;III;10 a 14;15,0;0,0;0,0;0,0
09/2020;HRBJA;2020,0;9,0;IV;15 a 19;25,0;0,0;0,0;0,0
09/2020;HRBJA;2020,0;9,0;V;20 a 24;40,0;0,0;0,0;0,0
09/2020;HRBJA;2020,0;9,0;VI;25 a 29;55,0;0,0;0,0;0,0
09/2020;HRBJA;2020,0;9,0;VII;30 a 34;75,0;0,0;0,0;0,0
09/2020;HRBJA;2020,0;9,0;VIII;> 34;85,0;0,0;0,0;0,0
09/2020;HRJP;2020,0;9,0;I;0 a 4;4,0;0,0;0,0;1,0
09/2020;HRJP;2020,0;9,0;II;5 a 9;8,0;2,0;0,16;5,0
09/2020;HRJP;2020,0;9,0;III;10 a 14;15,0;1,0;0,15;9,0
09/2020;HRJP;2020,0;9,0;IV;15 a 19;25,0;6,0;1,5;14,0
09/2020;HRJP;2020,0;9,0;V;20 a 24;40,0;3,0;1,2;3,0
09/2020;HRJP;2020,0;9,0;VI;25 a 29;55,0;0,0;0,0;3,0
09/2020;HRJP;2020,0;9,0;VII;30 a 34;75,0;0,0;0,0;2,0
09/2020;HRJP;2020,0;9,0;VIII;> 34;85,0;0,0;0,0;0,0
09/2020;MOV;2020,0;9,0;I;0 a 4;4,0;0,0;0,0;0,0
09/2020;MOV;2020,0;9,0;II;5 a 9;8,0;0,0;0,0;0,0
09/2020;MOV;2020,0;9,0;III;10 a 14;15,0;0,0;0,0;0,0
09/2020;MOV;2020,0;9,0;IV;15 a 19;25,0;0,0;0,0;0,0
09/2020;MOV;2020,0;9,0;V;20 a 24;40,0;0,0;0,0;0,0
09/2020;MOV;2020,0;9,0;VI;25 a 29;55,0;0,0;0,0;0,0
09/2020;MOV;2020,0;9,0;VII;30 a 34;75,0;0,0;0,0;0,0
09/2020;MOV;2020,0;9,0;VIII;> 34;85,0;0,0;0,0;0,0
10/2020;HAC;2020,0;10,0;I;0 a 4;4,0;1,0;0,04;0,0
10/2020;HAC;2020,0;10,0;II;5 a 9;8,0;13,0;1,04;1,0
10/2020;HAC;2020,0;10,0;III;10 a 14;15,0;14,0;2,1;0,0
10/2020;HAC;2020,0;10,0;IV;15 a 19;25,0;4,0;1,0;1,0
10/2020;HAC;2020,0;10,0;V;20 a 24;40,0;2,0;0,8;0,0
10/2020;HAC;2020,0;10,0;VI;25 a 29;55,0;0,0;0,0;0,0
10/2020;HAC;2020,0;10,0;VII;30 a 34;75,0;2,0;1,5;2,0
10/2020;HAC;2020,0;10,0;VIII;> 34;85,0;2,0;1,7;2,0
10/2020;HEM;2020,0;10,0;I;0 a 4;4,0;0,0;0,0;0,0
10/2020;HEM;2020,0;10,0;II;5 a 9;8,0;5,0;0,4;0,0
10/2020;HEM;2020,0;10,0;III;10 a 14;15,0;17,0;2,55;3,0
10/2020;HEM;2020,0;10,0;IV;15 a 19;25,0;16,0;4,0;6,0
10/2020;HEM;2020,0;10,0;V;20 a 24;40,0;10,0;4,0;3,0
10/2020;HEM;2020,0;10,0;VI;25 a 29;55,0;3,0;1,65;2,0
10/2020;HEM;2020,0;10,0;VII;30 a 34;75,0;4,0;3,0;3,0
10/2020;HEM;2020,0;10,0;VIII;> 34;85,0;3,0;2,55;2,0
10/2020;HJK;2020,0;10,0;I;0 a 4;4,0;112,0;4,5;8,0
10/2020;HJK;2020,0;10,0;II;5 a 9;8,0;223,0;17,86;24,0
10/2020;HJK;2020,0;10,0;III;10 a 14;15,0;272,0;40,95;15,0
10/2020;HJK;2020,0;10,0;IV;15 a 19;25,0;267,0;66,85;36,0
10/2020;HJK;2020,0;10,0;V;20 a 24;40,0;166,0;66,4;37,0
10/2020;HJK;2020,0;10,0;VI;25 a 29;55,0;78,0;43,0;26,0
10/2020;HJK;2020,0;10,0;VII;30 a 34;75,0;41,0;30,85;19,0
10/2020;HJK;2020,0;10,0;VIII;> 34;85,0;20,0;17,1;16,0
10/2020;HJXXIII;2020,0;10,0;I;0 a 4;4,0;16,0;0,64;0,0
10/2020;HJXXIII;2020,0;10,0;II;5 a 9;8,0;22,0;1,76;3,0
10/2020;HJXXIII;2020,0;10,0;III;10 a 14;15,0;20,0;3,0;6,0
10/2020;HJXXIII;2020,0;10,0;IV;15 a 19;25,0;19,0;4,75;7,0
10/2020;HJXXIII;2020,0;10,0;V;20 a 24;40,0;19,0;7,6;8,0
10/2020;HJXXIII;2020,0;10,0;VI;25 a 29;55,0;8,0;4,4;3,0
10/2020;HJXXIII;2020,0;10,0;VII;30 a 34;75,0;2,0;1,5;1,0
10/2020;HJXXIII;2020,0;10,0;VIII;> 34;85,0;3,0;2,55;2,0
10/2020;HRAD;2020,0;10,0;I;0 a 4;4,0;0,0;0,0;0,0
10/2020;HRAD;2020,0;10,0;II;5 a 9;8,0;17,0;1,3599999999999999;0,0
10/2020;HRAD;2020,0;10,0;III;10 a 14;15,0;18,0;2,7;1,0
10/2020;HRAD;2020,0;10,0;IV;15 a 19;25,0;7,0;1,75;1,0
10/2020;HRAD;2020,0;10,0;V;20 a 24;40,0;7,0;2,8;3,0
10/2020;HRAD;2020,0;10,0;VI;25 a 29;55,0;4,0;2,2;1,0
10/2020;HRAD;2020,0;10,0;VII;30 a 34;75,0;0,0;0,0;0,0
10/2020;HRAD;2020,0;10,0;VIII;> 34;85,0;0,0;0,0;0,0
10/2020;HRBJA;2020,0;10,0;I;0 a 4;4,0;0,0;0,0;0,0
10/2020;HRBJA;2020,0;10,0;II;5 a 9;8,0;0,0;0,0;0,0
10/2020;HRBJA;2020,0;10,0;III;10 a 14;15,0;0,0;0,0;0,0
10/2020;HRBJA;2020,0;10,0;IV;15 a 19;25,0;0,0;0,0;0,0
10/2020;HRBJA;2020,0;10,0;V;20 a 24;40,0;0,0;0,0;0,0
10/2020;HRBJA;2020,0;10,0;VI;25 a 29;55,0;0,0;0,0;0,0
10/2020;HRBJA;2020,0;10,0;VII;30 a 34;75,0;0,0;0,0;0,0
10/2020;HRBJA;2020,0;10,0;VIII;> 34;85,0;0,0;0,0;0,0
10/2020;HRJP;2020,0;10,0;I;0 a 4;4,0;1,0;0,04;0,0
10/2020;HRJP;2020,0;10,0;II;5 a 9;8,0;1,0;0,08;0,0
10/2020;HRJP;2020,0;10,0;III;10 a 14;15,0;24,0;3,6;3,0
10/2020;HRJP;2020,0;10,0;IV;15 a 19;25,0;23,0;5,75;10,0
10/2020;HRJP;2020,0;10,0;V;20 a 24;40,0;7,0;2,8;3,0
10/2020;HRJP;2020,0;10,0;VI;25 a 29;55,0;0,0;0,0;0,0
10/2020;HRJP;2020,0;10,0;VII;30 a 34;75,0;0,0;0,0;0,0
10/2020;HRJP;2020,0;10,0;VIII;> 34;85,0;0,0;0,0;0,0
10/2020;MOV;2020,0;10,0;I;0 a 4;4,0;0,0;0,0;0,0
10/2020;MOV;2020,0;10,0;II;5 a 9;8,0;0,0;0,0;0,0
10/2020;MOV;2020,0;10,0;III;10 a 14;15,0;0,0;0,0;0,0
10/2020;MOV;2020,0;10,0;IV;15 a 19;25,0;0,0;0,0;0,0
10/2020;MOV;2020,0;10,0;V;20 a 24;40,0;0,0;0,0;0,0
10/2020;MOV;2020,0;10,0;VI;25 a 29;55,0;0,0;0,0;0,0
10/2020;MOV;2020,0;10,0;VII;30 a 34;75,0;0,0;0,0;0,0
10/2020;MOV;2020,0;10,0;VIII;> 34;85,0;0,0;0,0;0,0
11/2020;HAC;2020,0;11,0;I;0 a 4;4,0;3,0;0,12;0,0
11/2020;HAC;2020,0;11,0;II;5 a 9;8,0;11,0;0,88;0,0
11/2020;HAC;2020,0;11,0;III;10 a 14;15,0;16,0;2,4;2,0
11/2020;HAC;2020,0;11,0;IV;15 a 19;25,0;5,0;1,25;1,0
11/2020;HAC;2020,0;11,0;V;20 a 24;40,0;2,0;0,8;1,0
11/2020;HAC;2020,0;11,0;VI;25 a 29;55,0;1,0;0,55;0,0
11/2020;HAC;2020,0;11,0;VII;30 a 34;75,0;0,0;0,0;0,0
11/2020;HAC;2020,0;11,0;VIII;> 34;85,0;0,0;0,0;0,0
11/2020;HEM;2020,0;11,0;I;0 a 4;4,0;1,0;0,04;0,0
11/2020;HEM;2020,0;11,0;II;5 a 9;8,0;10,0;0,8;1,0
11/2020;HEM;2020,0;11,0;III;10 a 14;15,0;16,0;2,4;1,0
11/2020;HEM;2020,0;11,0;IV;15 a 19;25,0;13,0;3,25;1,0
11/2020;HEM;2020,0;11,0;V;20 a 24;40,0;17,0;6,8;2,0
11/2020;HEM;2020,0;11,0;VI;25 a 29;55,0;3,0;1,65;0,0
11/2020;HEM;2020,0;11,0;VII;30 a 34;75,0;3,0;2,25;0,0
11/2020;HEM;2020,0;11,0;VIII;> 34;85,0;3,0;2,55;2,0
11/2020;HJK;2020,0;11,0;I;0 a 4;4,0;114,0;4,58;8,0
11/2020;HJK;2020,0;11,0;II;5 a 9;8,0;224,0;17,939999999999998;23,0
11/2020;HJK;2020,0;11,0;III;10 a 14;15,0;274,0;41,25;15,0
11/2020;HJK;2020,0;11,0;IV;15 a 19;25,0;264,0;66,1;33,0
11/2020;HJK;2020,0;11,0;V;20 a 24;40,0;166,0;66,4;35,0
11/2020;HJK;2020,0;11,0;VI;25 a 29;55,0;85,0;46,849999999999994;24,0
11/2020;HJK;2020,0;11,0;VII;30 a 34;75,0;42,0;31,6;20,0
11/2020;HJK;2020,0;11,0;VIII;> 34;85,0;19,0;16,25;15,0
11/2020;HJXXIII;2020,0;11,0;I;0 a 4;4,0;12,0;0,48;0,0
11/2020;HJXXIII;2020,0;11,0;II;5 a 9;8,0;39,0;3,12;1,0
11/2020;HJXXIII;2020,0;11,0;III;10 a 14;15,0;38,0;5,7;5,0
11/2020;HJXXIII;2020,0;11,0;IV;15 a 19;25,0;24,0;6,0;4,0
11/2020;HJXXIII;2020,0;11,0;V;20 a 24;40,0;8,0;3,2;4,0
11/2020;HJXXIII;2020,0;11,0;VI;25 a 29;55,0;5,0;2,75;3,0
11/2020;HJXXIII;2020,0;11,0;VII;30 a 34;75,0;0,0;0,0;0,0
11/2020;HJXXIII;2020,0;11,0;VIII;> 34;85,0;0,0;0,0;0,0
11/2020;HRAD;2020,0;11,0;I;0 a 4;4,0;0,0;0,0;0,0
11/2020;HRAD;2020,0;11,0;II;5 a 9;8,0;2,0;0,16;0,0
11/2020;HRAD;2020,0;11,0;III;10 a 14;15,0;13,0;1,9500000000000002;1,0
11/2020;HRAD;2020,0;11,0;IV;15 a 19;25,0;13,0;3,25;2,0
11/2020;HRAD;2020,0;11,0;V;20 a 24;40,0;11,0;4,4;1,0
11/2020;HRAD;2020,0;11,0;VI;25 a 29;55,0;2,0;1,1;2,0
11/2020;HRAD;2020,0;11,0;VII;30 a 34;75,0;4,0;3,0;2,0
11/2020;HRAD;2020,0;11,0;VIII;> 34;85,0;0,0;0,0;0,0
11/2020;HRBJA;2020,0;11,0;I;0 a 4;4,0;0,0;0,0;0,0
11/2020;HRBJA;2020,0;11,0;II;5 a 9;8,0;0,0;0,0;0,0
11/2020;HRBJA;2020,0;11,0;III;10 a 14;15,0;0,0;0,0;0,0
11/2020;HRBJA;2020,0;11,0;IV;15 a 19;25,0;0,0;0,0;0,0
11/2020;HRBJA;2020,0;11,0;V;20 a 24;40,0;0,0;0,0;0,0
11/2020;HRBJA;2020,0;11,0;VI;25 a 29;55,0;0,0;0,0;0,0
11/2020;HRBJA;2020,0;11,0;VII;30 a 34;75,0;0,0;0,0;0,0
11/2020;HRBJA;2020,0;11,0;VIII;> 34;85,0;0,0;0,0;0,0
11/2020;HRJP;2020,0;11,0;I;0 a 4;4,0;0,0;0,0;0,0
11/2020;HRJP;2020,0;11,0;II;5 a 9;8,0;1,0;0,08;0,0
11/2020;HRJP;2020,0;11,0;III;10 a 14;15,0;19,0;2,85;3,0
11/2020;HRJP;2020,0;11,0;IV;15 a 19;25,0;28,0;7,0;9,0
11/2020;HRJP;2020,0;11,0;V;20 a 24;40,0;8,0;3,2;4,0
11/2020;HRJP;2020,0;11,0;VI;25 a 29;55,0;0,0;0,0;0,0
11/2020;HRJP;2020,0;11,0;VII;30 a 34;75,0;0,0;0,0;0,0
11/2020;HRJP;2020,0;11,0;VIII;> 34;85,0;0,0;0,0;0,0
11/2020;MOV;2020,0;11,0;I;0 a 4;4,0;0,0;0,0;0,0
11/2020;MOV;2020,0;11,0;II;5 a 9;8,0;0,0;0,0;0,0
11/2020;MOV;2020,0;11,0;III;10 a 14;15,0;0,0;0,0;0,0
11/2020;MOV;2020,0;11,0;IV;15 a 19;25,0;0,0;0,0;0,0
11/2020;MOV;2020,0;11,0;V;20 a 24;40,0;0,0;0,0;0,0
11/2020;MOV;2020,0;11,0;VI;25 a 29;55,0;0,0;0,0;0,0
11/2020;MOV;2020,0;11,0;VII;30 a 34;75,0;0,0;0,0;0,0
11/2020;MOV;2020,0;11,0;VIII;> 34;85,0;0,0;0,0;0,0
12/2020;HAC;2020,0;12,0;I;0 a 4;4,0;0,0;0,0;0,0
12/2020;HAC;2020,0;12,0;II;5 a 9;8,0;5,0;0,4;0,0
12/2020;HAC;2020,0;12,0;III;10 a 14;15,0;7,0;1,05;0,0
12/2020;HAC;2020,0;12,0;IV;15 a 19;25,0;11,0;2,75;0,0
12/2020;HAC;2020,0;12,0;V;20 a 24;40,0;3,0;1,2;0,0
12/2020;HAC;2020,0;12,0;VI;25 a 29;55,0;1,0;0,55;0,0
12/2020;HAC;2020,0;12,0;VII;30 a 34;75,0;0,0;0,0;0,0
12/2020;HAC;2020,0;12,0;VIII;> 34;85,0;3,0;2,55;3,0
12/2020;HEM;2020,0;12,0;I;0 a 4;4,0;0,0;0,0;0,0
12/2020;HEM;2020,0;12,0;II;5 a 9;8,0;7,0;0,56;1,0
12/2020;HEM;2020,0;12,0;III;10 a 14;15,0;26,0;3,9;7,0
12/2020;HEM;2020,0;12,0;IV;15 a 19;25,0;32,0;8,0;9,0
12/2020;HEM;2020,0;12,0;V;20 a 24;40,0;13,0;5,2;3,0
12/2020;HEM;2020,0;12,0;VI;25 a 29;55,0;9,0;4,95;6,0
12/2020;HEM;2020,0;12,0;VII;30 a 34;75,0;6,0;4,5;3,0
12/2020;HEM;2020,0;12,0;VIII;> 34;85,0;5,0;4,25;5,0
12/2020;HJK;2020,0;12,0;I;0 a 4;4,0;112,0;4,5;8,0
12/2020;HJK;2020,0;12,0;II;5 a 9;8,0;228,0;18,259999999999998;23,0
12/2020;HJK;2020,0;12,0;III;10 a 14;15,0;282,0;42,45;17,0
12/2020;HJK;2020,0;12,0;IV;15 a 19;25,0;259,0;64,85;33,0
12/2020;HJK;2020,0;12,0;V;20 a 24;40,0;164,0;65,6;33,0
12/2020;HJK;2020,0;12,0;VI;25 a 29;55,0;79,0;43,55;25,0
12/2020;HJK;2020,0;12,0;VII;30 a 34;75,0;41,0;30,85;20,0
12/2020;HJK;2020,0;12,0;VIII;> 34;85,0;22,0;18,8;15,0
12/2020;HJXXIII;2020,0;12,0;I;0 a 4;4,0;12,0;0,48;0,0
12/2020;HJXXIII;2020,0;12,0;II;5 a 9;8,0;31,0;2,48;0,0
12/2020;HJXXIII;2020,0;12,0;III;10 a 14;15,0;39,0;5,85;6,0
12/2020;HJXXIII;2020,0;12,0;IV;15 a 19;25,0;24,0;6,0;4,0
12/2020;HJXXIII;2020,0;12,0;V;20 a 24;40,0;10,0;4,0;4,0
12/2020;HJXXIII;2020,0;12,0;VI;25 a 29;55,0;8,0;4,4;5,0
12/2020;HJXXIII;2020,0;12,0;VII;30 a 34;75,0;4,0;3,0;3,0
12/2020;HJXXIII;2020,0;12,0;VIII;> 34;85,0;0,0;0,0;0,0
12/2020;HRAD;2020,0;12,0;I;0 a 4;4,0;2,0;0,08;0,0
12/2020;HRAD;2020,0;12,0;II;5 a 9;8,0;7,0;0,56;0,0
12/2020;HRAD;2020,0;12,0;III;10 a 14;15,0;9,0;1,35;1,0
12/2020;HRAD;2020,0;12,0;IV;15 a 19;25,0;11,0;2,75;0,0
12/2020;HRAD;2020,0;12,0;V;20 a 24;40,0;11,0;4,4;2,0
12/2020;HRAD;2020,0;12,0;VI;25 a 29;55,0;3,0;1,65;0,0
12/2020;HRAD;2020,0;12,0;VII;30 a 34;75,0;1,0;0,75;0,0
12/2020;HRAD;2020,0;12,0;VIII;> 34;85,0;0,0;0,0;0,0
12/2020;HRBJA;2020,0;12,0;I;0 a 4;4,0;0,0;0,0;0,0
12/2020;HRBJA;2020,0;12,0;II;5 a 9;8,0;0,0;0,0;0,0
12/2020;HRBJA;2020,0;12,0;III;10 a 14;15,0;0,0;0,0;0,0
12/2020;HRBJA;2020,0;12,0;IV;15 a 19;25,0;0,0;0,0;0,0
12/2020;HRBJA;2020,0;12,0;V;20 a 24;40,0;0,0;0,0;0,0
12/2020;HRBJA;2020,0;12,0;VI;25 a 29;55,0;0,0;0,0;0,0
12/2020;HRBJA;2020,0;12,0;VII;30 a 34;75,0;0,0;0,0;0,0
12/2020;HRBJA;2020,0;12,0;VIII;> 34;85,0;0,0;0,0;0,0
12/2020;HRJP;2020,0;12,0;I;0 a 4;4,0;2,0;0,08;0,0
12/2020;HRJP;2020,0;12,0;II;5 a 9;8,0;2,0;0,16;0,0
12/2020;HRJP;2020,0;12,0;III;10 a 14;15,0;20,0;3,0;2,0
12/2020;HRJP;2020,0;12,0;IV;15 a 19;25,0;25,0;6,25;9,0
12/2020;HRJP;2020,0;12,0;V;20 a 24;40,0;12,0;4,8;6,0
12/2020;HRJP;2020,0;12,0;VI;25 a 29;55,0;0,0;0,0;0,0
12/2020;HRJP;2020,0;12,0;VII;30 a 34;75,0;0,0;0,0;0,0
12/2020;HRJP;2020,0;12,0;VIII;> 34;85,0;0,0;0,0;0,0
12/2020;MOV;2020,0;12,0;I;0 a 4;4,0;0,0;0,0;0,0
12/2020;MOV;2020,0;12,0;II;5 a 9;8,0;0,0;0,0;0,0
12/2020;MOV;2020,0;12,0;III;10 a 14;15,0;0,0;0,0;0,0
12/2020;MOV;2020,0;12,0;IV;15 a 19;25,0;0,0;0,0;0,0
12/2020;MOV;2020,0;12,0;V;20 a 24;40,0;0,0;0,0;0,0
12/2020;MOV;2020,0;12,0;VI;25 a 29;55,0;0,0;0,0;0,0
12/2020;MOV;2020,0;12,0;VII;30 a 34;75,0;0,0;0,0;0,0
12/2020;MOV;2020,0;12,0;VIII;> 34;85,0;0,0;0,0;0,0
01/2021;HAC;2021,0;1,0;I;0 a 4;4,0;0,0;0,0;0,0
01/2021;HAC;2021,0;1,0;II;5 a 9;8,0;5,0;0,4;0,0
01/2021;HAC;2021,0;1,0;III;10 a 14;15,0;9,0;1,35;0,0
01/2021;HAC;2021,0;1,0;IV;15 a 19;25,0;4,0;1,0;1,0
01/2021;HAC;2021,0;1,0;V;20 a 24;40,0;11,0;4,4;3,0
01/2021;HAC;2021,0;1,0;VI;25 a 29;55,0;3,0;1,65;2,0
01/2021;HAC;2021,0;1,0;VII;30 a 34;75,0;0,0;0,0;0,0
01/2021;HAC;2021,0;1,0;VIII;> 34;85,0;2,0;1,7;2,0
01/2021;HEM;2021,0;1,0;I;0 a 4;4,0;0,0;0,0;0,0
01/2021;HEM;2021,0;1,0;II;5 a 9;8,0;8,0;0,64;2,0
01/2021;HEM;2021,0;1,0;III;10 a 14;15,0;22,0;3,3;7,0
01/2021;HEM;2021,0;1,0;IV;15 a 19;25,0;11,0;2,75;6,0
01/2021;HEM;2021,0;1,0;V;20 a 24;40,0;16,0;6,4;7,0
01/2021;HEM;2021,0;1,0;VI;25 a 29;55,0;8,0;4,4;5,0
01/2021;HEM;2021,0;1,0;VII;30 a 34;75,0;8,0;6,0;6,0
01/2021;HEM;2021,0;1,0;VIII;> 34;85,0;7,0;5,95;7,0
01/2021;HJK;2021,0;1,0;I;0 a 4;4,0;112,0;4,5;8,0
01/2021;HJK;2021,0;1,0;II;5 a 9;8,0;223,0;17,86;23,0
01/2021;HJK;2021,0;1,0;III;10 a 14;15,0;278,0;41,85;16,0
01/2021;HJK;2021,0;1,0;IV;15 a 19;25,0;268,0;67,1;33,0
01/2021;HJK;2021,0;1,0;V;20 a 24;40,0;160,0;64,0;33,0
01/2021;HJK;2021,0;1,0;VI;25 a 29;55,0;84,0;46,3;27,0
01/2021;HJK;2021,0;1,0;VII;30 a 34;75,0;43,0;32,35;21,0
01/2021;HJK;2021,0;1,0;VIII;> 34;85,0;23,0;19,65;19,0
01/2021;HJXXIII;2021,0;1,0;I;0 a 4;4,0;13,0;0,52;0,0
01/2021;HJXXIII;2021,0;1,0;II;5 a 9;8,0;34,0;2,72;1,0
01/2021;HJXXIII;2021,0;1,0;III;10 a 14;15,0;39,0;5,85;4,0
01/2021;HJXXIII;2021,0;1,0;IV;15 a 19;25,0;27,0;6,75;4,0
01/2021;HJXXIII;2021,0;1,0;V;20 a 24;40,0;9,0;3,6;6,0
01/2021;HJXXIII;2021,0;1,0;VI;25 a 29;55,0;7,0;3,85;4,0
01/2021;HJXXIII;2021,0;1,0;VII;30 a 34;75,0;3,0;2,25;3,0
01/2021;HJXXIII;2021,0;1,0;VIII;> 34;85,0;0,0;0,0;0,0
01/2021;HRAD;2021,0;1,0;I;0 a 4;4,0;0,0;0,0;0,0
01/2021;HRAD;2021,0;1,0;II;5 a 9;8,0;1,0;0,08;0,0
01/2021;HRAD;2021,0;1,0;III;10 a 14;15,0;7,0;1,05;1,0
01/2021;HRAD;2021,0;1,0;IV;15 a 19;25,0;7,0;1,75;1,0
01/2021;HRAD;2021,0;1,0;V;20 a 24;40,0;7,0;2,8;1,0
01/2021;HRAD;2021,0;1,0;VI;25 a 29;55,0;3,0;1,65;2,0
01/2021;HRAD;2021,0;1,0;VII;30 a 34;75,0;0,0;0,0;0,0
01/2021;HRAD;2021,0;1,0;VIII;> 34;85,0;0,0;0,0;0,0
01/2021;HRBJA;2021,0;1,0;I;0 a 4;4,0;0,0;0,0;0,0
01/2021;HRBJA;2021,0;1,0;II;5 a 9;8,0;4,0;0,32;0,0
01/2021;HRBJA;2021,0;1,0;III;10 a 14;15,0;5,0;0,75;2,0
01/2021;HRBJA;2021,0;1,0;IV;15 a 19;25,0;10,0;2,5;2,0
01/2021;HRBJA;2021,0;1,0;V;20 a 24;40,0;3,0;1,2;1,0
01/2021;HRBJA;2021,0;1,0;VI;25 a 29;55,0;2,0;1,1;2,0
01/2021;HRBJA;2021,0;1,0;VII;30 a 34;75,0;0,0;0,0;0,0
01/2021;HRBJA;2021,0;1,0;VIII;> 34;85,0;0,0;0,0;0,0
01/2021;HRJP;2021,0;1,0;I;0 a 4;4,0;3,0;0,12;0,0
01/2021;HRJP;2021,0;1,0;II;5 a 9;8,0;3,0;0,24;1,0
01/2021;HRJP;2021,0;1,0;III;10 a 14;15,0;21,0;3,15;1,0
01/2021;HRJP;2021,0;1,0;IV;15 a 19;25,0;26,0;6,5;9,0
01/2021;HRJP;2021,0;1,0;V;20 a 24;40,0;10,0;4,0;5,0
01/2021;HRJP;2021,0;1,0;VI;25 a 29;55,0;0,0;0,0;0,0
01/2021;HRJP;2021,0;1,0;VII;30 a 34;75,0;0,0;0,0;0,0
01/2021;HRJP;2021,0;1,0;VIII;> 34;85,0;0,0;0,0;0,0
01/2021;MOV;2021,0;1,0;I;0 a 4;4,0;0,0;0,0;0,0
01/2021;MOV;2021,0;1,0;II;5 a 9;8,0;0,0;0,0;0,0
01/2021;MOV;2021,0;1,0;III;10 a 14;15,0;0,0;0,0;0,0
01/2021;MOV;2021,0;1,0;IV;15 a 19;25,0;0,0;0,0;0,0
01/2021;MOV;2021,0;1,0;V;20 a 24;40,0;0,0;0,0;0,0
01/2021;MOV;2021,0;1,0;VI;25 a 29;55,0;0,0;0,0;0,0
01/2021;MOV;2021,0;1,0;VII;30 a 34;75,0;0,0;0,0;0,0
01/2021;MOV;2021,0;1,0;VIII;> 34;85,0;0,0;0,0;0,0
02/2021;HAC;2021,0;2,0;I;0 a 4;4,0;2,0;0,08;0,0
02/2021;HAC;2021,0;2,0;II;5 a 9;8,0;8,0;0,64;1,0
02/2021;HAC;2021,0;2,0;III;10 a 14;15,0;16,0;2,4;0,0
02/2021;HAC;2021,0;2,0;IV;15 a 19;25,0;6,0;1,5;0,0
02/2021;HAC;2021,0;2,0;V;20 a 24;40,0;1,0;0,4;0,0
02/2021;HAC;2021,0;2,0;VI;25 a 29;55,0;0,0;0,0;0,0
02/2021;HAC;2021,0;2,0;VII;30 a 34;75,0;0,0;0,0;0,0
02/2021;HAC;2021,0;2,0;VIII;> 34;85,0;0,0;0,0;0,0
02/2021;HEM;2021,0;2,0;I;0 a 4;4,0;1,0;0,04;0,0
02/2021;HEM;2021,0;2,0;II;5 a 9;8,0;10,0;0,8;0,0
02/2021;HEM;2021,0;2,0;III;10 a 14;15,0;19,0;2,85;3,0
02/2021;HEM;2021,0;2,0;IV;15 a 19;25,0;9,0;2,25;4,0
02/2021;HEM;2021,0;2,0;V;20 a 24;40,0;7,0;2,8;1,0
02/2021;HEM;2021,0;2,0;VI;25 a 29;55,0;6,0;3,3;3,0
02/2021;HEM;2021,0;2,0;VII;30 a 34;75,0;7,0;5,25;4,0
02/2021;HEM;2021,0;2,0;VIII;> 34;85,0;3,0;2,55;2,0
02/2021;HJK;2021,0;2,0;I;0 a 4;4,0;112,0;4,5;8,0
02/2021;HJK;2021,0;2,0;II;5 a 9;8,0;225,0;18,02;23,0
02/2021;HJK;2021,0;2,0;III;10 a 14;15,0;280,0;42,150000000000006;19,0
02/2021;HJK;2021,0;2,0;IV;15 a 19;25,0;284,0;71,1;39,0
02/2021;HJK;2021,0;2,0;V;20 a 24;40,0;167,0;66,8;34,0
02/2021;HJK;2021,0;2,0;VI;25 a 29;55,0;86,0;47,4;29,0
02/2021;HJK;2021,0;2,0;VII;30 a 34;75,0;46,0;34,6;23,0
02/2021;HJK;2021,0;2,0;VIII;> 34;85,0;24,0;20,5;19,0
02/2021;HJXXIII;2021,0;2,0;I;0 a 4;4,0;18,0;0,72;0,0
02/2021;HJXXIII;2021,0;2,0;II;5 a 9;8,0;30,0;2,4;6,0
02/2021;HJXXIII;2021,0;2,0;III;10 a 14;15,0;39,0;5,85;6,0
02/2021;HJXXIII;2021,0;2,0;IV;15 a 19;25,0;19,0;4,75;7,0
02/2021;HJXXIII;2021,0;2,0;V;20 a 24;40,0;5,0;2,0;2,0
02/2021;HJXXIII;2021,0;2,0;VI;25 a 29;55,0;4,0;2,2;2,0
02/2021;HJXXIII;2021,0;2,0;VII;30 a 34;75,0;1,0;0,75;0,0
02/2021;HJXXIII;2021,0;2,0;VIII;> 34;85,0;0,0;0,0;0,0
02/2021;HRAD;2021,0;2,0;I;0 a 4;4,0;0,0;0,0;0,0
02/2021;HRAD;2021,0;2,0;II;5 a 9;8,0;5,0;0,4;1,0
02/2021;HRAD;2021,0;2,0;III;10 a 14;15,0;9,0;1,35;0,0
02/2021;HRAD;2021,0;2,0;IV;15 a 19;25,0;6,0;1,5;0,0
02/2021;HRAD;2021,0;2,0;V;20 a 24;40,0;9,0;3,6;3,0
02/2021;HRAD;2021,0;2,0;VI;25 a 29;55,0;1,0;0,55;1,0
02/2021;HRAD;2021,0;2,0;VII;30 a 34;75,0;1,0;0,75;1,0
02/2021;HRAD;2021,0;2,0;VIII;> 34;85,0;0,0;0,0;0,0
02/2021;HRBJA;2021,0;2,0;I;0 a 4;4,0;0,0;0,0;0,0
02/2021;HRBJA;2021,0;2,0;II;5 a 9;8,0;3,0;0,24;0,0
02/2021;HRBJA;2021,0;2,0;III;10 a 14;15,0;6,0;0,9;0,0
02/2021;HRBJA;2021,0;2,0;IV;15 a 19;25,0;11,0;2,75;2,0
02/2021;HRBJA;2021,0;2,0;V;20 a 24;40,0;2,0;0,8;0,0
02/2021;HRBJA;2021,0;2,0;VI;25 a 29;55,0;3,0;1,65;1,0
02/2021;HRBJA;2021,0;2,0;VII;30 a 34;75,0;3,0;2,25;3,0
02/2021;HRBJA;2021,0;2,0;VIII;> 34;85,0;1,0;0,85;0,0
02/2021;HRJP;2021,0;2,0;I;0 a 4;4,0;2,0;0,08;0,0
02/2021;HRJP;2021,0;2,0;II;5 a 9;8,0;3,0;0,24;1,0
02/2021;HRJP;2021,0;2,0;III;10 a 14;15,0;5,0;0,75;0,0
02/2021;HRJP;2021,0;2,0;IV;15 a 19;25,0;17,0;4,25;7,0
02/2021;HRJP;2021,0;2,0;V;20 a 24;40,0;11,0;4,4;6,0
02/2021;HRJP;2021,0;2,0;VI;25 a 29;55,0;4,0;2,2;2,0
02/2021;HRJP;2021,0;2,0;VII;30 a 34;75,0;1,0;0,75;0,0
02/2021;HRJP;2021,0;2,0;VIII;> 34;85,0;0,0;0,0;0,0
02/2021;MOV;2021,0;2,0;I;0 a 4;4,0;0,0;0,0;0,0
02/2021;MOV;2021,0;2,0;II;5 a 9;8,0;0,0;0,0;0,0
02/2021;MOV;2021,0;2,0;III;10 a 14;15,0;0,0;0,0;0,0
02/2021;MOV;2021,0;2,0;IV;15 a 19;25,0;0,0;0,0;0,0
02/2021;MOV;2021,0;2,0;V;20 a 24;40,0;0,0;0,0;0,0
02/2021;MOV;2021,0;2,0;VI;25 a 29;55,0;0,0;0,0;0,0
02/2021;MOV;2021,0;2,0;VII;30 a 34;75,0;0,0;0,0;0,0
02/2021;MOV;2021,0;2,0;VIII;> 34;85,0;0,0;0,0;0,0
03/2021;HAC;2021,0;3,0;I;0 a 4;4,0;0,0;0,0;0,0
03/2021;HAC;2021,0;3,0;II;5 a 9;8,0;9,0;0,72;0,0
03/2021;HAC;2021,0;3,0;III;10 a 14;15,0;11,0;1,65;0,0
03/2021;HAC;2021,0;3,0;IV;15 a 19;25,0;12,0;3,0;0,0
03/2021;HAC;2021,0;3,0;V;20 a 24;40,0;3,0;1,2;0,0
03/2021;HAC;2021,0;3,0;VI;25 a 29;55,0;3,0;1,65;1,0
03/2021;HAC;2021,0;3,0;VII;30 a 34;75,0;3,0;2,25;1,0
03/2021;HAC;2021,0;3,0;VIII;> 34;85,0;1,0;0,85;1,0
03/2021;HEM;2021,0;3,0;I;0 a 4;4,0;0,0;0,0;0,0
03/2021;HEM;2021,0;3,0;II;5 a 9;8,0;11,0;0,88;2,0
03/2021;HEM;2021,0;3,0;III;10 a 14;15,0;35,0;5,25;9,0
03/2021;HEM;2021,0;3,0;IV;15 a 19;25,0;14,0;3,5;6,0
03/2021;HEM;2021,0;3,0;V;20 a 24;40,0;17,0;6,8;10,0
03/2021;HEM;2021,0;3,0;VI;25 a 29;55,0;16,0;8,8;9,0
03/2021;HEM;2021,0;3,0;VII;30 a 34;75,0;6,0;4,5;3,0
03/2021;HEM;2021,0;3,0;VIII;> 34;85,0;8,0;6,8;4,0
03/2021;HJK;2021,0;3,0;I;0 a 4;4,0;113,0;4,54;8,0
03/2021;HJK;2021,0;3,0;II;5 a 9;8,0;232,0;18,58;23,0
03/2021;HJK;2021,0;3,0;III;10 a 14;15,0;285,0;42,900000000000006;21,0
03/2021;HJK;2021,0;3,0;IV;15 a 19;25,0;289,0;72,35;43,0
03/2021;HJK;2021,0;3,0;V;20 a 24;40,0;182,0;72,8;44,0
03/2021;HJK;2021,0;3,0;VI;25 a 29;55,0;86,0;47,4;31,0
03/2021;HJK;2021,0;3,0;VII;30 a 34;75,0;52,0;39,1;23,0
03/2021;HJK;2021,0;3,0;VIII;> 34;85,0;31,0;26,45;21,0
03/2021;HJXXIII;2021,0;3,0;I;0 a 4;4,0;17,0;0,68;0,0
03/2021;HJXXIII;2021,0;3,0;II;5 a 9;8,0;33,0;2,64;2,0
03/2021;HJXXIII;2021,0;3,0;III;10 a 14;15,0;44,0;6,6;7,0
03/2021;HJXXIII;2021,0;3,0;IV;15 a 19;25,0;31,0;7,75;14,0
03/2021;HJXXIII;2021,0;3,0;V;20 a 24;40,0;18,0;7,2;10,0
03/2021;HJXXIII;2021,0;3,0;VI;25 a 29;55,0;6,0;3,3;4,0
03/2021;HJXXIII;2021,0;3,0;VII;30 a 34;75,0;3,0;2,25;0,0
03/2021;HJXXIII;2021,0;3,0;VIII;> 34;85,0;0,0;0,0;0,0
03/2021;HRAD;2021,0;3,0;I;0 a 4;4,0;0,0;0,0;0,0
03/2021;HRAD;2021,0;3,0;II;5 a 9;8,0;1,0;0,08;0,0
03/2021;HRAD;2021,0;3,0;III;10 a 14;15,0;5,0;0,75;2,0
03/2021;HRAD;2021,0;3,0;IV;15 a 19;25,0;2,0;0,5;0,0
03/2021;HRAD;2021,0;3,0;V;20 a 24;40,0;8,0;3,2;4,0
03/2021;HRAD;2021,0;3,0;VI;25 a 29;55,0;5,0;2,75;2,0
03/2021;HRAD;2021,0;3,0;VII;30 a 34;75,0;0,0;0,0;0,0
03/2021;HRAD;2021,0;3,0;VIII;> 34;85,0;0,0;0,0;0,0
03/2021;HRBJA;2021,0;3,0;I;0 a 4;4,0;0,0;0,0;0,0
03/2021;HRBJA;2021,0;3,0;II;5 a 9;8,0;2,0;0,16;0,0
03/2021;HRBJA;2021,0;3,0;III;10 a 14;15,0;1,0;0,15;0,0
03/2021;HRBJA;2021,0;3,0;IV;15 a 19;25,0;7,0;1,75;1,0
03/2021;HRBJA;2021,0;3,0;V;20 a 24;40,0;8,0;3,2;3,0
03/2021;HRBJA;2021,0;3,0;VI;25 a 29;55,0;4,0;2,2;2,0
03/2021;HRBJA;2021,0;3,0;VII;30 a 34;75,0;0,0;0,0;0,0
03/2021;HRBJA;2021,0;3,0;VIII;> 34;85,0;0,0;0,0;0,0
03/2021;HRJP;2021,0;3,0;I;0 a 4;4,0;0,0;0,0;0,0
03/2021;HRJP;2021,0;3,0;II;5 a 9;8,0;3,0;0,24;0,0
03/2021;HRJP;2021,0;3,0;III;10 a 14;15,0;20,0;3,0;3,0
03/2021;HRJP;2021,0;3,0;IV;15 a 19;25,0;30,0;7,5;9,0
03/2021;HRJP;2021,0;3,0;V;20 a 24;40,0;6,0;2,4;3,0
03/2021;HRJP;2021,0;3,0;VI;25 a 29;55,0;0,0;0,0;0,0
03/2021;HRJP;2021,0;3,0;VII;30 a 34;75,0;0,0;0,0;0,0
03/2021;HRJP;2021,0;3,0;VIII;> 34;85,0;0,0;0,0;0,0
03/2021;MOV;2021,0;3,0;I;0 a 4;4,0;0,0;0,0;0,0
03/2021;MOV;2021,0;3,0;II;5 a 9;8,0;0,0;0,0;0,0
03/2021;MOV;2021,0;3,0;III;10 a 14;15,0;0,0;0,0;0,0
03/2021;MOV;2021,0;3,0;IV;15 a 19;25,0;0,0;0,0;0,0
03/2021;MOV;2021,0;3,0;V;20 a 24;40,0;0,0;0,0;0,0
03/2021;MOV;2021,0;3,0;VI;25 a 29;55,0;0,0;0,0;0,0
03/2021;MOV;2021,0;3,0;VII;30 a 34;75,0;0,0;0,0;0,0
03/2021;MOV;2021,0;3,0;VIII;> 34;85,0;0,0;0,0;0,0
04/2021;HAC;2021,0;4,0;I;0 a 4;4,0;0,0;0,0;0,0
04/2021;HAC;2021,0;4,0;II;5 a 9;8,0;5,0;0,4;0,0
04/2021;HAC;2021,0;4,0;III;10 a 14;15,0;13,0;1,95;1,0
04/2021;HAC;2021,0;4,0;IV;15 a 19;25,0;7,0;1,75;1,0
04/2021;HAC;2021,0;4,0;V;20 a 24;40,0;4,0;1,6;2,0
04/2021;HAC;2021,0;4,0;VI;25 a 29;55,0;4,0;2,2;3,0
04/2021;HAC;2021,0;4,0;VII;30 a 34;75,0;4,0;3,0;4,0
04/2021;HAC;2021,0;4,0;VIII;> 34;85,0;0,0;0,0;0,0
04/2021;HEM;2021,0;4,0;I;0 a 4;4,0;0,0;0,0;0,0
04/2021;HEM;2021,0;4,0;II;5 a 9;8,0;1,0;0,08;1,0
04/2021;HEM;2021,0;4,0;III;10 a 14;15,0;9,0;1,35;6,0
04/2021;HEM;2021,0;4,0;IV;15 a 19;25,0;25,0;6,25;13,0
04/2021;HEM;2021,0;4,0;V;20 a 24;40,0;25,0;10,0;12,0
04/2021;HEM;2021,0;4,0;VI;25 a 29;55,0;13,0;7,15;9,0
04/2021;HEM;2021,0;4,0;VII;30 a 34;75,0;2,0;1,5;2,0
04/2021;HEM;2021,0;4,0;VIII;> 34;85,0;9,0;7,65;7,0
04/2021;HJK;2021,0;4,0;I;0 a 4;4,0;114,0;4,58;8,0
04/2021;HJK;2021,0;4,0;II;5 a 9;8,0;232,0;18,58;25,0
04/2021;HJK;2021,0;4,0;III;10 a 14;15,0;281,0;42,3;17,0
04/2021;HJK;2021,0;4,0;IV;15 a 19;25,0;274,0;68,6;40,0
04/2021;HJK;2021,0;4,0;V;20 a 24;40,0;167,0;66,8;36,0
04/2021;HJK;2021,0;4,0;VI;25 a 29;55,0;88,0;48,5;28,0
04/2021;HJK;2021,0;4,0;VII;30 a 34;75,0;47,0;35,35;25,0
04/2021;HJK;2021,0;4,0;VIII;> 34;85,0;35,0;29,85;23,0
04/2021;HJXXIII;2021,0;4,0;I;0 a 4;4,0;5,0;0,2;0,0
04/2021;HJXXIII;2021,0;4,0;II;5 a 9;8,0;19,0;1,52;1,0
04/2021;HJXXIII;2021,0;4,0;III;10 a 14;15,0;25,0;3,75;4,0
04/2021;HJXXIII;2021,0;4,0;IV;15 a 19;25,0;39,0;9,75;6,0
04/2021;HJXXIII;2021,0;4,0;V;20 a 24;40,0;22,0;8,8;8,0
04/2021;HJXXIII;2021,0;4,0;VI;25 a 29;55,0;12,0;6,6;8,0
04/2021;HJXXIII;2021,0;4,0;VII;30 a 34;75,0;2,0;1,5;2,0
04/2021;HJXXIII;2021,0;4,0;VIII;> 34;85,0;0,0;0,0;0,0
04/2021;HRAD;2021,0;4,0;I;0 a 4;4,0;0,0;0,0;0,0
04/2021;HRAD;2021,0;4,0;II;5 a 9;8,0;0,0;0,0;0,0
04/2021;HRAD;2021,0;4,0;III;10 a 14;15,0;2,0;0,3;0,0
04/2021;HRAD;2021,0;4,0;IV;15 a 19;25,0;11,0;2,75;2,0
04/2021;HRAD;2021,0;4,0;V;20 a 24;40,0;8,0;3,2;3,0
04/2021;HRAD;2021,0;4,0;VI;25 a 29;55,0;2,0;1,1;1,0
04/2021;HRAD;2021,0;4,0;VII;30 a 34;75,0;0,0;0,0;0,0
04/2021;HRAD;2021,0;4,0;VIII;> 34;85,0;0,0;0,0;0,0
04/2021;HRBJA;2021,0;4,0;I;0 a 4;4,0;0,0;0,0;0,0
04/2021;HRBJA;2021,0;4,0;II;5 a 9;8,0;4,0;0,32;0,0
04/2021;HRBJA;2021,0;4,0;III;10 a 14;15,0;9,0;1,35;0,0
04/2021;HRBJA;2021,0;4,0;IV;15 a 19;25,0;8,0;2,0;1,0
04/2021;HRBJA;2021,0;4,0;V;20 a 24;40,0;4,0;1,6;2,0
04/2021;HRBJA;2021,0;4,0;VI;25 a 29;55,0;6,0;3,3;5,0
04/2021;HRBJA;2021,0;4,0;VII;30 a 34;75,0;2,0;1,5;1,0
04/2021;HRBJA;2021,0;4,0;VIII;> 34;85,0;1,0;0,85;1,0
04/2021;HRJP;2021,0;4,0;I;0 a 4;4,0;0,0;0,0;0,0
04/2021;HRJP;2021,0;4,0;II;5 a 9;8,0;2,0;0,16;0,0
04/2021;HRJP;2021,0;4,0;III;10 a 14;15,0;18,0;2,7;4,0
04/2021;HRJP;2021,0;4,0;IV;15 a 19;25,0;30,0;7,5;4,0
04/2021;HRJP;2021,0;4,0;V;20 a 24;40,0;7,0;2,8;3,0
04/2021;HRJP;2021,0;4,0;VI;25 a 29;55,0;0,0;0,0;0,0
04/2021;HRJP;2021,0;4,0;VII;30 a 34;75,0;0,0;0,0;0,0
04/2021;HRJP;2021,0;4,0;VIII;> 34;85,0;0,0;0,0;0,0
04/2021;MOV;2021,0;4,0;I;0 a 4;4,0;0,0;0,0;0,0
04/2021;MOV;2021,0;4,0;II;5 a 9;8,0;0,0;0,0;0,0
04/2021;MOV;2021,0;4,0;III;10 a 14;15,0;0,0;0,0;0,0
04/2021;MOV;2021,0;4,0;IV;15 a 19;25,0;0,0;0,0;0,0
04/2021;MOV;2021,0;4,0;V;20 a 24;40,0;0,0;0,0;0,0
04/2021;MOV;2021,0;4,0;VI;25 a 29;55,0;0,0;0,0;0,0
04/2021;MOV;2021,0;4,0;VII;30 a 34;75,0;0,0;0,0;0,0
04/2021;MOV;2021,0;4,0;VIII;> 34;85,0;0,0;0,0;0,0
05/2021;HAC;2021,0;5,0;I;0 a 4;4,0;0,0;0,0;0,0
05/2021;HAC;2021,0;5,0;II;5 a 9;8,0;6,0;0,48;0,0
05/2021;HAC;2021,0;5,0;III;10 a 14;15,0;13,0;1,95;0,0
05/2021;HAC;2021,0;5,0;IV;15 a 19;25,0;11,0;2,75;0,0
05/2021;HAC;2021,0;5,0;V;20 a 24;40,0;5,0;2,0;0,0
05/2021;HAC;2021,0;5,0;VI;25 a 29;55,0;1,0;0,55;0,0
05/2021;HAC;2021,0;5,0;VII;30 a 34;75,0;1,0;0,75;1,0
05/2021;HAC;2021,0;5,0;VIII;> 34;85,0;0,0;0,0;0,0
05/2021;HEM;2021,0;5,0;I;0 a 4;4,0;0,0;0,0;0,0
05/2021;HEM;2021,0;5,0;II;5 a 9;8,0;3,0;0,24;0,0
05/2021;HEM;2021,0;5,0;III;10 a 14;15,0;17,0;2,55;7,0
05/2021;HEM;2021,0;5,0;IV;15 a 19;25,0;19,0;4,75;8,0
05/2021;HEM;2021,0;5,0;V;20 a 24;40,0;14,0;5,6;4,0
05/2021;HEM;2021,0;5,0;VI;25 a 29;55,0;7,0;3,85;4,0
05/2021;HEM;2021,0;5,0;VII;30 a 34;75,0;3,0;2,25;2,0
05/2021;HEM;2021,0;5,0;VIII;> 34;85,0;3,0;2,55;3,0
05/2021;HJK;2021,0;5,0;I;0 a 4;4,0;120,0;4,82;10,0
05/2021;HJK;2021,0;5,0;II;5 a 9;8,0;244,0;19,54;24,0
05/2021;HJK;2021,0;5,0;III;10 a 14;15,0;284,0;42,75;18,0
05/2021;HJK;2021,0;5,0;IV;15 a 19;25,0;267,0;66,85;37,0
05/2021;HJK;2021,0;5,0;V;20 a 24;40,0;166,0;66,4;35,0
05/2021;HJK;2021,0;5,0;VI;25 a 29;55,0;79,0;43,55;27,0
05/2021;HJK;2021,0;5,0;VII;30 a 34;75,0;57,0;42,85;26,0
05/2021;HJK;2021,0;5,0;VIII;> 34;85,0;27,0;23,05;20,0
05/2021;HJXXIII;2021,0;5,0;I;0 a 4;4,0;2,0;0,08;1,0
05/2021;HJXXIII;2021,0;5,0;II;5 a 9;8,0;24,0;1,92;0,0
05/2021;HJXXIII;2021,0;5,0;III;10 a 14;15,0;28,0;4,2;4,0
05/2021;HJXXIII;2021,0;5,0;IV;15 a 19;25,0;39,0;9,75;4,0
05/2021;HJXXIII;2021,0;5,0;V;20 a 24;40,0;18,0;7,2;8,0
05/2021;HJXXIII;2021,0;5,0;VI;25 a 29;55,0;9,0;4,95;7,0
05/2021;HJXXIII;2021,0;5,0;VII;30 a 34;75,0;5,0;3,75;4,0
05/2021;HJXXIII;2021,0;5,0;VIII;> 34;85,0;0,0;0,0;0,0
05/2021;HRAD;2021,0;5,0;I;0 a 4;4,0;0,0;0,0;0,0
05/2021;HRAD;2021,0;5,0;II;5 a 9;8,0;1,0;0,08;1,0
05/2021;HRAD;2021,0;5,0;III;10 a 14;15,0;4,0;0,6;0,0
05/2021;HRAD;2021,0;5,0;IV;15 a 19;25,0;8,0;2,0;2,0
05/2021;HRAD;2021,0;5,0;V;20 a 24;40,0;5,0;2,0;0,0
05/2021;HRAD;2021,0;5,0;VI;25 a 29;55,0;5,0;2,75;3,0
05/2021;HRAD;2021,0;5,0;VII;30 a 34;75,0;1,0;0,75;1,0
05/2021;HRAD;2021,0;5,0;VIII;> 34;85,0;0,0;0,0;0,0
05/2021;HRBJA;2021,0;5,0;I;0 a 4;4,0;0,0;0,0;0,0
05/2021;HRBJA;2021,0;5,0;II;5 a 9;8,0;2,0;0,16;0,0
05/2021;HRBJA;2021,0;5,0;III;10 a 14;15,0;3,0;0,45;0,0
05/2021;HRBJA;2021,0;5,0;IV;15 a 19;25,0;13,0;3,25;3,0
05/2021;HRBJA;2021,0;5,0;V;20 a 24;40,0;3,0;1,2;1,0
05/2021;HRBJA;2021,0;5,0;VI;25 a 29;55,0;4,0;2,2;1,0
05/2021;HRBJA;2021,0;5,0;VII;30 a 34;75,0;1,0;0,75;0,0
05/2021;HRBJA;2021,0;5,0;VIII;> 34;85,0;0,0;0,0;0,0
05/2021;HRJP;2021,0;5,0;I;0 a 4;4,0;0,0;0,0;0,0
05/2021;HRJP;2021,0;5,0;II;5 a 9;8,0;3,0;0,24;0,0
05/2021;HRJP;2021,0;5,0;III;10 a 14;15,0;22,0;3,3;3,0
05/2021;HRJP;2021,0;5,0;IV;15 a 19;25,0;25,0;6,25;4,0
05/2021;HRJP;2021,0;5,0;V;20 a 24;40,0;5,0;2,0;0,0
05/2021;HRJP;2021,0;5,0;VI;25 a 29;55,0;0,0;0,0;0,0
05/2021;HRJP;2021,0;5,0;VII;30 a 34;75,0;0,0;0,0;0,0
05/2021;HRJP;2021,0;5,0;VIII;> 34;85,0;0,0;0,0;0,0
05/2021;MOV;2021,0;5,0;I;0 a 4;4,0;0,0;0,0;0,0
05/2021;MOV;2021,0;5,0;II;5 a 9;8,0;0,0;0,0;0,0
05/2021;MOV;2021,0;5,0;III;10 a 14;15,0;0,0;0,0;0,0
05/2021;MOV;2021,0;5,0;IV;15 a 19;25,0;0,0;0,0;0,0
05/2021;MOV;2021,0;5,0;V;20 a 24;40,0;0,0;0,0;0,0
05/2021;MOV;2021,0;5,0;VI;25 a 29;55,0;0,0;0,0;0,0
05/2021;MOV;2021,0;5,0;VII;30 a 34;75,0;0,0;0,0;0,0
05/2021;MOV;2021,0;5,0;VIII;> 34;85,0;0,0;0,0;0,0
06/2021;HAC;2021,0;6,0;I;0 a 4;4,0;1,0;0,04;0,0
06/2021;HAC;2021,0;6,0;II;5 a 9;8,0;3,0;0,24;0,0
06/2021;HAC;2021,0;6,0;III;10 a 14;15,0;19,0;2,85;0,0
06/2021;HAC;2021,0;6,0;IV;15 a 19;25,0;13,0;3,25;0,0
06/2021;HAC;2021,0;6,0;V;20 a 24;40,0;8,0;3,2;2,0
06/2021;HAC;2021,0;6,0;VI;25 a 29;55,0;3,0;1,65;3,0
06/2021;HAC;2021,0;6,0;VII;30 a 34;75,0;4,0;3,0;3,0
06/2021;HAC;2021,0;6,0;VIII;> 34;85,0;2,0;1,7;2,0
06/2021;HEM;2021,0;6,0;I;0 a 4;4,0;0,0;0,0;0,0
06/2021;HEM;2021,0;6,0;II;5 a 9;8,0;1,0;0,08;0,0
06/2021;HEM;2021,0;6,0;III;10 a 14;15,0;17,0;2,55;7,0
06/2021;HEM;2021,0;6,0;IV;15 a 19;25,0;26,0;6,5;8,0
06/2021;HEM;2021,0;6,0;V;20 a 24;40,0;12,0;4,8;1,0
06/2021;HEM;2021,0;6,0;VI;25 a 29;55,0;9,0;4,95;2,0
06/2021;HEM;2021,0;6,0;VII;30 a 34;75,0;3,0;2,25;2,0
06/2021;HEM;2021,0;6,0;VIII;> 34;85,0;1,0;0,85;1,0
06/2021;HJK;2021,0;6,0;I;0 a 4;4,0;127,0;5,1;9,0
06/2021;HJK;2021,0;6,0;II;5 a 9;8,0;244,0;19,54;26,0
06/2021;HJK;2021,0;6,0;III;10 a 14;15,0;287,0;43,2;18,0
06/2021;HJK;2021,0;6,0;IV;15 a 19;25,0;265,0;66,35;34,0
06/2021;HJK;2021,0;6,0;V;20 a 24;40,0;168,0;67,2;36,0
06/2021;HJK;2021,0;6,0;VI;25 a 29;55,0;80,0;44,099999999999994;27,0
06/2021;HJK;2021,0;6,0;VII;30 a 34;75,0;52,0;39,1;21,0
06/2021;HJK;2021,0;6,0;VIII;> 34;85,0;30,0;25,6;21,0
06/2021;HJXXIII;2021,0;6,0;I;0 a 4;4,0;2,0;0,08;0,0
06/2021;HJXXIII;2021,0;6,0;II;5 a 9;8,0;22,0;1,76;1,0
06/2021;HJXXIII;2021,0;6,0;III;10 a 14;15,0;34,0;5,1;0,0
06/2021;HJXXIII;2021,0;6,0;IV;15 a 19;25,0;21,0;5,25;4,0
06/2021;HJXXIII;2021,0;6,0;V;20 a 24;40,0;29,0;11,6;7,0
06/2021;HJXXIII;2021,0;6,0;VI;25 a 29;55,0;6,0;3,3;4,0
06/2021;HJXXIII;2021,0;6,0;VII;30 a 34;75,0;4,0;3,0;1,0
06/2021;HJXXIII;2021,0;6,0;VIII;> 34;85,0;0,0;0,0;0,0
06/2021;HRAD;2021,0;6,0;I;0 a 4;4,0;0,0;0,0;0,0
06/2021;HRAD;2021,0;6,0;II;5 a 9;8,0;1,0;0,08;0,0
06/2021;HRAD;2021,0;6,0;III;10 a 14;15,0;3,0;0,45;1,0
06/2021;HRAD;2021,0;6,0;IV;15 a 19;25,0;4,0;1,0;3,0
06/2021;HRAD;2021,0;6,0;V;20 a 24;40,0;7,0;2,8;4,0
06/2021;HRAD;2021,0;6,0;VI;25 a 29;55,0;4,0;2,2;3,0
06/2021;HRAD;2021,0;6,0;VII;30 a 34;75,0;0,0;0,0;0,0
06/2021;HRAD;2021,0;6,0;VIII;> 34;85,0;0,0;0,0;0,0
06/2021;HRBJA;2021,0;6,0;I;0 a 4;4,0;0,0;0,0;0,0
06/2021;HRBJA;2021,0;6,0;II;5 a 9;8,0;1,0;0,08;0,0
06/2021;HRBJA;2021,0;6,0;III;10 a 14;15,0;4,0;0,6;1,0
06/2021;HRBJA;2021,0;6,0;IV;15 a 19;25,0;5,0;1,25;0,0
06/2021;HRBJA;2021,0;6,0;V;20 a 24;40,0;1,0;0,4;1,0
06/2021;HRBJA;2021,0;6,0;VI;25 a 29;55,0;6,0;3,3;4,0
06/2021;HRBJA;2021,0;6,0;VII;30 a 34;75,0;1,0;0,75;1,0
06/2021;HRBJA;2021,0;6,0;VIII;> 34;85,0;1,0;0,85;1,0
06/2021;HRJP;2021,0;6,0;I;0 a 4;4,0;1,0;0,04;0,0
06/2021;HRJP;2021,0;6,0;II;5 a 9;8,0;2,0;0,16;0,0
06/2021;HRJP;2021,0;6,0;III;10 a 14;15,0;15,0;2,25;1,0
06/2021;HRJP;2021,0;6,0;IV;15 a 19;25,0;21,0;5,25;4,0
06/2021;HRJP;2021,0;6,0;V;20 a 24;40,0;12,0;4,8;3,0
06/2021;HRJP;2021,0;6,0;VI;25 a 29;55,0;0,0;0,0;0,0
06/2021;HRJP;2021,0;6,0;VII;30 a 34;75,0;0,0;0,0;0,0
06/2021;HRJP;2021,0;6,0;VIII;> 34;85,0;0,0;0,0;0,0
06/2021;MOV;2021,0;6,0;I;0 a 4;4,0;0,0;0,0;0,0
06/2021;MOV;2021,0;6,0;II;5 a 9;8,0;0,0;0,0;0,0
06/2021;MOV;2021,0;6,0;III;10 a 14;15,0;0,0;0,0;0,0
06/2021;MOV;2021,0;6,0;IV;15 a 19;25,0;0,0;0,0;0,0
06/2021;MOV;2021,0;6,0;V;20 a 24;40,0;0,0;0,0;0,0
06/2021;MOV;2021,0;6,0;VI;25 a 29;55,0;0,0;0,0;0,0
06/2021;MOV;2021,0;6,0;VII;30 a 34;75,0;0,0;0,0;0,0
06/2021;MOV;2021,0;6,0;VIII;> 34;85,0;0,0;0,0;0,0
07/2021;HAC;2021,0;7,0;I;0 a 4;4,0;3,0;0,12;0,0
07/2021;HAC;2021,0;7,0;II;5 a 9;8,0;9,0;0,72;0,0
07/2021;HAC;2021,0;7,0;III;10 a 14;15,0;14,0;2,1;0,0
07/2021;HAC;2021,0;7,0;IV;15 a 19;25,0;8,0;2,0;1,0
07/2021;HAC;2021,0;7,0;V;20 a 24;40,0;8,0;3,2;0,0
07/2021;HAC;2021,0;7,0;VI;25 a 29;55,0;3,0;1,65;0,0
07/2021;HAC;2021,0;7,0;VII;30 a 34;75,0;4,0;3,0;1,0
07/2021;HAC;2021,0;7,0;VIII;> 34;85,0;1,0;0,85;1,0
07/2021;HEM;2021,0;7,0;I;0 a 4;4,0;1,0;0,04;0,0
07/2021;HEM;2021,0;7,0;II;5 a 9;8,0;9,0;0,72;2,0
07/2021;HEM;2021,0;7,0;III;10 a 14;15,0;20,0;3,0;0,0
07/2021;HEM;2021,0;7,0;IV;15 a 19;25,0;17,0;4,25;5,0
07/2021;HEM;2021,0;7,0;V;20 a 24;40,0;16,0;6,4;4,0
07/2021;HEM;2021,0;7,0;VI;25 a 29;55,0;10,0;5,5;4,0
07/2021;HEM;2021,0;7,0;VII;30 a 34;75,0;3,0;2,25;2,0
07/2021;HEM;2021,0;7,0;VIII;> 34;85,0;2,0;1,7;2,0
07/2021;HJK;2021,0;7,0;I;0 a 4;4,0;116,0;4,66;8,0
07/2021;HJK;2021,0;7,0;II;5 a 9;8,0;233,0;18,66;26,0
07/2021;HJK;2021,0;7,0;III;10 a 14;15,0;287,0;43,2;15,0
07/2021;HJK;2021,0;7,0;IV;15 a 19;25,0;278,0;69,6;35,0
07/2021;HJK;2021,0;7,0;V;20 a 24;40,0;169,0;67,6;38,0
07/2021;HJK;2021,0;7,0;VI;25 a 29;55,0;82,0;45,2;27,0
07/2021;HJK;2021,0;7,0;VII;30 a 34;75,0;50,0;37,6;20,0
07/2021;HJK;2021,0;7,0;VIII;> 34;85,0;27,0;23,05;19,0
07/2021;HJXXIII;2021,0;7,0;I;0 a 4;4,0;2,0;0,08;0,0
07/2021;HJXXIII;2021,0;7,0;II;5 a 9;8,0;32,0;2,56;0,0
07/2021;HJXXIII;2021,0;7,0;III;10 a 14;15,0;35,0;5,25;1,0
07/2021;HJXXIII;2021,0;7,0;IV;15 a 19;25,0;35,0;8,75;3,0
07/2021;HJXXIII;2021,0;7,0;V;20 a 24;40,0;21,0;8,4;9,0
07/2021;HJXXIII;2021,0;7,0;VI;25 a 29;55,0;7,0;3,85;2,0
07/2021;HJXXIII;2021,0;7,0;VII;30 a 34;75,0;3,0;2,25;3,0
07/2021;HJXXIII;2021,0;7,0;VIII;> 34;85,0;3,0;2,55;2,0
07/2021;HRAD;2021,0;7,0;I;0 a 4;4,0;0,0;0,0;0,0
07/2021;HRAD;2021,0;7,0;II;5 a 9;8,0;1,0;0,08;0,0
07/2021;HRAD;2021,0;7,0;III;10 a 14;15,0;6,0;0,9;0,0
07/2021;HRAD;2021,0;7,0;IV;15 a 19;25,0;1,0;0,25;0,0
07/2021;HRAD;2021,0;7,0;V;20 a 24;40,0;7,0;2,8;1,0
07/2021;HRAD;2021,0;7,0;VI;25 a 29;55,0;5,0;2,75;3,0
07/2021;HRAD;2021,0;7,0;VII;30 a 34;75,0;0,0;0,0;0,0
07/2021;HRAD;2021,0;7,0;VIII;> 34;85,0;0,0;0,0;0,0
07/2021;HRBJA;2021,0;7,0;I;0 a 4;4,0;0,0;0,0;0,0
07/2021;HRBJA;2021,0;7,0;II;5 a 9;8,0;1,0;0,08;0,0
07/2021;HRBJA;2021,0;7,0;III;10 a 14;15,0;2,0;0,3;1,0
07/2021;HRBJA;2021,0;7,0;IV;15 a 19;25,0;7,0;1,75;1,0
07/2021;HRBJA;2021,0;7,0;V;20 a 24;40,0;9,0;3,6;4,0
07/2021;HRBJA;2021,0;7,0;VI;25 a 29;55,0;2,0;1,1;0,0
07/2021;HRBJA;2021,0;7,0;VII;30 a 34;75,0;0,0;0,0;0,0
07/2021;HRBJA;2021,0;7,0;VIII;> 34;85,0;2,0;1,7;2,0
07/2021;HRJP;2021,0;7,0;I;0 a 4;4,0;1,0;0,04;0,0
07/2021;HRJP;2021,0;7,0;II;5 a 9;8,0;1,0;0,08;0,0
07/2021;HRJP;2021,0;7,0;III;10 a 14;15,0;9,0;1,35;1,0
07/2021;HRJP;2021,0;7,0;IV;15 a 19;25,0;16,0;4,0;2,0
07/2021;HRJP;2021,0;7,0;V;20 a 24;40,0;11,0;4,4;0,0
07/2021;HRJP;2021,0;7,0;VI;25 a 29;55,0;9,0;4,95;4,0
07/2021;HRJP;2021,0;7,0;VII;30 a 34;75,0;4,0;3,0;2,0
07/2021;HRJP;2021,0;7,0;VIII;> 34;85,0;3,0;2,55;0,0
07/2021;MOV;2021,0;7,0;I;0 a 4;4,0;0,0;0,0;0,0
07/2021;MOV;2021,0;7,0;II;5 a 9;8,0;0,0;0,0;0,0
07/2021;MOV;2021,0;7,0;III;10 a 14;15,0;0,0;0,0;0,0
07/2021;MOV;2021,0;7,0;IV;15 a 19;25,0;0,0;0,0;0,0
07/2021;MOV;2021,0;7,0;V;20 a 24;40,0;0,0;0,0;0,0
07/2021;MOV;2021,0;7,0;VI;25 a 29;55,0;0,0;0,0;0,0
07/2021;MOV;2021,0;7,0;VII;30 a 34;75,0;0,0;0,0;0,0
07/2021;MOV;2021,0;7,0;VIII;> 34;85,0;0,0;0,0;0,0
08/2021;HAC;2021,0;8,0;I;0 a 4;4,0;4,0;0,16;0,0
08/2021;HAC;2021,0;8,0;II;5 a 9;8,0;12,0;0,96;0,0
08/2021;HAC;2021,0;8,0;III;10 a 14;15,0;11,0;1,65;2,0
08/2021;HAC;2021,0;8,0;IV;15 a 19;25,0;8,0;2,0;0,0
08/2021;HAC;2021,0;8,0;V;20 a 24;40,0;5,0;2,0;2,0
08/2021;HAC;2021,0;8,0;VI;25 a 29;55,0;3,0;1,65;0,0
08/2021;HAC;2021,0;8,0;VII;30 a 34;75,0;2,0;1,5;2,0
08/2021;HAC;2021,0;8,0;VIII;> 34;85,0;5,0;4,25;3,0
08/2021;HEM;2021,0;8,0;I;0 a 4;4,0;0,0;0,0;0,0
08/2021;HEM;2021,0;8,0;II;5 a 9;8,0;7,0;0,56;1,0
08/2021;HEM;2021,0;8,0;III;10 a 14;15,0;12,0;1,8;0,0
08/2021;HEM;2021,0;8,0;IV;15 a 19;25,0;13,0;3,25;1,0
08/2021;HEM;2021,0;8,0;V;20 a 24;40,0;14,0;5,6;3,0
08/2021;HEM;2021,0;8,0;VI;25 a 29;55,0;10,0;5,5;2,0
08/2021;HEM;2021,0;8,0;VII;30 a 34;75,0;6,0;4,5;4,0
08/2021;HEM;2021,0;8,0;VIII;> 34;85,0;1,0;0,85;0,0
08/2021;HJK;2021,0;8,0;I;0 a 4;4,0;116,0;4,66;9,0
08/2021;HJK;2021,0;8,0;II;5 a 9;8,0;236,0;18,9;24,0
08/2021;HJK;2021,0;8,0;III;10 a 14;15,0;287,0;43,2;18,0
08/2021;HJK;2021,0;8,0;IV;15 a 19;25,0;281,0;70,35;35,0
08/2021;HJK;2021,0;8,0;V;20 a 24;40,0;163,0;65,2;35,0
08/2021;HJK;2021,0;8,0;VI;25 a 29;55,0;77,0;42,45;26,0
08/2021;HJK;2021,0;8,0;VII;30 a 34;75,0;42,0;31,6;18,0
08/2021;HJK;2021,0;8,0;VIII;> 34;85,0;24,0;20,5;17,0
08/2021;HJXXIII;2021,0;8,0;I;0 a 4;4,0;2,0;0,08;0,0
08/2021;HJXXIII;2021,0;8,0;II;5 a 9;8,0;32,0;2,56;0,0
08/2021;HJXXIII;2021,0;8,0;III;10 a 14;15,0;35,0;5,25;1,0
08/2021;HJXXIII;2021,0;8,0;IV;15 a 19;25,0;35,0;8,75;3,0
08/2021;HJXXIII;2021,0;8,0;V;20 a 24;40,0;21,0;8,4;9,0
08/2021;HJXXIII;2021,0;8,0;VI;25 a 29;55,0;7,0;3,85;2,0
08/2021;HJXXIII;2021,0;8,0;VII;30 a 34;75,0;3,0;2,25;3,0
08/2021;HJXXIII;2021,0;8,0;VIII;> 34;85,0;3,0;2,55;2,0
08/2021;HRAD;2021,0;8,0;I;0 a 4;4,0;0,0;0,0;0,0
08/2021;HRAD;2021,0;8,0;II;5 a 9;8,0;2,0;0,16;0,0
08/2021;HRAD;2021,0;8,0;III;10 a 14;15,0;6,0;0,9;1,0
08/2021;HRAD;2021,0;8,0;IV;15 a 19;25,0;7,0;1,75;1,0
08/2021;HRAD;2021,0;8,0;V;20 a 24;40,0;4,0;1,6;3,0
08/2021;HRAD;2021,0;8,0;VI;25 a 29;55,0;1,0;0,55;1,0
08/2021;HRAD;2021,0;8,0;VII;30 a 34;75,0;0,0;0,0;0,0
08/2021;HRAD;2021,0;8,0;VIII;> 34;85,0;0,0;0,0;0,0
08/2021;HRBJA;2021,0;8,0;I;0 a 4;4,0;0,0;0,0;0,0
08/2021;HRBJA;2021,0;8,0;II;5 a 9;8,0;1,0;0,08;0,0
08/2021;HRBJA;2021,0;8,0;III;10 a 14;15,0;6,0;0,9;0,0
08/2021;HRBJA;2021,0;8,0;IV;15 a 19;25,0;6,0;1,5;1,0
08/2021;HRBJA;2021,0;8,0;V;20 a 24;40,0;6,0;2,4;2,0
08/2021;HRBJA;2021,0;8,0;VI;25 a 29;55,0;1,0;0,55;1,0
08/2021;HRBJA;2021,0;8,0;VII;30 a 34;75,0;1,0;0,75;0,0
08/2021;HRBJA;2021,0;8,0;VIII;> 34;85,0;2,0;1,7;1,0
08/2021;HRJP;2021,0;8,0;I;0 a 4;4,0;1,0;0,04;0,0
08/2021;HRJP;2021,0;8,0;II;5 a 9;8,0;0,0;0,0;0,0
08/2021;HRJP;2021,0;8,0;III;10 a 14;15,0;7,0;1,05;1,0
08/2021;HRJP;2021,0;8,0;IV;15 a 19;25,0;9,0;2,25;2,0
08/2021;HRJP;2021,0;8,0;V;20 a 24;40,0;8,0;3,2;1,0
08/2021;HRJP;2021,0;8,0;VI;25 a 29;55,0;4,0;2,2;4,0
08/2021;HRJP;2021,0;8,0;VII;30 a 34;75,0;3,0;2,25;1,0
08/2021;HRJP;2021,0;8,0;VIII;> 34;85,0;1,0;0,85;1,0
08/2021;MOV;2021,0;8,0;I;0 a 4;4,0;0,0;0,0;0,0
08/2021;MOV;2021,0;8,0;II;5 a 9;8,0;0,0;0,0;0,0
08/2021;MOV;2021,0;8,0;III;10 a 14;15,0;0,0;0,0;0,0
08/2021;MOV;2021,0;8,0;IV;15 a 19;25,0;0,0;0,0;0,0
08/2021;MOV;2021,0;8,0;V;20 a 24;40,0;0,0;0,0;0,0
08/2021;MOV;2021,0;8,0;VI;25 a 29;55,0;0,0;0,0;0,0
08/2021;MOV;2021,0;8,0;VII;30 a 34;75,0;0,0;0,0;0,0
08/2021;MOV;2021,0;8,0;VIII;> 34;85,0;0,0;0,0;0,0
09/2021;HAC;2021,0;9,0;I;0 a 4;4,0;2,0;0,08;0,0
09/2021;HAC;2021,0;9,0;II;5 a 9;8,0;7,0;0,56;0,0
09/2021;HAC;2021,0;9,0;III;10 a 14;15,0;12,0;1,8;1,0
09/2021;HAC;2021,0;9,0;IV;15 a 19;25,0;18,0;4,5;2,0
09/2021;HAC;2021,0;9,0;V;20 a 24;40,0;4,0;1,6;2,0
09/2021;HAC;2021,0;9,0;VI;25 a 29;55,0;5,0;2,75;2,0
09/2021;HAC;2021,0;9,0;VII;30 a 34;75,0;0,0;0,0;0,0
09/2021;HAC;2021,0;9,0;VIII;> 34;85,0;0,0;0,0;0,0
09/2021;HEM;2021,0;9,0;I;0 a 4;4,0;0,0;0,0;0,0
09/2021;HEM;2021,0;9,0;II;5 a 9;8,0;1,0;0,08;0,0
09/2021;HEM;2021,0;9,0;III;10 a 14;15,0;6,0;0,9;0,0
09/2021;HEM;2021,0;9,0;IV;15 a 19;25,0;14,0;3,5;0,0
09/2021;HEM;2021,0;9,0;V;20 a 24;40,0;7,0;2,8;0,0
09/2021;HEM;2021,0;9,0;VI;25 a 29;55,0;4,0;2,2;2,0
09/2021;HEM;2021,0;9,0;VII;30 a 34;75,0;3,0;2,25;2,0
09/2021;HEM;2021,0;9,0;VIII;> 34;85,0;2,0;1,7;1,0
09/2021;HJK;2021,0;9,0;I;0 a 4;4,0;113,0;4,54;8,0
09/2021;HJK;2021,0;9,0;II;5 a 9;8,0;231,0;18,5;23,0
09/2021;HJK;2021,0;9,0;III;10 a 14;15,0;281,0;42,3;17,0
09/2021;HJK;2021,0;9,0;IV;15 a 19;25,0;269,0;67,35;35,0
09/2021;HJK;2021,0;9,0;V;20 a 24;40,0;162,0;64,8;35,0
09/2021;HJK;2021,0;9,0;VI;25 a 29;55,0;73,0;40,25;25,0
09/2021;HJK;2021,0;9,0;VII;30 a 34;75,0;42,0;31,6;19,0
09/2021;HJK;2021,0;9,0;VIII;> 34;85,0;22,0;18,8;17,0
09/2021;HJXXIII;2021,0;9,0;I;0 a 4;4,0;5,0;0,2;0,0
09/2021;HJXXIII;2021,0;9,0;II;5 a 9;8,0;15,0;1,2;0,0
09/2021;HJXXIII;2021,0;9,0;III;10 a 14;15,0;43,0;6,45;2,0
09/2021;HJXXIII;2021,0;9,0;IV;15 a 19;25,0;35,0;8,75;7,0
09/2021;HJXXIII;2021,0;9,0;V;20 a 24;40,0;20,0;8,0;7,0
09/2021;HJXXIII;2021,0;9,0;VI;25 a 29;55,0;10,0;5,5;5,0
09/2021;HJXXIII;2021,0;9,0;VII;30 a 34;75,0;2,0;1,5;2,0
09/2021;HJXXIII;2021,0;9,0;VIII;> 34;85,0;0,0;0,0;0,0
09/2021;HRAD;2021,0;9,0;I;0 a 4;4,0;0,0;0,0;0,0
09/2021;HRAD;2021,0;9,0;II;5 a 9;8,0;1,0;0,08;0,0
09/2021;HRAD;2021,0;9,0;III;10 a 14;15,0;6,0;0,9;0,0
09/2021;HRAD;2021,0;9,0;IV;15 a 19;25,0;6,0;1,5;0,0
09/2021;HRAD;2021,0;9,0;V;20 a 24;40,0;7,0;2,8;4,0
09/2021;HRAD;2021,0;9,0;VI;25 a 29;55,0;0,0;0,0;0,0
09/2021;HRAD;2021,0;9,0;VII;30 a 34;75,0;1,0;0,75;1,0
09/2021;HRAD;2021,0;9,0;VIII;> 34;85,0;0,0;0,0;0,0
09/2021;HRBJA;2021,0;9,0;I;0 a 4;4,0;0,0;0,0;0,0
09/2021;HRBJA;2021,0;9,0;II;5 a 9;8,0;2,0;0,16;0,0
09/2021;HRBJA;2021,0;9,0;III;10 a 14;15,0;4,0;0,6;0,0
09/2021;HRBJA;2021,0;9,0;IV;15 a 19;25,0;6,0;1,5;0,0
09/2021;HRBJA;2021,0;9,0;V;20 a 24;40,0;7,0;2,8;3,0
09/2021;HRBJA;2021,0;9,0;VI;25 a 29;55,0;3,0;1,65;1,0
09/2021;HRBJA;2021,0;9,0;VII;30 a 34;75,0;0,0;0,0;0,0
09/2021;HRBJA;2021,0;9,0;VIII;> 34;85,0;1,0;0,85;1,0
09/2021;HRJP;2021,0;9,0;I;0 a 4;4,0;0,0;0,0;0,0
09/2021;HRJP;2021,0;9,0;II;5 a 9;8,0;0,0;0,0;1,0
09/2021;HRJP;2021,0;9,0;III;10 a 14;15,0;2,0;0,3;0,0
09/2021;HRJP;2021,0;9,0;IV;15 a 19;25,0;1,0;0,25;1,0
09/2021;HRJP;2021,0;9,0;V;20 a 24;40,0;3,0;1,2;2,0
09/2021;HRJP;2021,0;9,0;VI;25 a 29;55,0;1,0;0,55;3,0
09/2021;HRJP;2021,0;9,0;VII;30 a 34;75,0;1,0;0,75;1,0
09/2021;HRJP;2021,0;9,0;VIII;> 34;85,0;0,0;0,0;2,0
09/2021;MOV;2021,0;9,0;I;0 a 4;4,0;0,0;0,0;0,0
09/2021;MOV;2021,0;9,0;II;5 a 9;8,0;0,0;0,0;0,0
09/2021;MOV;2021,0;9,0;III;10 a 14;15,0;0,0;0,0;0,0
09/2021;MOV;2021,0;9,0;IV;15 a 19;25,0;0,0;0,0;0,0
09/2021;MOV;2021,0;9,0;V;20 a 24;40,0;0,0;0,0;0,0
09/2021;MOV;2021,0;9,0;VI;25 a 29;55,0;0,0;0,0;0,0
09/2021;MOV;2021,0;9,0;VII;30 a 34;75,0;0,0;0,0;0,0
09/2021;MOV;2021,0;9,0;VIII;> 34;85,0;0,0;0,0;0,0
10/2021;HAC;2021,0;10,0;I;0 a 4;4,0;2,0;0,08;0,0
10/2021;HAC;2021,0;10,0;II;5 a 9;8,0;4,0;0,32;1,0
10/2021;HAC;2021,0;10,0;III;10 a 14;15,0;15,0;2,25;2,0
10/2021;HAC;2021,0;10,0;IV;15 a 19;25,0;20,0;5,0;2,0
10/2021;HAC;2021,0;10,0;V;20 a 24;40,0;4,0;1,6;0,0
10/2021;HAC;2021,0;10,0;VI;25 a 29;55,0;0,0;0,0;0,0
10/2021;HAC;2021,0;10,0;VII;30 a 34;75,0;1,0;0,75;1,0
10/2021;HAC;2021,0;10,0;VIII;> 34;85,0;0,0;0,0;0,0
10/2021;HEM;2021,0;10,0;I;0 a 4;4,0;0,0;0,0;0,0
10/2021;HEM;2021,0;10,0;II;5 a 9;8,0;3,0;0,24;0,0
10/2021;HEM;2021,0;10,0;III;10 a 14;15,0;3,0;0,45;0,0
10/2021;HEM;2021,0;10,0;IV;15 a 19;25,0;20,0;5,0;2,0
10/2021;HEM;2021,0;10,0;V;20 a 24;40,0;13,0;5,2;4,0
10/2021;HEM;2021,0;10,0;VI;25 a 29;55,0;2,0;1,1;1,0
10/2021;HEM;2021,0;10,0;VII;30 a 34;75,0;1,0;0,75;1,0
10/2021;HEM;2021,0;10,0;VIII;> 34;85,0;4,0;3,4;3,0
10/2021;HJK;2021,0;10,0;I;0 a 4;4,0;113,0;4,54;8,0
10/2021;HJK;2021,0;10,0;II;5 a 9;8,0;230,0;18,419999999999998;24,0
10/2021;HJK;2021,0;10,0;III;10 a 14;15,0;273,0;41,1;16,0
10/2021;HJK;2021,0;10,0;IV;15 a 19;25,0;275,0;68,85;35,0
10/2021;HJK;2021,0;10,0;V;20 a 24;40,0;165,0;66,0;34,0
10/2021;HJK;2021,0;10,0;VI;25 a 29;55,0;79,0;43,55;30,0
10/2021;HJK;2021,0;10,0;VII;30 a 34;75,0;42,0;31,6;18,0
10/2021;HJK;2021,0;10,0;VIII;> 34;85,0;23,0;19,65;16,0
10/2021;HJXXIII;2021,0;10,0;I;0 a 4;4,0;8,0;0,32;0,0
10/2021;HJXXIII;2021,0;10,0;II;5 a 9;8,0;21,0;1,68;1,0
10/2021;HJXXIII;2021,0;10,0;III;10 a 14;15,0;35,0;5,25;3,0
10/2021;HJXXIII;2021,0;10,0;IV;15 a 19;25,0;37,0;9,25;6,0
10/2021;HJXXIII;2021,0;10,0;V;20 a 24;40,0;21,0;8,4;2,0
10/2021;HJXXIII;2021,0;10,0;VI;25 a 29;55,0;11,0;6,05;6,0
10/2021;HJXXIII;2021,0;10,0;VII;30 a 34;75,0;1,0;0,75;1,0
10/2021;HJXXIII;2021,0;10,0;VIII;> 34;85,0;3,0;2,55;3,0
10/2021;HRAD;2021,0;10,0;I;0 a 4;4,0;0,0;0,0;0,0
10/2021;HRAD;2021,0;10,0;II;5 a 9;8,0;1,0;0,08;0,0
10/2021;HRAD;2021,0;10,0;III;10 a 14;15,0;6,0;0,9;0,0
10/2021;HRAD;2021,0;10,0;IV;15 a 19;25,0;3,0;0,75;0,0
10/2021;HRAD;2021,0;10,0;V;20 a 24;40,0;10,0;4,0;2,0
10/2021;HRAD;2021,0;10,0;VI;25 a 29;55,0;3,0;1,65;2,0
10/2021;HRAD;2021,0;10,0;VII;30 a 34;75,0;0,0;0,0;0,0
10/2021;HRAD;2021,0;10,0;VIII;> 34;85,0;0,0;0,0;0,0
10/2021;HRBJA;2021,0;10,0;I;0 a 4;4,0;0,0;0,0;0,0
10/2021;HRBJA;2021,0;10,0;II;5 a 9;8,0;1,0;0,08;0,0
10/2021;HRBJA;2021,0;10,0;III;10 a 14;15,0;5,0;0,75;0,0
10/2021;HRBJA;2021,0;10,0;IV;15 a 19;25,0;6,0;1,5;0,0
10/2021;HRBJA;2021,0;10,0;V;20 a 24;40,0;12,0;4,8;2,0
10/2021;HRBJA;2021,0;10,0;VI;25 a 29;55,0;5,0;2,75;3,0
10/2021;HRBJA;2021,0;10,0;VII;30 a 34;75,0;4,0;3,0;3,0
10/2021;HRBJA;2021,0;10,0;VIII;> 34;85,0;0,0;0,0;0,0
10/2021;HRJP;2021,0;10,0;I;0 a 4;4,0;0,0;0,0;0,0
10/2021;HRJP;2021,0;10,0;II;5 a 9;8,0;0,0;0,0;0,0
10/2021;HRJP;2021,0;10,0;III;10 a 14;15,0;1,0;0,15;0,0
10/2021;HRJP;2021,0;10,0;IV;15 a 19;25,0;5,0;1,25;0,0
10/2021;HRJP;2021,0;10,0;V;20 a 24;40,0;4,0;1,6;2,0
10/2021;HRJP;2021,0;10,0;VI;25 a 29;55,0;1,0;0,55;2,0
10/2021;HRJP;2021,0;10,0;VII;30 a 34;75,0;2,0;1,5;1,0
10/2021;HRJP;2021,0;10,0;VIII;> 34;85,0;1,0;0,85;0,0
10/2021;MOV;2021,0;10,0;I;0 a 4;4,0;0,0;0,0;0,0
10/2021;MOV;2021,0;10,0;II;5 a 9;8,0;0,0;0,0;0,0
10/2021;MOV;2021,0;10,0;III;10 a 14;15,0;0,0;0,0;0,0
10/2021;MOV;2021,0;10,0;IV;15 a 19;25,0;0,0;0,0;0,0
10/2021;MOV;2021,0;10,0;V;20 a 24;40,0;0,0;0,0;0,0
10/2021;MOV;2021,0;10,0;VI;25 a 29;55,0;0,0;0,0;0,0
10/2021;MOV;2021,0;10,0;VII;30 a 34;75,0;0,0;0,0;0,0
10/2021;MOV;2021,0;10,0;VIII;> 34;85,0;0,0;0,0;0,0
11/2021;HAC;2021,0;11,0;I;0 a 4;4,0;0,0;0,0;0,0
11/2021;HAC;2021,0;11,0;II;5 a 9;8,0;4,0;0,32;0,0
11/2021;HAC;2021,0;11,0;III;10 a 14;15,0;9,0;1,35;0,0
11/2021;HAC;2021,0;11,0;IV;15 a 19;25,0;11,0;2,75;3,0
11/2021;HAC;2021,0;11,0;V;20 a 24;40,0;7,0;2,8;4,0
11/2021;HAC;2021,0;11,0;VI;25 a 29;55,0;3,0;1,65;2,0
11/2021;HAC;2021,0;11,0;VII;30 a 34;75,0;0,0;0,0;0,0
11/2021;HAC;2021,0;11,0;VIII;> 34;85,0;2,0;1,7;2,0
11/2021;HEM;2021,0;11,0;I;0 a 4;4,0;0,0;0,0;0,0
11/2021;HEM;2021,0;11,0;II;5 a 9;8,0;3,0;0,24;0,0
11/2021;HEM;2021,0;11,0;III;10 a 14;15,0;7,0;1,05;0,0
11/2021;HEM;2021,0;11,0;IV;15 a 19;25,0;22,0;5,5;5,0
11/2021;HEM;2021,0;11,0;V;20 a 24;40,0;9,0;3,6;0,0
11/2021;HEM;2021,0;11,0;VI;25 a 29;55,0;6,0;3,3;3,0
11/2021;HEM;2021,0;11,0;VII;30 a 34;75,0;3,0;2,25;3,0
11/2021;HEM;2021,0;11,0;VIII;> 34;85,0;2,0;1,7;2,0
11/2021;HJK;2021,0;11,0;I;0 a 4;4,0;112,0;4,5;8,0
11/2021;HJK;2021,0;11,0;II;5 a 9;8,0;234,0;18,74;23,0
11/2021;HJK;2021,0;11,0;III;10 a 14;15,0;280,0;42,150000000000006;16,0
11/2021;HJK;2021,0;11,0;IV;15 a 19;25,0;276,0;69,1;34,0
11/2021;HJK;2021,0;11,0;V;20 a 24;40,0;175,0;70,0;34,0
11/2021;HJK;2021,0;11,0;VI;25 a 29;55,0;80,0;44,099999999999994;26,0
11/2021;HJK;2021,0;11,0;VII;30 a 34;75,0;43,0;32,35;18,0
11/2021;HJK;2021,0;11,0;VIII;> 34;85,0;22,0;18,8;16,0
11/2021;HJXXIII;2021,0;11,0;I;0 a 4;4,0;10,0;0,4;0,0
11/2021;HJXXIII;2021,0;11,0;II;5 a 9;8,0;27,0;2,16;0,0
11/2021;HJXXIII;2021,0;11,0;III;10 a 14;15,0;34,0;5,1;2,0
11/2021;HJXXIII;2021,0;11,0;IV;15 a 19;25,0;34,0;8,5;3,0
11/2021;HJXXIII;2021,0;11,0;V;20 a 24;40,0;13,0;5,2;3,0
11/2021;HJXXIII;2021,0;11,0;VI;25 a 29;55,0;11,0;6,05;5,0
11/2021;HJXXIII;2021,0;11,0;VII;30 a 34;75,0;1,0;0,75;0,0
11/2021;HJXXIII;2021,0;11,0;VIII;> 34;85,0;2,0;1,7;1,0
11/2021;HRAD;2021,0;11,0;I;0 a 4;4,0;0,0;0,0;0,0
11/2021;HRAD;2021,0;11,0;II;5 a 9;8,0;4,0;0,32;0,0
11/2021;HRAD;2021,0;11,0;III;10 a 14;15,0;4,0;0,6;1,0
11/2021;HRAD;2021,0;11,0;IV;15 a 19;25,0;5,0;1,25;0,0
11/2021;HRAD;2021,0;11,0;V;20 a 24;40,0;3,0;1,2;1,0
11/2021;HRAD;2021,0;11,0;VI;25 a 29;55,0;4,0;2,2;3,0
11/2021;HRAD;2021,0;11,0;VII;30 a 34;75,0;0,0;0,0;0,0
11/2021;HRAD;2021,0;11,0;VIII;> 34;85,0;0,0;0,0;0,0
11/2021;HRBJA;2021,0;11,0;I;0 a 4;4,0;0,0;0,0;0,0
11/2021;HRBJA;2021,0;11,0;II;5 a 9;8,0;0,0;0,0;0,0
11/2021;HRBJA;2021,0;11,0;III;10 a 14;15,0;4,0;0,6;1,0
11/2021;HRBJA;2021,0;11,0;IV;15 a 19;25,0;5,0;1,25;1,0
11/2021;HRBJA;2021,0;11,0;V;20 a 24;40,0;6,0;2,4;3,0
11/2021;HRBJA;2021,0;11,0;VI;25 a 29;55,0;3,0;1,65;3,0
11/2021;HRBJA;2021,0;11,0;VII;30 a 34;75,0;1,0;0,75;0,0
11/2021;HRBJA;2021,0;11,0;VIII;> 34;85,0;2,0;1,7;2,0
11/2021;HRJP;2021,0;11,0;I;0 a 4;4,0;2,0;0,08;1,0
11/2021;HRJP;2021,0;11,0;II;5 a 9;8,0;1,0;0,08;0,0
11/2021;HRJP;2021,0;11,0;III;10 a 14;15,0;4,0;0,6;1,0
11/2021;HRJP;2021,0;11,0;IV;15 a 19;25,0;6,0;1,5;0,0
11/2021;HRJP;2021,0;11,0;V;20 a 24;40,0;3,0;1,2;2,0
11/2021;HRJP;2021,0;11,0;VI;25 a 29;55,0;1,0;0,55;0,0
11/2021;HRJP;2021,0;11,0;VII;30 a 34;75,0;0,0;0,0;0,0
11/2021;HRJP;2021,0;11,0;VIII;> 34;85,0;0,0;0,0;1,0
11/2021;MOV;2021,0;11,0;I;0 a 4;4,0;0,0;0,0;0,0
11/2021;MOV;2021,0;11,0;II;5 a 9;8,0;0,0;0,0;0,0
11/2021;MOV;2021,0;11,0;III;10 a 14;15,0;0,0;0,0;0,0
11/2021;MOV;2021,0;11,0;IV;15 a 19;25,0;0,0;0,0;0,0
11/2021;MOV;2021,0;11,0;V;20 a 24;40,0;0,0;0,0;0,0
11/2021;MOV;2021,0;11,0;VI;25 a 29;55,0;0,0;0,0;0,0
11/2021;MOV;2021,0;11,0;VII;30 a 34;75,0;0,0;0,0;0,0
11/2021;MOV;2021,0;11,0;VIII;> 34;85,0;0,0;0,0;0,0
12/2021;HAC;2021,0;12,0;I;0 a 4;4,0;3,0;0,12;1,0
12/2021;HAC;2021,0;12,0;II;5 a 9;8,0;8,0;0,64;1,0
12/2021;HAC;2021,0;12,0;III;10 a 14;15,0;13,0;1,95;3,0
12/2021;HAC;2021,0;12,0;IV;15 a 19;25,0;3,0;0,75;2,0
12/2021;HAC;2021,0;12,0;V;20 a 24;40,0;2,0;0,8;1,0
12/2021;HAC;2021,0;12,0;VI;25 a 29;55,0;2,0;1,1;1,0
12/2021;HAC;2021,0;12,0;VII;30 a 34;75,0;0,0;0,0;0,0
12/2021;HAC;2021,0;12,0;VIII;> 34;85,0;1,0;0,85;1,0
12/2021;HEM;2021,0;12,0;I;0 a 4;4,0;0,0;0,0;0,0
12/2021;HEM;2021,0;12,0;II;5 a 9;8,0;3,0;0,24;0,0
12/2021;HEM;2021,0;12,0;III;10 a 14;15,0;7,0;1,05;1,0
12/2021;HEM;2021,0;12,0;IV;15 a 19;25,0;22,0;5,5;6,0
12/2021;HEM;2021,0;12,0;V;20 a 24;40,0;10,0;4,0;5,0
12/2021;HEM;2021,0;12,0;VI;25 a 29;55,0;6,0;3,3;1,0
12/2021;HEM;2021,0;12,0;VII;30 a 34;75,0;3,0;2,25;1,0
12/2021;HEM;2021,0;12,0;VIII;> 34;85,0;1,0;0,85;1,0
12/2021;HJK;2021,0;12,0;I;0 a 4;4,0;113,0;4,54;8,0
12/2021;HJK;2021,0;12,0;II;5 a 9;8,0;233,0;18,66;24,0
12/2021;HJK;2021,0;12,0;III;10 a 14;15,0;282,0;42,45;16,0
12/2021;HJK;2021,0;12,0;IV;15 a 19;25,0;279,0;69,85;37,0
12/2021;HJK;2021,0;12,0;V;20 a 24;40,0;175,0;70,0;34,0
12/2021;HJK;2021,0;12,0;VI;25 a 29;55,0;81,0;44,65;24,0
12/2021;HJK;2021,0;12,0;VII;30 a 34;75,0;41,0;30,85;18,0
12/2021;HJK;2021,0;12,0;VIII;> 34;85,0;23,0;19,65;17,0
12/2021;HJXXIII;2021,0;12,0;I;0 a 4;4,0;11,0;0,44;0,0
12/2021;HJXXIII;2021,0;12,0;II;5 a 9;8,0;25,0;2,0;1,0
12/2021;HJXXIII;2021,0;12,0;III;10 a 14;15,0;38,0;5,7;1,0
12/2021;HJXXIII;2021,0;12,0;IV;15 a 19;25,0;40,0;10,0;6,0
12/2021;HJXXIII;2021,0;12,0;V;20 a 24;40,0;17,0;6,8;6,0
12/2021;HJXXIII;2021,0;12,0;VI;25 a 29;55,0;4,0;2,2;3,0
12/2021;HJXXIII;2021,0;12,0;VII;30 a 34;75,0;3,0;2,25;2,0
12/2021;HJXXIII;2021,0;12,0;VIII;> 34;85,0;1,0;0,85;1,0
12/2021;HRAD;2021,0;12,0;I;0 a 4;4,0;0,0;0,0;0,0
12/2021;HRAD;2021,0;12,0;II;5 a 9;8,0;3,0;0,24;0,0
12/2021;HRAD;2021,0;12,0;III;10 a 14;15,0;3,0;0,45;0,0
12/2021;HRAD;2021,0;12,0;IV;15 a 19;25,0;8,0;2,0;2,0
12/2021;HRAD;2021,0;12,0;V;20 a 24;40,0;7,0;2,8;0,0
12/2021;HRAD;2021,0;12,0;VI;25 a 29;55,0;5,0;2,75;3,0
12/2021;HRAD;2021,0;12,0;VII;30 a 34;75,0;0,0;0,0;0,0
12/2021;HRAD;2021,0;12,0;VIII;> 34;85,0;0,0;0,0;0,0
12/2021;HRBJA;2021,0;12,0;I;0 a 4;4,0;1,0;0,04;0,0
12/2021;HRBJA;2021,0;12,0;II;5 a 9;8,0;2,0;0,16;1,0
12/2021;HRBJA;2021,0;12,0;III;10 a 14;15,0;6,0;0,9;1,0
12/2021;HRBJA;2021,0;12,0;IV;15 a 19;25,0;9,0;2,25;2,0
12/2021;HRBJA;2021,0;12,0;V;20 a 24;40,0;4,0;1,6;0,0
12/2021;HRBJA;2021,0;12,0;VI;25 a 29;55,0;2,0;1,1;2,0
12/2021;HRBJA;2021,0;12,0;VII;30 a 34;75,0;2,0;1,5;2,0
12/2021;HRBJA;2021,0;12,0;VIII;> 34;85,0;2,0;1,7;1,0
12/2021;HRJP;2021,0;12,0;I;0 a 4;4,0;1,0;0,04;0,0
12/2021;HRJP;2021,0;12,0;II;5 a 9;8,0;2,0;0,16;0,0
12/2021;HRJP;2021,0;12,0;III;10 a 14;15,0;4,0;0,6;0,0
12/2021;HRJP;2021,0;12,0;IV;15 a 19;25,0;5,0;1,25;0,0
12/2021;HRJP;2021,0;12,0;V;20 a 24;40,0;3,0;1,2;1,0
12/2021;HRJP;2021,0;12,0;VI;25 a 29;55,0;2,0;1,1;0,0
12/2021;HRJP;2021,0;12,0;VII;30 a 34;75,0;1,0;0,75;1,0
12/2021;HRJP;2021,0;12,0;VIII;> 34;85,0;0,0;0,0;2,0
12/2021;MOV;2021,0;12,0;I;0 a 4;4,0;0,0;0,0;0,0
12/2021;MOV;2021,0;12,0;II;5 a 9;8,0;0,0;0,0;0,0
12/2021;MOV;2021,0;12,0;III;10 a 14;15,0;0,0;0,0;0,0
12/2021;MOV;2021,0;12,0;IV;15 a 19;25,0;0,0;0,0;0,0
12/2021;MOV;2021,0;12,0;V;20 a 24;40,0;0,0;0,0;0,0
12/2021;MOV;2021,0;12,0;VI;25 a 29;55,0;0,0;0,0;0,0
12/2021;MOV;2021,0;12,0;VII;30 a 34;75,0;0,0;0,0;0,0
12/2021;MOV;2021,0;12,0;VIII;> 34;85,0;0,0;0,0;0,0
01/2022;HAC;2022,0;1,0;I;0 a 4;4,0;1,0;0,04;0,0
01/2022;HAC;2022,0;1,0;II;5 a 9;8,0;13,0;1,04;2,0
01/2022;HAC;2022,0;1,0;III;10 a 14;15,0;17,0;2,55;1,0
01/2022;HAC;2022,0;1,0;IV;15 a 19;25,0;6,0;1,5;2,0
01/2022;HAC;2022,0;1,0;V;20 a 24;40,0;0,0;0,0;0,0
01/2022;HAC;2022,0;1,0;VI;25 a 29;55,0;0,0;0,0;0,0
01/2022;HAC;2022,0;1,0;VII;30 a 34;75,0;0,0;0,0;0,0
01/2022;HAC;2022,0;1,0;VIII;> 34;85,0;0,0;0,0;0,0
01/2022;HEM;2022,0;1,0;I;0 a 4;4,0;0,0;0,0;0,0
01/2022;HEM;2022,0;1,0;II;5 a 9;8,0;4,0;0,32;0,0
01/2022;HEM;2022,0;1,0;III;10 a 14;15,0;14,0;2,1;0,0
01/2022;HEM;2022,0;1,0;IV;15 a 19;25,0;17,0;4,25;3,0
01/2022;HEM;2022,0;1,0;V;20 a 24;40,0;9,0;3,6;3,0
01/2022;HEM;2022,0;1,0;VI;25 a 29;55,0;11,0;6,05;8,0
01/2022;HEM;2022,0;1,0;VII;30 a 34;75,0;3,0;2,25;2,0
01/2022;HEM;2022,0;1,0;VIII;> 34;85,0;2,0;1,7;1,0
01/2022;HJK;2022,0;1,0;I;0 a 4;4,0;112,0;4,5;8,0
01/2022;HJK;2022,0;1,0;II;5 a 9;8,0;232,0;18,58;23,0
01/2022;HJK;2022,0;1,0;III;10 a 14;15,0;291,0;43,8;18,0
01/2022;HJK;2022,0;1,0;IV;15 a 19;25,0;281,0;70,35;37,0
01/2022;HJK;2022,0;1,0;V;20 a 24;40,0;171,0;68,4;35,0
01/2022;HJK;2022,0;1,0;VI;25 a 29;55,0;85,0;46,849999999999994;28,0
01/2022;HJK;2022,0;1,0;VII;30 a 34;75,0;44,0;33,1;22,0
01/2022;HJK;2022,0;1,0;VIII;> 34;85,0;24,0;20,5;16,0
01/2022;HJXXIII;2022,0;1,0;I;0 a 4;4,0;0,0;0,0;0,0
01/2022;HJXXIII;2022,0;1,0;II;5 a 9;8,0;16,0;1,28;0,0
01/2022;HJXXIII;2022,0;1,0;III;10 a 14;15,0;38,0;5,7;1,0
01/2022;HJXXIII;2022,0;1,0;IV;15 a 19;25,0;55,0;13,75;9,0
01/2022;HJXXIII;2022,0;1,0;V;20 a 24;40,0;18,0;7,2;6,0
01/2022;HJXXIII;2022,0;1,0;VI;25 a 29;55,0;13,0;7,15;10,0
01/2022;HJXXIII;2022,0;1,0;VII;30 a 34;75,0;4,0;3,0;2,0
01/2022;HJXXIII;2022,0;1,0;VIII;> 34;85,0;0,0;0,0;0,0
01/2022;HRAD;2022,0;1,0;I;0 a 4;4,0;0,0;0,0;0,0
01/2022;HRAD;2022,0;1,0;II;5 a 9;8,0;0,0;0,0;0,0
01/2022;HRAD;2022,0;1,0;III;10 a 14;15,0;2,0;0,3;1,0
01/2022;HRAD;2022,0;1,0;IV;15 a 19;25,0;5,0;1,25;0,0
01/2022;HRAD;2022,0;1,0;V;20 a 24;40,0;6,0;2,4;3,0
01/2022;HRAD;2022,0;1,0;VI;25 a 29;55,0;2,0;1,1;2,0
01/2022;HRAD;2022,0;1,0;VII;30 a 34;75,0;4,0;3,0;3,0
01/2022;HRAD;2022,0;1,0;VIII;> 34;85,0;0,0;0,0;0,0
01/2022;HRBJA;2022,0;1,0;I;0 a 4;4,0;0,0;0,0;0,0
01/2022;HRBJA;2022,0;1,0;II;5 a 9;8,0;3,0;0,24;2,0
01/2022;HRBJA;2022,0;1,0;III;10 a 14;15,0;5,0;0,75;0,0
01/2022;HRBJA;2022,0;1,0;IV;15 a 19;25,0;4,0;1,0;1,0
01/2022;HRBJA;2022,0;1,0;V;20 a 24;40,0;3,0;1,2;1,0
01/2022;HRBJA;2022,0;1,0;VI;25 a 29;55,0;2,0;1,1;1,0
01/2022;HRBJA;2022,0;1,0;VII;30 a 34;75,0;1,0;0,75;1,0
01/2022;HRBJA;2022,0;1,0;VIII;> 34;85,0;0,0;0,0;0,0
01/2022;HRJP;2022,0;1,0;I;0 a 4;4,0;0,0;0,0;0,0
01/2022;HRJP;2022,0;1,0;II;5 a 9;8,0;3,0;0,24;0,0
01/2022;HRJP;2022,0;1,0;III;10 a 14;15,0;4,0;0,6;0,0
01/2022;HRJP;2022,0;1,0;IV;15 a 19;25,0;5,0;1,25;1,0
01/2022;HRJP;2022,0;1,0;V;20 a 24;40,0;4,0;1,6;1,0
01/2022;HRJP;2022,0;1,0;VI;25 a 29;55,0;2,0;1,1;1,0
01/2022;HRJP;2022,0;1,0;VII;30 a 34;75,0;5,0;3,75;1,0
01/2022;HRJP;2022,0;1,0;VIII;> 34;85,0;0,0;0,0;0,0
01/2022;MOV;2022,0;1,0;I;0 a 4;4,0;4,0;0,16;0,0
01/2022;MOV;2022,0;1,0;II;5 a 9;8,0;4,0;0,32;0,0
01/2022;MOV;2022,0;1,0;III;10 a 14;15,0;6,0;0,9;0,0
01/2022;MOV;2022,0;1,0;IV;15 a 19;25,0;5,0;1,25;0,0
01/2022;MOV;2022,0;1,0;V;20 a 24;40,0;3,0;1,2;0,0
01/2022;MOV;2022,0;1,0;VI;25 a 29;55,0;0,0;0,0;0,0
01/2022;MOV;2022,0;1,0;VII;30 a 34;75,0;1,0;0,75;0,0
01/2022;MOV;2022,0;1,0;VIII;> 34;85,0;0,0;0,0;0,0
02/2022;HAC;2022,0;2,0;I;0 a 4;4,0;2,0;0,08;0,0
02/2022;HAC;2022,0;2,0;II;5 a 9;8,0;9,0;0,72;0,0
02/2022;HAC;2022,0;2,0;III;10 a 14;15,0;11,0;1,65;0,0
02/2022;HAC;2022,0;2,0;IV;15 a 19;25,0;7,0;1,75;1,0
02/2022;HAC;2022,0;2,0;V;20 a 24;40,0;5,0;2,0;2,0
02/2022;HAC;2022,0;2,0;VI;25 a 29;55,0;0,0;0,0;0,0
02/2022;HAC;2022,0;2,0;VII;30 a 34;75,0;1,0;0,75;1,0
02/2022;HAC;2022,0;2,0;VIII;> 34;85,0;0,0;0,0;0,0
02/2022;HEM;2022,0;2,0;I;0 a 4;4,0;0,0;0,0;0,0
02/2022;HEM;2022,0;2,0;II;5 a 9;8,0;0,0;0,0;0,0
02/2022;HEM;2022,0;2,0;III;10 a 14;15,0;6,0;0,9;2,0
02/2022;HEM;2022,0;2,0;IV;15 a 19;25,0;10,0;2,5;4,0
02/2022;HEM;2022,0;2,0;V;20 a 24;40,0;13,0;5,2;6,0
02/2022;HEM;2022,0;2,0;VI;25 a 29;55,0;9,0;4,95;4,0
02/2022;HEM;2022,0;2,0;VII;30 a 34;75,0;1,0;0,75;0,0
02/2022;HEM;2022,0;2,0;VIII;> 34;85,0;0,0;0,0;0,0
02/2022;HJK;2022,0;2,0;I;0 a 4;4,0;114,0;4,58;8,0
02/2022;HJK;2022,0;2,0;II;5 a 9;8,0;227,0;18,18;23,0
02/2022;HJK;2022,0;2,0;III;10 a 14;15,0;279,0;42,0;17,0
02/2022;HJK;2022,0;2,0;IV;15 a 19;25,0;278,0;69,6;37,0
02/2022;HJK;2022,0;2,0;V;20 a 24;40,0;174,0;69,6;36,0
02/2022;HJK;2022,0;2,0;VI;25 a 29;55,0;80,0;44,099999999999994;27,0
02/2022;HJK;2022,0;2,0;VII;30 a 34;75,0;46,0;34,6;22,0
02/2022;HJK;2022,0;2,0;VIII;> 34;85,0;19,0;16,25;15,0
02/2022;HJXXIII;2022,0;2,0;I;0 a 4;4,0;11,0;0,44;0,0
02/2022;HJXXIII;2022,0;2,0;II;5 a 9;8,0;18,0;1,44;0,0
02/2022;HJXXIII;2022,0;2,0;III;10 a 14;15,0;22,0;3,3;1,0
02/2022;HJXXIII;2022,0;2,0;IV;15 a 19;25,0;36,0;9,0;2,0
02/2022;HJXXIII;2022,0;2,0;V;20 a 24;40,0;20,0;8,0;5,0
02/2022;HJXXIII;2022,0;2,0;VI;25 a 29;55,0;6,0;3,3;3,0
02/2022;HJXXIII;2022,0;2,0;VII;30 a 34;75,0;2,0;1,5;2,0
02/2022;HJXXIII;2022,0;2,0;VIII;> 34;85,0;2,0;1,7;1,0
02/2022;HRAD;2022,0;2,0;I;0 a 4;4,0;0,0;0,0;0,0
02/2022;HRAD;2022,0;2,0;II;5 a 9;8,0;0,0;0,0;0,0
02/2022;HRAD;2022,0;2,0;III;10 a 14;15,0;1,0;0,15;1,0
02/2022;HRAD;2022,0;2,0;IV;15 a 19;25,0;5,0;1,25;0,0
02/2022;HRAD;2022,0;2,0;V;20 a 24;40,0;9,0;3,6;1,0
02/2022;HRAD;2022,0;2,0;VI;25 a 29;55,0;1,0;0,55;1,0
02/2022;HRAD;2022,0;2,0;VII;30 a 34;75,0;1,0;0,75;1,0
02/2022;HRAD;2022,0;2,0;VIII;> 34;85,0;0,0;0,0;0,0
02/2022;HRBJA;2022,0;2,0;I;0 a 4;4,0;0,0;0,0;0,0
02/2022;HRBJA;2022,0;2,0;II;5 a 9;8,0;2,0;0,16;0,0
02/2022;HRBJA;2022,0;2,0;III;10 a 14;15,0;5,0;0,75;0,0
02/2022;HRBJA;2022,0;2,0;IV;15 a 19;25,0;4,0;1,0;1,0
02/2022;HRBJA;2022,0;2,0;V;20 a 24;40,0;4,0;1,6;0,0
02/2022;HRBJA;2022,0;2,0;VI;25 a 29;55,0;4,0;2,2;3,0
02/2022;HRBJA;2022,0;2,0;VII;30 a 34;75,0;1,0;0,75;1,0
02/2022;HRBJA;2022,0;2,0;VIII;> 34;85,0;1,0;0,85;1,0
02/2022;HRJP;2022,0;2,0;I;0 a 4;4,0;5,0;0,2;0,0
02/2022;HRJP;2022,0;2,0;II;5 a 9;8,0;1,0;0,08;0,0
02/2022;HRJP;2022,0;2,0;III;10 a 14;15,0;5,0;0,75;0,0
02/2022;HRJP;2022,0;2,0;IV;15 a 19;25,0;13,0;3,25;1,0
02/2022;HRJP;2022,0;2,0;V;20 a 24;40,0;5,0;2,0;0,0
02/2022;HRJP;2022,0;2,0;VI;25 a 29;55,0;5,0;2,75;0,0
02/2022;HRJP;2022,0;2,0;VII;30 a 34;75,0;1,0;0,75;2,0
02/2022;HRJP;2022,0;2,0;VIII;> 34;85,0;0,0;0,0;0,0
02/2022;MOV;2022,0;2,0;I;0 a 4;4,0;0,0;0,0;0,0
02/2022;MOV;2022,0;2,0;II;5 a 9;8,0;7,0;0,56;0,0
02/2022;MOV;2022,0;2,0;III;10 a 14;15,0;3,0;0,45;0,0
02/2022;MOV;2022,0;2,0;IV;15 a 19;25,0;7,0;1,75;0,0
02/2022;MOV;2022,0;2,0;V;20 a 24;40,0;2,0;0,8;0,0
02/2022;MOV;2022,0;2,0;VI;25 a 29;55,0;2,0;1,1;0,0
02/2022;MOV;2022,0;2,0;VII;30 a 34;75,0;0,0;0,0;0,0
02/2022;MOV;2022,0;2,0;VIII;> 34;85,0;0,0;0,0;0,0
03/2022;HAC;2022,0;3,0;I;0 a 4;4,0;1,0;0,04;0,0
03/2022;HAC;2022,0;3,0;II;5 a 9;8,0;5,0;0,4;0,0
03/2022;HAC;2022,0;3,0;III;10 a 14;15,0;10,0;1,5;1,0
03/2022;HAC;2022,0;3,0;IV;15 a 19;25,0;11,0;2,75;0,0
03/2022;HAC;2022,0;3,0;V;20 a 24;40,0;5,0;2,0;1,0
03/2022;HAC;2022,0;3,0;VI;25 a 29;55,0;5,0;2,75;1,0
03/2022;HAC;2022,0;3,0;VII;30 a 34;75,0;0,0;0,0;0,0
03/2022;HAC;2022,0;3,0;VIII;> 34;85,0;0,0;0,0;0,0
03/2022;HEM;2022,0;3,0;I;0 a 4;4,0;0,0;0,0;0,0
03/2022;HEM;2022,0;3,0;II;5 a 9;8,0;0,0;0,0;0,0
03/2022;HEM;2022,0;3,0;III;10 a 14;15,0;7,0;1,05;2,0
03/2022;HEM;2022,0;3,0;IV;15 a 19;25,0;3,0;0,75;1,0
03/2022;HEM;2022,0;3,0;V;20 a 24;40,0;11,0;4,4;4,0
03/2022;HEM;2022,0;3,0;VI;25 a 29;55,0;7,0;3,85;5,0
03/2022;HEM;2022,0;3,0;VII;30 a 34;75,0;4,0;3,0;2,0
03/2022;HEM;2022,0;3,0;VIII;> 34;85,0;1,0;0,85;0,0
03/2022;HJK;2022,0;3,0;I;0 a 4;4,0;112,0;4,5;8,0
03/2022;HJK;2022,0;3,0;II;5 a 9;8,0;226,0;18,1;24,0
03/2022;HJK;2022,0;3,0;III;10 a 14;15,0;272,0;40,95;15,0
03/2022;HJK;2022,0;3,0;IV;15 a 19;25,0;262,0;65,6;34,0
03/2022;HJK;2022,0;3,0;V;20 a 24;40,0;163,0;65,2;34,0
03/2022;HJK;2022,0;3,0;VI;25 a 29;55,0;81,0;44,65;27,0
03/2022;HJK;2022,0;3,0;VII;30 a 34;75,0;42,0;31,6;21,0
03/2022;HJK;2022,0;3,0;VIII;> 34;85,0;21,0;17,95;15,0
03/2022;HJXXIII;2022,0;3,0;I;0 a 4;4,0;16,0;0,64;0,0
03/2022;HJXXIII;2022,0;3,0;II;5 a 9;8,0;24,0;1,92;0,0
03/2022;HJXXIII;2022,0;3,0;III;10 a 14;15,0;34,0;5,1;1,0
03/2022;HJXXIII;2022,0;3,0;IV;15 a 19;25,0;29,0;7,25;3,0
03/2022;HJXXIII;2022,0;3,0;V;20 a 24;40,0;21,0;8,4;4,0
03/2022;HJXXIII;2022,0;3,0;VI;25 a 29;55,0;7,0;3,85;2,0
03/2022;HJXXIII;2022,0;3,0;VII;30 a 34;75,0;4,0;3,0;3,0
03/2022;HJXXIII;2022,0;3,0;VIII;> 34;85,0;3,0;2,55;3,0
03/2022;HRAD;2022,0;3,0;I;0 a 4;4,0;0,0;0,0;0,0
03/2022;HRAD;2022,0;3,0;II;5 a 9;8,0;0,0;0,0;0,0
03/2022;HRAD;2022,0;3,0;III;10 a 14;15,0;2,0;0,3;0,0
03/2022;HRAD;2022,0;3,0;IV;15 a 19;25,0;9,0;2,25;0,0
03/2022;HRAD;2022,0;3,0;V;20 a 24;40,0;6,0;2,4;0,0
03/2022;HRAD;2022,0;3,0;VI;25 a 29;55,0;0,0;0,0;2,0
03/2022;HRAD;2022,0;3,0;VII;30 a 34;75,0;0,0;0,0;0,0
03/2022;HRAD;2022,0;3,0;VIII;> 34;85,0;0,0;0,0;0,0
03/2022;HRBJA;2022,0;3,0;I;0 a 4;4,0;0,0;0,0;0,0
03/2022;HRBJA;2022,0;3,0;II;5 a 9;8,0;2,0;0,16;1,0
03/2022;HRBJA;2022,0;3,0;III;10 a 14;15,0;2,0;0,3;0,0
03/2022;HRBJA;2022,0;3,0;IV;15 a 19;25,0;6,0;1,5;1,0
03/2022;HRBJA;2022,0;3,0;V;20 a 24;40,0;5,0;2,0;1,0
03/2022;HRBJA;2022,0;3,0;VI;25 a 29;55,0;4,0;2,2;3,0
03/2022;HRBJA;2022,0;3,0;VII;30 a 34;75,0;0,0;0,0;0,0
03/2022;HRBJA;2022,0;3,0;VIII;> 34;85,0;0,0;0,0;0,0
03/2022;HRJP;2022,0;3,0;I;0 a 4;4,0;0,0;0,0;2,0
03/2022;HRJP;2022,0;3,0;II;5 a 9;8,0;0,0;0,0;0,0
03/2022;HRJP;2022,0;3,0;III;10 a 14;15,0;7,0;1,05;0,0
03/2022;HRJP;2022,0;3,0;IV;15 a 19;25,0;5,0;1,25;3,0
03/2022;HRJP;2022,0;3,0;V;20 a 24;40,0;4,0;1,6;3,0
03/2022;HRJP;2022,0;3,0;VI;25 a 29;55,0;4,0;2,2;0,0
03/2022;HRJP;2022,0;3,0;VII;30 a 34;75,0;0,0;0,0;0,0
03/2022;HRJP;2022,0;3,0;VIII;> 34;85,0;0,0;0,0;1,0
03/2022;MOV;2022,0;3,0;I;0 a 4;4,0;1,0;0,04;0,0
03/2022;MOV;2022,0;3,0;II;5 a 9;8,0;8,0;0,64;0,0
03/2022;MOV;2022,0;3,0;III;10 a 14;15,0;10,0;1,5;0,0
03/2022;MOV;2022,0;3,0;IV;15 a 19;25,0;4,0;1,0;0,0
03/2022;MOV;2022,0;3,0;V;20 a 24;40,0;7,0;2,8;0,0
03/2022;MOV;2022,0;3,0;VI;25 a 29;55,0;1,0;0,55;0,0
03/2022;MOV;2022,0;3,0;VII;30 a 34;75,0;0,0;0,0;0,0
03/2022;MOV;2022,0;3,0;VIII;> 34;85,0;0,0;0,0;0,0
04/2022;HAC;2022,0;4,0;I;0 a 4;4,0;0,0;0,0;0,0
04/2022;HAC;2022,0;4,0;II;5 a 9;8,0;1,0;0,08;1,0
04/2022;HAC;2022,0;4,0;III;10 a 14;15,0;5,0;0,75;1,0
04/2022;HAC;2022,0;4,0;IV;15 a 19;25,0;5,0;1,25;1,0
04/2022;HAC;2022,0;4,0;V;20 a 24;40,0;6,0;2,4;3,0
04/2022;HAC;2022,0;4,0;VI;25 a 29;55,0;6,0;3,3;4,0
04/2022;HAC;2022,0;4,0;VII;30 a 34;75,0;0,0;0,0;0,0
04/2022;HAC;2022,0;4,0;VIII;> 34;85,0;0,0;0,0;0,0
04/2022;HEM;2022,0;4,0;I;0 a 4;4,0;0,0;0,0;0,0
04/2022;HEM;2022,0;4,0;II;5 a 9;8,0;2,0;0,16;0,0
04/2022;HEM;2022,0;4,0;III;10 a 14;15,0;9,0;1,35;3,0
04/2022;HEM;2022,0;4,0;IV;15 a 19;25,0;6,0;1,5;0,0
04/2022;HEM;2022,0;4,0;V;20 a 24;40,0;5,0;2,0;2,0
04/2022;HEM;2022,0;4,0;VI;25 a 29;55,0;5,0;2,75;1,0
04/2022;HEM;2022,0;4,0;VII;30 a 34;75,0;1,0;0,75;0,0
04/2022;HEM;2022,0;4,0;VIII;> 34;85,0;2,0;1,7;2,0
04/2022;HJK;2022,0;4,0;I;0 a 4;4,0;116,0;4,66;8,0
04/2022;HJK;2022,0;4,0;II;5 a 9;8,0;229,0;18,34;23,0
04/2022;HJK;2022,0;4,0;III;10 a 14;15,0;282,0;42,45;16,0
04/2022;HJK;2022,0;4,0;IV;15 a 19;25,0;266,0;66,6;34,0
04/2022;HJK;2022,0;4,0;V;20 a 24;40,0;163,0;65,2;33,0
04/2022;HJK;2022,0;4,0;VI;25 a 29;55,0;74,0;40,8;25,0
04/2022;HJK;2022,0;4,0;VII;30 a 34;75,0;40,0;30,1;19,0
04/2022;HJK;2022,0;4,0;VIII;> 34;85,0;21,0;17,95;15,0
04/2022;HJXXIII;2022,0;4,0;I;0 a 4;4,0;11,0;0,44;0,0
04/2022;HJXXIII;2022,0;4,0;II;5 a 9;8,0;25,0;2,0;0,0
04/2022;HJXXIII;2022,0;4,0;III;10 a 14;15,0;40,0;6,0;2,0
04/2022;HJXXIII;2022,0;4,0;IV;15 a 19;25,0;29,0;7,25;3,0
04/2022;HJXXIII;2022,0;4,0;V;20 a 24;40,0;19,0;7,6;3,0
04/2022;HJXXIII;2022,0;4,0;VI;25 a 29;55,0;3,0;1,65;0,0
04/2022;HJXXIII;2022,0;4,0;VII;30 a 34;75,0;1,0;0,75;1,0
04/2022;HJXXIII;2022,0;4,0;VIII;> 34;85,0;2,0;1,7;1,0
04/2022;HRAD;2022,0;4,0;I;0 a 4;4,0;0,0;0,0;0,0
04/2022;HRAD;2022,0;4,0;II;5 a 9;8,0;1,0;0,08;0,0
04/2022;HRAD;2022,0;4,0;III;10 a 14;15,0;10,0;1,5;0,0
04/2022;HRAD;2022,0;4,0;IV;15 a 19;25,0;5,0;1,25;0,0
04/2022;HRAD;2022,0;4,0;V;20 a 24;40,0;2,0;0,8;1,0
04/2022;HRAD;2022,0;4,0;VI;25 a 29;55,0;1,0;0,55;1,0
04/2022;HRAD;2022,0;4,0;VII;30 a 34;75,0;1,0;0,75;0,0
04/2022;HRAD;2022,0;4,0;VIII;> 34;85,0;1,0;0,85;0,0
04/2022;HRBJA;2022,0;4,0;I;0 a 4;4,0;0,0;0,0;0,0
04/2022;HRBJA;2022,0;4,0;II;5 a 9;8,0;2,0;0,16;0,0
04/2022;HRBJA;2022,0;4,0;III;10 a 14;15,0;3,0;0,45;0,0
04/2022;HRBJA;2022,0;4,0;IV;15 a 19;25,0;7,0;1,75;2,0
04/2022;HRBJA;2022,0;4,0;V;20 a 24;40,0;5,0;2,0;2,0
04/2022;HRBJA;2022,0;4,0;VI;25 a 29;55,0;1,0;0,55;0,0
04/2022;HRBJA;2022,0;4,0;VII;30 a 34;75,0;1,0;0,75;1,0
04/2022;HRBJA;2022,0;4,0;VIII;> 34;85,0;1,0;0,85;1,0
04/2022;HRJP;2022,0;4,0;I;0 a 4;4,0;4,0;0,16;2,0
04/2022;HRJP;2022,0;4,0;II;5 a 9;8,0;0,0;0,0;0,0
04/2022;HRJP;2022,0;4,0;III;10 a 14;15,0;1,0;0,15;1,0
04/2022;HRJP;2022,0;4,0;IV;15 a 19;25,0;6,0;1,5;2,0
04/2022;HRJP;2022,0;4,0;V;20 a 24;40,0;7,0;2,8;5,0
04/2022;HRJP;2022,0;4,0;VI;25 a 29;55,0;2,0;1,1;2,0
04/2022;HRJP;2022,0;4,0;VII;30 a 34;75,0;0,0;0,0;1,0
04/2022;HRJP;2022,0;4,0;VIII;> 34;85,0;0,0;0,0;1,0
04/2022;MOV;2022,0;4,0;I;0 a 4;4,0;1,0;0,04;0,0
04/2022;MOV;2022,0;4,0;II;5 a 9;8,0;3,0;0,24;0,0
04/2022;MOV;2022,0;4,0;III;10 a 14;15,0;13,0;1,95;0,0
04/2022;MOV;2022,0;4,0;IV;15 a 19;25,0;11,0;2,75;0,0
04/2022;MOV;2022,0;4,0;V;20 a 24;40,0;0,0;0,0;0,0
04/2022;MOV;2022,0;4,0;VI;25 a 29;55,0;0,0;0,0;0,0
04/2022;MOV;2022,0;4,0;VII;30 a 34;75,0;0,0;0,0;0,0
04/2022;MOV;2022,0;4,0;VIII;> 34;85,0;0,0;0,0;0,0
05/2022;HAC;2022,0;5,0;I;0 a 4;4,0;2,0;0,08;0,0
05/2022;HAC;2022,0;5,0;II;5 a 9;8,0;5,0;0,4;0,0
05/2022;HAC;2022,0;5,0;III;10 a 14;15,0;6,0;0,9;0,0
05/2022;HAC;2022,0;5,0;IV;15 a 19;25,0;8,0;2,0;0,0
05/2022;HAC;2022,0;5,0;V;20 a 24;40,0;2,0;0,8;0,0
05/2022;HAC;2022,0;5,0;VI;25 a 29;55,0;2,0;1,1;1,0
05/2022;HAC;2022,0;5,0;VII;30 a 34;75,0;1,0;0,75;0,0
05/2022;HAC;2022,0;5,0;VIII;> 34;85,0;1,0;0,85;1,0
05/2022;HEM;2022,0;5,0;I;0 a 4;4,0;0,0;0,0;0,0
05/2022;HEM;2022,0;5,0;II;5 a 9;8,0;0,0;0,0;0,0
05/2022;HEM;2022,0;5,0;III;10 a 14;15,0;7,0;1,05;0,0
05/2022;HEM;2022,0;5,0;IV;15 a 19;25,0;18,0;4,5;7,0
05/2022;HEM;2022,0;5,0;V;20 a 24;40,0;11,0;4,4;2,0
05/2022;HEM;2022,0;5,0;VI;25 a 29;55,0;10,0;5,5;3,0
05/2022;HEM;2022,0;5,0;VII;30 a 34;75,0;1,0;0,75;1,0
05/2022;HEM;2022,0;5,0;VIII;> 34;85,0;0,0;0,0;0,0
05/2022;HJK;2022,0;5,0;I;0 a 4;4,0;113,0;4,54;8,0
05/2022;HJK;2022,0;5,0;II;5 a 9;8,0;228,0;18,259999999999998;23,0
05/2022;HJK;2022,0;5,0;III;10 a 14;15,0;276,0;41,550000000000004;15,0
05/2022;HJK;2022,0;5,0;IV;15 a 19;25,0;271,0;67,85;36,0
05/2022;HJK;2022,0;5,0;V;20 a 24;40,0;175,0;70,0;37,0
05/2022;HJK;2022,0;5,0;VI;25 a 29;55,0;78,0;43,0;27,0
05/2022;HJK;2022,0;5,0;VII;30 a 34;75,0;42,0;31,6;22,0
05/2022;HJK;2022,0;5,0;VIII;> 34;85,0;19,0;16,25;15,0
05/2022;HJXXIII;2022,0;5,0;I;0 a 4;4,0;14,0;0,56;0,0
05/2022;HJXXIII;2022,0;5,0;II;5 a 9;8,0;24,0;1,92;1,0
05/2022;HJXXIII;2022,0;5,0;III;10 a 14;15,0;47,0;7,05;2,0
05/2022;HJXXIII;2022,0;5,0;IV;15 a 19;25,0;43,0;10,75;3,0
05/2022;HJXXIII;2022,0;5,0;V;20 a 24;40,0;14,0;5,6;2,0
05/2022;HJXXIII;2022,0;5,0;VI;25 a 29;55,0;11,0;6,05;8,0
05/2022;HJXXIII;2022,0;5,0;VII;30 a 34;75,0;2,0;1,5;2,0
05/2022;HJXXIII;2022,0;5,0;VIII;> 34;85,0;2,0;1,7;2,0
05/2022;HRAD;2022,0;5,0;I;0 a 4;4,0;0,0;0,0;0,0
05/2022;HRAD;2022,0;5,0;II;5 a 9;8,0;0,0;0,0;0,0
05/2022;HRAD;2022,0;5,0;III;10 a 14;15,0;4,0;0,6;2,0
05/2022;HRAD;2022,0;5,0;IV;15 a 19;25,0;5,0;1,25;1,0
05/2022;HRAD;2022,0;5,0;V;20 a 24;40,0;2,0;0,8;1,0
05/2022;HRAD;2022,0;5,0;VI;25 a 29;55,0;4,0;2,2;1,0
05/2022;HRAD;2022,0;5,0;VII;30 a 34;75,0;1,0;0,75;1,0
05/2022;HRAD;2022,0;5,0;VIII;> 34;85,0;0,0;0,0;0,0
05/2022;HRBJA;2022,0;5,0;I;0 a 4;4,0;0,0;0,0;0,0
05/2022;HRBJA;2022,0;5,0;II;5 a 9;8,0;2,0;0,16;0,0
05/2022;HRBJA;2022,0;5,0;III;10 a 14;15,0;3,0;0,45;0,0
05/2022;HRBJA;2022,0;5,0;IV;15 a 19;25,0;9,0;2,25;2,0
05/2022;HRBJA;2022,0;5,0;V;20 a 24;40,0;5,0;2,0;3,0
05/2022;HRBJA;2022,0;5,0;VI;25 a 29;55,0;3,0;1,65;1,0
05/2022;HRBJA;2022,0;5,0;VII;30 a 34;75,0;2,0;1,5;2,0
05/2022;HRBJA;2022,0;5,0;VIII;> 34;85,0;1,0;0,85;1,0
05/2022;HRJP;2022,0;5,0;I;0 a 4;4,0;0,0;0,0;0,0
05/2022;HRJP;2022,0;5,0;II;5 a 9;8,0;2,0;0,16;0,0
05/2022;HRJP;2022,0;5,0;III;10 a 14;15,0;3,0;0,45;1,0
05/2022;HRJP;2022,0;5,0;IV;15 a 19;25,0;3,0;0,75;2,0
05/2022;HRJP;2022,0;5,0;V;20 a 24;40,0;1,0;0,4;1,0
05/2022;HRJP;2022,0;5,0;VI;25 a 29;55,0;5,0;2,75;0,0
05/2022;HRJP;2022,0;5,0;VII;30 a 34;75,0;0,0;0,0;1,0
05/2022;HRJP;2022,0;5,0;VIII;> 34;85,0;0,0;0,0;1,0
05/2022;MOV;2022,0;5,0;I;0 a 4;4,0;2,0;0,08;0,0
05/2022;MOV;2022,0;5,0;II;5 a 9;8,0;4,0;0,32;0,0
05/2022;MOV;2022,0;5,0;III;10 a 14;15,0;10,0;1,5;0,0
05/2022;MOV;2022,0;5,0;IV;15 a 19;25,0;8,0;2,0;0,0
05/2022;MOV;2022,0;5,0;V;20 a 24;40,0;1,0;0,4;0,0
05/2022;MOV;2022,0;5,0;VI;25 a 29;55,0;1,0;0,55;0,0
05/2022;MOV;2022,0;5,0;VII;30 a 34;75,0;0,0;0,0;0,0
05/2022;MOV;2022,0;5,0;VIII;> 34;85,0;0,0;0,0;0,0
06/2022;HAC;2022,0;6,0;I;0 a 4;4,0;0,0;0,0;0,0
06/2022;HAC;2022,0;6,0;II;5 a 9;8,0;6,0;0,48;0,0
06/2022;HAC;2022,0;6,0;III;10 a 14;15,0;5,0;0,75;0,0
06/2022;HAC;2022,0;6,0;IV;15 a 19;25,0;7,0;1,75;0,0
06/2022;HAC;2022,0;6,0;V;20 a 24;40,0;6,0;2,4;2,0
06/2022;HAC;2022,0;6,0;VI;25 a 29;55,0;3,0;1,65;1,0
06/2022;HAC;2022,0;6,0;VII;30 a 34;75,0;0,0;0,0;0,0
06/2022;HAC;2022,0;6,0;VIII;> 34;85,0;4,0;3,4;2,0
06/2022;HEM;2022,0;6,0;I;0 a 4;4,0;0,0;0,0;0,0
06/2022;HEM;2022,0;6,0;II;5 a 9;8,0;1,0;0,08;0,0
06/2022;HEM;2022,0;6,0;III;10 a 14;15,0;6,0;0,9;3,0
06/2022;HEM;2022,0;6,0;IV;15 a 19;25,0;10,0;2,5;1,0
06/2022;HEM;2022,0;6,0;V;20 a 24;40,0;6,0;2,4;1,0
06/2022;HEM;2022,0;6,0;VI;25 a 29;55,0;4,0;2,2;0,0
06/2022;HEM;2022,0;6,0;VII;30 a 34;75,0;1,0;0,75;0,0
06/2022;HEM;2022,0;6,0;VIII;> 34;85,0;0,0;0,0;0,0
06/2022;HJK;2022,0;6,0;I;0 a 4;4,0;113,0;4,54;8,0
06/2022;HJK;2022,0;6,0;II;5 a 9;8,0;229,0;18,34;24,0
06/2022;HJK;2022,0;6,0;III;10 a 14;15,0;276,0;41,550000000000004;15,0
06/2022;HJK;2022,0;6,0;IV;15 a 19;25,0;271,0;67,85;36,0
06/2022;HJK;2022,0;6,0;V;20 a 24;40,0;170,0;68,0;37,0
06/2022;HJK;2022,0;6,0;VI;25 a 29;55,0;82,0;45,2;24,0
06/2022;HJK;2022,0;6,0;VII;30 a 34;75,0;42,0;31,6;19,0
06/2022;HJK;2022,0;6,0;VIII;> 34;85,0;21,0;17,95;15,0
06/2022;HJXXIII;2022,0;6,0;I;0 a 4;4,0;11,0;0,44;0,0
06/2022;HJXXIII;2022,0;6,0;II;5 a 9;8,0;26,0;2,08;0,0
06/2022;HJXXIII;2022,0;6,0;III;10 a 14;15,0;39,0;5,85;0,0
06/2022;HJXXIII;2022,0;6,0;IV;15 a 19;25,0;38,0;9,5;3,0
06/2022;HJXXIII;2022,0;6,0;V;20 a 24;40,0;22,0;8,8;4,0
06/2022;HJXXIII;2022,0;6,0;VI;25 a 29;55,0;5,0;2,75;4,0
06/2022;HJXXIII;2022,0;6,0;VII;30 a 34;75,0;3,0;2,25;2,0
06/2022;HJXXIII;2022,0;6,0;VIII;> 34;85,0;1,0;0,85;1,0
06/2022;HRAD;2022,0;6,0;I;0 a 4;4,0;0,0;0,0;0,0
06/2022;HRAD;2022,0;6,0;II;5 a 9;8,0;1,0;0,08;0,0
06/2022;HRAD;2022,0;6,0;III;10 a 14;15,0;3,0;0,45;0,0
06/2022;HRAD;2022,0;6,0;IV;15 a 19;25,0;4,0;1,0;0,0
06/2022;HRAD;2022,0;6,0;V;20 a 24;40,0;6,0;2,4;1,0
06/2022;HRAD;2022,0;6,0;VI;25 a 29;55,0;1,0;0,55;0,0
06/2022;HRAD;2022,0;6,0;VII;30 a 34;75,0;1,0;0,75;0,0
06/2022;HRAD;2022,0;6,0;VIII;> 34;85,0;0,0;0,0;1,0
06/2022;HRBJA;2022,0;6,0;I;0 a 4;4,0;0,0;0,0;0,0
06/2022;HRBJA;2022,0;6,0;II;5 a 9;8,0;0,0;0,0;0,0
06/2022;HRBJA;2022,0;6,0;III;10 a 14;15,0;4,0;0,6;1,0
06/2022;HRBJA;2022,0;6,0;IV;15 a 19;25,0;5,0;1,25;2,0
06/2022;HRBJA;2022,0;6,0;V;20 a 24;40,0;6,0;2,4;0,0
06/2022;HRBJA;2022,0;6,0;VI;25 a 29;55,0;2,0;1,1;1,0
06/2022;HRBJA;2022,0;6,0;VII;30 a 34;75,0;1,0;0,75;1,0
06/2022;HRBJA;2022,0;6,0;VIII;> 34;85,0;0,0;0,0;0,0
06/2022;HRJP;2022,0;6,0;I;0 a 4;4,0;3,0;0,12;0,0
06/2022;HRJP;2022,0;6,0;II;5 a 9;8,0;0,0;0,0;0,0
06/2022;HRJP;2022,0;6,0;III;10 a 14;15,0;5,0;0,75;1,0
06/2022;HRJP;2022,0;6,0;IV;15 a 19;25,0;7,0;1,75;2,0
06/2022;HRJP;2022,0;6,0;V;20 a 24;40,0;4,0;1,6;2,0
06/2022;HRJP;2022,0;6,0;VI;25 a 29;55,0;5,0;2,75;0,0
06/2022;HRJP;2022,0;6,0;VII;30 a 34;75,0;1,0;0,75;2,0
06/2022;HRJP;2022,0;6,0;VIII;> 34;85,0;1,0;0,85;2,0
06/2022;MOV;2022,0;6,0;I;0 a 4;4,0;3,0;0,12;0,0
06/2022;MOV;2022,0;6,0;II;5 a 9;8,0;9,0;0,72;0,0
06/2022;MOV;2022,0;6,0;III;10 a 14;15,0;13,0;1,95;0,0
06/2022;MOV;2022,0;6,0;IV;15 a 19;25,0;7,0;1,75;0,0
06/2022;MOV;2022,0;6,0;V;20 a 24;40,0;2,0;0,8;0,0
06/2022;MOV;2022,0;6,0;VI;25 a 29;55,0;0,0;0,0;0,0
06/2022;MOV;2022,0;6,0;VII;30 a 34;75,0;0,0;0,0;0,0
06/2022;MOV;2022,0;6,0;VIII;> 34;85,0;0,0;0,0;0,0
07/2022;HAC;2022,0;7,0;I;0 a 4;4,0;2,0;0,08;0,0
07/2022;HAC;2022,0;7,0;II;5 a 9;8,0;10,0;0,8;1,0
07/2022;HAC;2022,0;7,0;III;10 a 14;15,0;7,0;1,05;2,0
07/2022;HAC;2022,0;7,0;IV;15 a 19;25,0;7,0;1,75;2,0
07/2022;HAC;2022,0;7,0;V;20 a 24;40,0;2,0;0,8;1,0
07/2022;HAC;2022,0;7,0;VI;25 a 29;55,0;0,0;0,0;0,0
07/2022;HAC;2022,0;7,0;VII;30 a 34;75,0;0,0;0,0;0,0
07/2022;HAC;2022,0;7,0;VIII;> 34;85,0;0,0;0,0;0,0
07/2022;HEM;2022,0;7,0;I;0 a 4;4,0;0,0;0,0;0,0
07/2022;HEM;2022,0;7,0;II;5 a 9;8,0;4,0;0,32;0,0
07/2022;HEM;2022,0;7,0;III;10 a 14;15,0;9,0;1,35;0,0
07/2022;HEM;2022,0;7,0;IV;15 a 19;25,0;14,0;3,5;3,0
07/2022;HEM;2022,0;7,0;V;20 a 24;40,0;10,0;4,0;4,0
07/2022;HEM;2022,0;7,0;VI;25 a 29;55,0;7,0;3,85;3,0
07/2022;HEM;2022,0;7,0;VII;30 a 34;75,0;2,0;1,5;1,0
07/2022;HEM;2022,0;7,0;VIII;> 34;85,0;1,0;0,85;1,0
07/2022;HJK;2022,0;7,0;I;0 a 4;4,0;114,0;4,58;8,0
07/2022;HJK;2022,0;7,0;II;5 a 9;8,0;225,0;18,02;23,0
07/2022;HJK;2022,0;7,0;III;10 a 14;15,0;276,0;41,550000000000004;18,0
07/2022;HJK;2022,0;7,0;IV;15 a 19;25,0;272,0;68,1;34,0
07/2022;HJK;2022,0;7,0;V;20 a 24;40,0;168,0;67,2;36,0
07/2022;HJK;2022,0;7,0;VI;25 a 29;55,0;75,0;41,349999999999994;26,0
07/2022;HJK;2022,0;7,0;VII;30 a 34;75,0;42,0;31,6;22,0
07/2022;HJK;2022,0;7,0;VIII;> 34;85,0;21,0;17,95;15,0
07/2022;HJXXIII;2022,0;7,0;I;0 a 4;4,0;18,0;0,72;1,0
07/2022;HJXXIII;2022,0;7,0;II;5 a 9;8,0;33,0;2,64;0,0
07/2022;HJXXIII;2022,0;7,0;III;10 a 14;15,0;46,0;6,9;2,0
07/2022;HJXXIII;2022,0;7,0;IV;15 a 19;25,0;32,0;8,0;4,0
07/2022;HJXXIII;2022,0;7,0;V;20 a 24;40,0;21,0;8,4;5,0
07/2022;HJXXIII;2022,0;7,0;VI;25 a 29;55,0;5,0;2,75;1,0
07/2022;HJXXIII;2022,0;7,0;VII;30 a 34;75,0;4,0;3,0;2,0
07/2022;HJXXIII;2022,0;7,0;VIII;> 34;85,0;0,0;0,0;0,0
07/2022;HRAD;2022,0;7,0;I;0 a 4;4,0;0,0;0,0;0,0
07/2022;HRAD;2022,0;7,0;II;5 a 9;8,0;1,0;0,08;0,0
07/2022;HRAD;2022,0;7,0;III;10 a 14;15,0;2,0;0,3;0,0
07/2022;HRAD;2022,0;7,0;IV;15 a 19;25,0;6,0;1,5;1,0
07/2022;HRAD;2022,0;7,0;V;20 a 24;40,0;2,0;0,8;1,0
07/2022;HRAD;2022,0;7,0;VI;25 a 29;55,0;2,0;1,1;1,0
07/2022;HRAD;2022,0;7,0;VII;30 a 34;75,0;0,0;0,0;0,0
07/2022;HRAD;2022,0;7,0;VIII;> 34;85,0;0,0;0,0;0,0
07/2022;HRBJA;2022,0;7,0;I;0 a 4;4,0;0,0;0,0;0,0
07/2022;HRBJA;2022,0;7,0;II;5 a 9;8,0;1,0;0,08;0,0
07/2022;HRBJA;2022,0;7,0;III;10 a 14;15,0;2,0;0,3;0,0
07/2022;HRBJA;2022,0;7,0;IV;15 a 19;25,0;7,0;1,75;2,0
07/2022;HRBJA;2022,0;7,0;V;20 a 24;40,0;5,0;2,0;1,0
07/2022;HRBJA;2022,0;7,0;VI;25 a 29;55,0;1,0;0,55;1,0
07/2022;HRBJA;2022,0;7,0;VII;30 a 34;75,0;1,0;0,75;1,0
07/2022;HRBJA;2022,0;7,0;VIII;> 34;85,0;0,0;0,0;0,0
07/2022;HRJP;2022,0;7,0;I;0 a 4;4,0;1,0;0,04;1,0
07/2022;HRJP;2022,0;7,0;II;5 a 9;8,0;0,0;0,0;0,0
07/2022;HRJP;2022,0;7,0;III;10 a 14;15,0;1,0;0,15;0,0
07/2022;HRJP;2022,0;7,0;IV;15 a 19;25,0;3,0;0,75;2,0
07/2022;HRJP;2022,0;7,0;V;20 a 24;40,0;0,0;0,0;2,0
07/2022;HRJP;2022,0;7,0;VI;25 a 29;55,0;4,0;2,2;0,0
07/2022;HRJP;2022,0;7,0;VII;30 a 34;75,0;1,0;0,75;2,0
07/2022;HRJP;2022,0;7,0;VIII;> 34;85,0;0,0;0,0;1,0
07/2022;MOV;2022,0;7,0;I;0 a 4;4,0;1,0;0,04;0,0
07/2022;MOV;2022,0;7,0;II;5 a 9;8,0;4,0;0,32;0,0
07/2022;MOV;2022,0;7,0;III;10 a 14;15,0;12,0;1,8;0,0
07/2022;MOV;2022,0;7,0;IV;15 a 19;25,0;5,0;1,25;0,0
07/2022;MOV;2022,0;7,0;V;20 a 24;40,0;4,0;1,6;0,0
07/2022;MOV;2022,0;7,0;VI;25 a 29;55,0;3,0;1,65;1,0
07/2022;MOV;2022,0;7,0;VII;30 a 34;75,0;0,0;0,0;1,0
07/2022;MOV;2022,0;7,0;VIII;> 34;85,0;2,0;1,7;1,0
08/2022;HAC;2022,0;8,0;I;0 a 4;4,0;0,0;0,0;0,0
08/2022;HAC;2022,0;8,0;II;5 a 9;8,0;11,0;0,88;1,0
08/2022;HAC;2022,0;8,0;III;10 a 14;15,0;18,0;2,7;2,0
08/2022;HAC;2022,0;8,0;IV;15 a 19;25,0;5,0;1,25;2,0
08/2022;HAC;2022,0;8,0;V;20 a 24;40,0;6,0;2,4;2,0
08/2022;HAC;2022,0;8,0;VI;25 a 29;55,0;1,0;0,55;1,0
08/2022;HAC;2022,0;8,0;VII;30 a 34;75,0;2,0;1,5;1,0
08/2022;HAC;2022,0;8,0;VIII;> 34;85,0;0,0;0,0;0,0
08/2022;HEM;2022,0;8,0;I;0 a 4;4,0;1,0;0,04;0,0
08/2022;HEM;2022,0;8,0;II;5 a 9;8,0;11,0;0,88;3,0
08/2022;HEM;2022,0;8,0;III;10 a 14;15,0;10,0;1,5;1,0
08/2022;HEM;2022,0;8,0;IV;15 a 19;25,0;6,0;1,5;1,0
08/2022;HEM;2022,0;8,0;V;20 a 24;40,0;2,0;0,8;0,0
08/2022;HEM;2022,0;8,0;VI;25 a 29;55,0;6,0;3,3;3,0
08/2022;HEM;2022,0;8,0;VII;30 a 34;75,0;6,0;4,5;2,0
08/2022;HEM;2022,0;8,0;VIII;> 34;85,0;0,0;0,0;0,0
08/2022;HJK;2022,0;8,0;I;0 a 4;4,0;112,0;4,5;8,0
08/2022;HJK;2022,0;8,0;II;5 a 9;8,0;222,0;17,78;23,0
08/2022;HJK;2022,0;8,0;III;10 a 14;15,0;279,0;42,0;16,0
08/2022;HJK;2022,0;8,0;IV;15 a 19;25,0;262,0;65,6;32,0
08/2022;HJK;2022,0;8,0;V;20 a 24;40,0;160,0;64,0;35,0
08/2022;HJK;2022,0;8,0;VI;25 a 29;55,0;77,0;42,45;25,0
08/2022;HJK;2022,0;8,0;VII;30 a 34;75,0;40,0;30,1;19,0
08/2022;HJK;2022,0;8,0;VIII;> 34;85,0;20,0;17,1;15,0
08/2022;HJXXIII;2022,0;8,0;I;0 a 4;4,0;19,0;0,76;1,0
08/2022;HJXXIII;2022,0;8,0;II;5 a 9;8,0;24,0;1,92;2,0
08/2022;HJXXIII;2022,0;8,0;III;10 a 14;15,0;42,0;6,3;11,0
08/2022;HJXXIII;2022,0;8,0;IV;15 a 19;25,0;39,0;9,75;8,0
08/2022;HJXXIII;2022,0;8,0;V;20 a 24;40,0;23,0;9,2;8,0
08/2022;HJXXIII;2022,0;8,0;VI;25 a 29;55,0;6,0;3,3;3,0
08/2022;HJXXIII;2022,0;8,0;VII;30 a 34;75,0;1,0;0,75;1,0
08/2022;HJXXIII;2022,0;8,0;VIII;> 34;85,0;1,0;0,85;1,0
08/2022;HRAD;2022,0;8,0;I;0 a 4;4,0;0,0;0,0;0,0
08/2022;HRAD;2022,0;8,0;II;5 a 9;8,0;3,0;0,24;0,0
08/2022;HRAD;2022,0;8,0;III;10 a 14;15,0;2,0;0,3;0,0
08/2022;HRAD;2022,0;8,0;IV;15 a 19;25,0;4,0;1,0;0,0
08/2022;HRAD;2022,0;8,0;V;20 a 24;40,0;6,0;2,4;1,0
08/2022;HRAD;2022,0;8,0;VI;25 a 29;55,0;1,0;0,55;0,0
08/2022;HRAD;2022,0;8,0;VII;30 a 34;75,0;0,0;0,0;0,0
08/2022;HRAD;2022,0;8,0;VIII;> 34;85,0;0,0;0,0;0,0
08/2022;HRBJA;2022,0;8,0;I;0 a 4;4,0;0,0;0,0;0,0
08/2022;HRBJA;2022,0;8,0;II;5 a 9;8,0;1,0;0,08;0,0
08/2022;HRBJA;2022,0;8,0;III;10 a 14;15,0;2,0;0,3;0,0
08/2022;HRBJA;2022,0;8,0;IV;15 a 19;25,0;8,0;2,0;2,0
08/2022;HRBJA;2022,0;8,0;V;20 a 24;40,0;9,0;3,6;4,0
08/2022;HRBJA;2022,0;8,0;VI;25 a 29;55,0;2,0;1,1;1,0
08/2022;HRBJA;2022,0;8,0;VII;30 a 34;75,0;0,0;0,0;0,0
08/2022;HRBJA;2022,0;8,0;VIII;> 34;85,0;1,0;0,85;1,0
08/2022;HRJP;2022,0;8,0;I;0 a 4;4,0;3,0;0,12;1,0
08/2022;HRJP;2022,0;8,0;II;5 a 9;8,0;3,0;0,24;0,0
08/2022;HRJP;2022,0;8,0;III;10 a 14;15,0;5,0;0,75;0,0
08/2022;HRJP;2022,0;8,0;IV;15 a 19;25,0;4,0;1,0;2,0
08/2022;HRJP;2022,0;8,0;V;20 a 24;40,0;5,0;2,0;2,0
08/2022;HRJP;2022,0;8,0;VI;25 a 29;55,0;3,0;1,65;2,0
08/2022;HRJP;2022,0;8,0;VII;30 a 34;75,0;1,0;0,75;1,0
08/2022;HRJP;2022,0;8,0;VIII;> 34;85,0;0,0;0,0;1,0
08/2022;MOV;2022,0;8,0;I;0 a 4;4,0;1,0;0,04;0,0
08/2022;MOV;2022,0;8,0;II;5 a 9;8,0;5,0;0,4;0,0
08/2022;MOV;2022,0;8,0;III;10 a 14;15,0;15,0;2,25;0,0
08/2022;MOV;2022,0;8,0;IV;15 a 19;25,0;6,0;1,5;0,0
08/2022;MOV;2022,0;8,0;V;20 a 24;40,0;4,0;1,6;0,0
08/2022;MOV;2022,0;8,0;VI;25 a 29;55,0;2,0;1,1;1,0
08/2022;MOV;2022,0;8,0;VII;30 a 34;75,0;1,0;0,75;1,0
08/2022;MOV;2022,0;8,0;VIII;> 34;85,0;0,0;0,0;1,0
09/2022;HAC;2022,0;9,0;I;0 a 4;4,0;2,0;0,08;0,0
09/2022;HAC;2022,0;9,0;II;5 a 9;8,0;7,0;0,56;0,0
09/2022;HAC;2022,0;9,0;III;10 a 14;15,0;11,0;1,65;0,0
09/2022;HAC;2022,0;9,0;IV;15 a 19;25,0;14,0;3,5;3,0
09/2022;HAC;2022,0;9,0;V;20 a 24;40,0;7,0;2,8;2,0
09/2022;HAC;2022,0;9,0;VI;25 a 29;55,0;2,0;1,1;1,0
09/2022;HAC;2022,0;9,0;VII;30 a 34;75,0;0,0;0,0;0,0
09/2022;HAC;2022,0;9,0;VIII;> 34;85,0;0,0;0,0;0,0
09/2022;HEM;2022,0;9,0;I;0 a 4;4,0;3,0;0,12;0,0
09/2022;HEM;2022,0;9,0;II;5 a 9;8,0;9,0;0,72;0,0
09/2022;HEM;2022,0;9,0;III;10 a 14;15,0;19,0;2,85;5,0
09/2022;HEM;2022,0;9,0;IV;15 a 19;25,0;3,0;0,75;0,0
09/2022;HEM;2022,0;9,0;V;20 a 24;40,0;5,0;2,0;0,0
09/2022;HEM;2022,0;9,0;VI;25 a 29;55,0;2,0;1,1;1,0
09/2022;HEM;2022,0;9,0;VII;30 a 34;75,0;1,0;0,75;1,0
09/2022;HEM;2022,0;9,0;VIII;> 34;85,0;1,0;0,85;1,0
09/2022;HJK;2022,0;9,0;I;0 a 4;4,0;112,0;4,5;8,0
09/2022;HJK;2022,0;9,0;II;5 a 9;8,0;224,0;17,939999999999998;23,0
09/2022;HJK;2022,0;9,0;III;10 a 14;15,0;277,0;41,7;16,0
09/2022;HJK;2022,0;9,0;IV;15 a 19;25,0;264,0;66,1;33,0
09/2022;HJK;2022,0;9,0;V;20 a 24;40,0;163,0;65,2;33,0
09/2022;HJK;2022,0;9,0;VI;25 a 29;55,0;75,0;41,349999999999994;24,0
09/2022;HJK;2022,0;9,0;VII;30 a 34;75,0;40,0;30,1;19,0
09/2022;HJK;2022,0;9,0;VIII;> 34;85,0;20,0;17,1;15,0
09/2022;HJXXIII;2022,0;9,0;I;0 a 4;4,0;13,0;0,52;0,0
09/2022;HJXXIII;2022,0;9,0;II;5 a 9;8,0;19,0;1,52;1,0
09/2022;HJXXIII;2022,0;9,0;III;10 a 14;15,0;35,0;5,25;3,0
09/2022;HJXXIII;2022,0;9,0;IV;15 a 19;25,0;35,0;8,75;3,0
09/2022;HJXXIII;2022,0;9,0;V;20 a 24;40,0;25,0;10,0;7,0
09/2022;HJXXIII;2022,0;9,0;VI;25 a 29;55,0;11,0;6,05;3,0
09/2022;HJXXIII;2022,0;9,0;VII;30 a 34;75,0;1,0;0,75;0,0
09/2022;HJXXIII;2022,0;9,0;VIII;> 34;85,0;0,0;0,0;0,0
09/2022;HRAD;2022,0;9,0;I;0 a 4;4,0;0,0;0,0;0,0
09/2022;HRAD;2022,0;9,0;II;5 a 9;8,0;0,0;0,0;0,0
09/2022;HRAD;2022,0;9,0;III;10 a 14;15,0;0,0;0,0;0,0
09/2022;HRAD;2022,0;9,0;IV;15 a 19;25,0;7,0;1,75;0,0
09/2022;HRAD;2022,0;9,0;V;20 a 24;40,0;2,0;0,8;1,0
09/2022;HRAD;2022,0;9,0;VI;25 a 29;55,0;0,0;0,0;2,0
09/2022;HRAD;2022,0;9,0;VII;30 a 34;75,0;0,0;0,0;0,0
09/2022;HRAD;2022,0;9,0;VIII;> 34;85,0;0,0;0,0;0,0
09/2022;HRBJA;2022,0;9,0;I;0 a 4;4,0;0,0;0,0;0,0
09/2022;HRBJA;2022,0;9,0;II;5 a 9;8,0;0,0;0,0;0,0
09/2022;HRBJA;2022,0;9,0;III;10 a 14;15,0;3,0;0,45;0,0
09/2022;HRBJA;2022,0;9,0;IV;15 a 19;25,0;7,0;1,75;1,0
09/2022;HRBJA;2022,0;9,0;V;20 a 24;40,0;7,0;2,8;2,0
09/2022;HRBJA;2022,0;9,0;VI;25 a 29;55,0;7,0;3,85;4,0
09/2022;HRBJA;2022,0;9,0;VII;30 a 34;75,0;0,0;0,0;0,0
09/2022;HRBJA;2022,0;9,0;VIII;> 34;85,0;1,0;0,85;1,0
09/2022;HRJP;2022,0;9,0;I;0 a 4;4,0;0,0;0,0;0,0
09/2022;HRJP;2022,0;9,0;II;5 a 9;8,0;2,0;0,16;0,0
09/2022;HRJP;2022,0;9,0;III;10 a 14;15,0;11,0;1,65;0,0
09/2022;HRJP;2022,0;9,0;IV;15 a 19;25,0;4,0;1,0;1,0
09/2022;HRJP;2022,0;9,0;V;20 a 24;40,0;6,0;2,4;1,0
09/2022;HRJP;2022,0;9,0;VI;25 a 29;55,0;0,0;0,0;0,0
09/2022;HRJP;2022,0;9,0;VII;30 a 34;75,0;2,0;1,5;1,0
09/2022;HRJP;2022,0;9,0;VIII;> 34;85,0;0,0;0,0;0,0
09/2022;MOV;2022,0;9,0;I;0 a 4;4,0;1,0;0,04;0,0
09/2022;MOV;2022,0;9,0;II;5 a 9;8,0;6,0;0,48;0,0
09/2022;MOV;2022,0;9,0;III;10 a 14;15,0;9,0;1,35;0,0
09/2022;MOV;2022,0;9,0;IV;15 a 19;25,0;8,0;2,0;0,0
09/2022;MOV;2022,0;9,0;V;20 a 24;40,0;5,0;2,0;0,0
09/2022;MOV;2022,0;9,0;VI;25 a 29;55,0;2,0;1,1;0,0
09/2022;MOV;2022,0;9,0;VII;30 a 34;75,0;0,0;0,0;0,0
09/2022;MOV;2022,0;9,0;VIII;> 34;85,0;0,0;0,0;0,0
10/2022;HAC;2022,0;10,0;I;0 a 4;4,0;0,0;0,0;0,0
10/2022;HAC;2022,0;10,0;II;5 a 9;8,0;4,0;0,32;0,0
10/2022;HAC;2022,0;10,0;III;10 a 14;15,0;9,0;1,35;1,0
10/2022;HAC;2022,0;10,0;IV;15 a 19;25,0;18,0;4,5;1,0
10/2022;HAC;2022,0;10,0;V;20 a 24;40,0;7,0;2,8;4,0
10/2022;HAC;2022,0;10,0;VI;25 a 29;55,0;2,0;1,1;2,0
10/2022;HAC;2022,0;10,0;VII;30 a 34;75,0;1,0;0,75;1,0
10/2022;HAC;2022,0;10,0;VIII;> 34;85,0;0,0;0,0;0,0
10/2022;HEM;2022,0;10,0;I;0 a 4;4,0;1,0;0,04;0,0
10/2022;HEM;2022,0;10,0;II;5 a 9;8,0;3,0;0,24;0,0
10/2022;HEM;2022,0;10,0;III;10 a 14;15,0;3,0;0,45;0,0
10/2022;HEM;2022,0;10,0;IV;15 a 19;25,0;6,0;1,5;0,0
10/2022;HEM;2022,0;10,0;V;20 a 24;40,0;9,0;3,6;0,0
10/2022;HEM;2022,0;10,0;VI;25 a 29;55,0;3,0;1,65;0,0
10/2022;HEM;2022,0;10,0;VII;30 a 34;75,0;0,0;0,0;0,0
10/2022;HEM;2022,0;10,0;VIII;> 34;85,0;0,0;0,0;0,0
10/2022;HJK;2022,0;10,0;I;0 a 4;4,0;114,0;4,58;8,0
10/2022;HJK;2022,0;10,0;II;5 a 9;8,0;225,0;18,02;23,0
10/2022;HJK;2022,0;10,0;III;10 a 14;15,0;271,0;40,800000000000004;15,0
10/2022;HJK;2022,0;10,0;IV;15 a 19;25,0;259,0;64,85;32,0
10/2022;HJK;2022,0;10,0;V;20 a 24;40,0;163,0;65,2;34,0
10/2022;HJK;2022,0;10,0;VI;25 a 29;55,0;81,0;44,65;26,0
10/2022;HJK;2022,0;10,0;VII;30 a 34;75,0;45,0;33,85;22,0
10/2022;HJK;2022,0;10,0;VIII;> 34;85,0;19,0;16,25;15,0
10/2022;HJXXIII;2022,0;10,0;I;0 a 4;4,0;9,0;0,36;0,0
10/2022;HJXXIII;2022,0;10,0;II;5 a 9;8,0;24,0;1,92;0,0
10/2022;HJXXIII;2022,0;10,0;III;10 a 14;15,0;35,0;5,25;2,0
10/2022;HJXXIII;2022,0;10,0;IV;15 a 19;25,0;30,0;7,5;3,0
10/2022;HJXXIII;2022,0;10,0;V;20 a 24;40,0;16,0;6,4;3,0
10/2022;HJXXIII;2022,0;10,0;VI;25 a 29;55,0;6,0;3,3;6,0
10/2022;HJXXIII;2022,0;10,0;VII;30 a 34;75,0;1,0;0,75;0,0
10/2022;HJXXIII;2022,0;10,0;VIII;> 34;85,0;1,0;0,85;1,0
10/2022;HRAD;2022,0;10,0;I;0 a 4;4,0;0,0;0,0;0,0
10/2022;HRAD;2022,0;10,0;II;5 a 9;8,0;0,0;0,0;0,0
10/2022;HRAD;2022,0;10,0;III;10 a 14;15,0;5,0;0,75;0,0
10/2022;HRAD;2022,0;10,0;IV;15 a 19;25,0;8,0;2,0;0,0
10/2022;HRAD;2022,0;10,0;V;20 a 24;40,0;2,0;0,8;0,0
10/2022;HRAD;2022,0;10,0;VI;25 a 29;55,0;1,0;0,55;2,0
10/2022;HRAD;2022,0;10,0;VII;30 a 34;75,0;1,0;0,75;0,0
10/2022;HRAD;2022,0;10,0;VIII;> 34;85,0;0,0;0,0;0,0
10/2022;HRBJA;2022,0;10,0;I;0 a 4;4,0;0,0;0,0;0,0
10/2022;HRBJA;2022,0;10,0;II;5 a 9;8,0;0,0;0,0;0,0
10/2022;HRBJA;2022,0;10,0;III;10 a 14;15,0;2,0;0,3;1,0
10/2022;HRBJA;2022,0;10,0;IV;15 a 19;25,0;7,0;1,75;1,0
10/2022;HRBJA;2022,0;10,0;V;20 a 24;40,0;5,0;2,0;1,0
10/2022;HRBJA;2022,0;10,0;VI;25 a 29;55,0;4,0;2,2;2,0
10/2022;HRBJA;2022,0;10,0;VII;30 a 34;75,0;2,0;1,5;0,0
10/2022;HRBJA;2022,0;10,0;VIII;> 34;85,0;0,0;0,0;0,0
10/2022;HRJP;2022,0;10,0;I;0 a 4;4,0;0,0;0,0;0,0
10/2022;HRJP;2022,0;10,0;II;5 a 9;8,0;1,0;0,08;0,0
10/2022;HRJP;2022,0;10,0;III;10 a 14;15,0;5,0;0,75;0,0
10/2022;HRJP;2022,0;10,0;IV;15 a 19;25,0;6,0;1,5;0,0
10/2022;HRJP;2022,0;10,0;V;20 a 24;40,0;4,0;1,6;1,0
10/2022;HRJP;2022,0;10,0;VI;25 a 29;55,0;4,0;2,2;2,0
10/2022;HRJP;2022,0;10,0;VII;30 a 34;75,0;0,0;0,0;2,0
10/2022;HRJP;2022,0;10,0;VIII;> 34;85,0;0,0;0,0;2,0
10/2022;MOV;2022,0;10,0;I;0 a 4;4,0;1,0;0,04;0,0
10/2022;MOV;2022,0;10,0;II;5 a 9;8,0;5,0;0,4;0,0
10/2022;MOV;2022,0;10,0;III;10 a 14;15,0;13,0;1,95;0,0
10/2022;MOV;2022,0;10,0;IV;15 a 19;25,0;9,0;2,25;0,0
10/2022;MOV;2022,0;10,0;V;20 a 24;40,0;1,0;0,4;0,0
10/2022;MOV;2022,0;10,0;VI;25 a 29;55,0;0,0;0,0;0,0
10/2022;MOV;2022,0;10,0;VII;30 a 34;75,0;0,0;0,0;0,0
10/2022;MOV;2022,0;10,0;VIII;> 34;85,0;0,0;0,0;0,0
11/2022;HAC;2022,0;11,0;I;0 a 4;4,0;0,0;0,0;0,0
11/2022;HAC;2022,0;11,0;II;5 a 9;8,0;3,0;0,24;0,0
11/2022;HAC;2022,0;11,0;III;10 a 14;15,0;8,0;1,2;0,0
11/2022;HAC;2022,0;11,0;IV;15 a 19;25,0;10,0;2,5;0,0
11/2022;HAC;2022,0;11,0;V;20 a 24;40,0;6,0;2,4;3,0
11/2022;HAC;2022,0;11,0;VI;25 a 29;55,0;5,0;2,75;3,0
11/2022;HAC;2022,0;11,0;VII;30 a 34;75,0;1,0;0,75;1,0
11/2022;HAC;2022,0;11,0;VIII;> 34;85,0;1,0;0,85;0,0
11/2022;HEM;2022,0;11,0;I;0 a 4;4,0;0,0;0,0;0,0
11/2022;HEM;2022,0;11,0;II;5 a 9;8,0;0,0;0,0;0,0
11/2022;HEM;2022,0;11,0;III;10 a 14;15,0;4,0;0,6;0,0
11/2022;HEM;2022,0;11,0;IV;15 a 19;25,0;10,0;2,5;1,0
11/2022;HEM;2022,0;11,0;V;20 a 24;40,0;9,0;3,6;1,0
11/2022;HEM;2022,0;11,0;VI;25 a 29;55,0;2,0;1,1;0,0
11/2022;HEM;2022,0;11,0;VII;30 a 34;75,0;4,0;3,0;0,0
11/2022;HEM;2022,0;11,0;VIII;> 34;85,0;2,0;1,7;0,0
11/2022;HJK;2022,0;11,0;I;0 a 4;4,0;114,0;4,58;8,0
11/2022;HJK;2022,0;11,0;II;5 a 9;8,0;222,0;17,78;23,0
11/2022;HJK;2022,0;11,0;III;10 a 14;15,0;270,0;40,650000000000006;16,0
11/2022;HJK;2022,0;11,0;IV;15 a 19;25,0;263,0;65,85;32,0
11/2022;HJK;2022,0;11,0;V;20 a 24;40,0;162,0;64,8;33,0
11/2022;HJK;2022,0;11,0;VI;25 a 29;55,0;75,0;41,349999999999994;25,0
11/2022;HJK;2022,0;11,0;VII;30 a 34;75,0;41,0;30,85;20,0
11/2022;HJK;2022,0;11,0;VIII;> 34;85,0;19,0;16,25;15,0
11/2022;HJXXIII;2022,0;11,0;I;0 a 4;4,0;14,0;0,56;0,0
11/2022;HJXXIII;2022,0;11,0;II;5 a 9;8,0;22,0;1,76;1,0
11/2022;HJXXIII;2022,0;11,0;III;10 a 14;15,0;37,0;5,55;1,0
11/2022;HJXXIII;2022,0;11,0;IV;15 a 19;25,0;20,0;5,0;2,0
11/2022;HJXXIII;2022,0;11,0;V;20 a 24;40,0;22,0;8,8;4,0
11/2022;HJXXIII;2022,0;11,0;VI;25 a 29;55,0;5,0;2,75;4,0
11/2022;HJXXIII;2022,0;11,0;VII;30 a 34;75,0;2,0;1,5;2,0
11/2022;HJXXIII;2022,0;11,0;VIII;> 34;85,0;1,0;0,85;0,0
11/2022;HRAD;2022,0;11,0;I;0 a 4;4,0;0,0;0,0;0,0
11/2022;HRAD;2022,0;11,0;II;5 a 9;8,0;1,0;0,08;0,0
11/2022;HRAD;2022,0;11,0;III;10 a 14;15,0;3,0;0,45;1,0
11/2022;HRAD;2022,0;11,0;IV;15 a 19;25,0;6,0;1,5;0,0
11/2022;HRAD;2022,0;11,0;V;20 a 24;40,0;4,0;1,6;3,0
11/2022;HRAD;2022,0;11,0;VI;25 a 29;55,0;2,0;1,1;2,0
11/2022;HRAD;2022,0;11,0;VII;30 a 34;75,0;0,0;0,0;0,0
11/2022;HRAD;2022,0;11,0;VIII;> 34;85,0;0,0;0,0;0,0
11/2022;HRBJA;2022,0;11,0;I;0 a 4;4,0;0,0;0,0;0,0
11/2022;HRBJA;2022,0;11,0;II;5 a 9;8,0;3,0;0,24;0,0
11/2022;HRBJA;2022,0;11,0;III;10 a 14;15,0;7,0;1,05;0,0
11/2022;HRBJA;2022,0;11,0;IV;15 a 19;25,0;6,0;1,5;0,0
11/2022;HRBJA;2022,0;11,0;V;20 a 24;40,0;5,0;2,0;3,0
11/2022;HRBJA;2022,0;11,0;VI;25 a 29;55,0;4,0;2,2;1,0
11/2022;HRBJA;2022,0;11,0;VII;30 a 34;75,0;0,0;0,0;0,0
11/2022;HRBJA;2022,0;11,0;VIII;> 34;85,0;0,0;0,0;0,0
11/2022;HRJP;2022,0;11,0;I;0 a 4;4,0;0,0;0,0;0,0
11/2022;HRJP;2022,0;11,0;II;5 a 9;8,0;2,0;0,16;0,0
11/2022;HRJP;2022,0;11,0;III;10 a 14;15,0;4,0;0,6;1,0
11/2022;HRJP;2022,0;11,0;IV;15 a 19;25,0;8,0;2,0;1,0
11/2022;HRJP;2022,0;11,0;V;20 a 24;40,0;10,0;4,0;2,0
11/2022;HRJP;2022,0;11,0;VI;25 a 29;55,0;3,0;1,65;1,0
11/2022;HRJP;2022,0;11,0;VII;30 a 34;75,0;0,0;0,0;0,0
11/2022;HRJP;2022,0;11,0;VIII;> 34;85,0;0,0;0,0;0,0
11/2022;MOV;2022,0;11,0;I;0 a 4;4,0;2,0;0,08;0,0
11/2022;MOV;2022,0;11,0;II;5 a 9;8,0;8,0;0,64;0,0
11/2022;MOV;2022,0;11,0;III;10 a 14;15,0;11,0;1,65;0,0
11/2022;MOV;2022,0;11,0;IV;15 a 19;25,0;8,0;2,0;0,0
11/2022;MOV;2022,0;11,0;V;20 a 24;40,0;1,0;0,4;0,0
11/2022;MOV;2022,0;11,0;VI;25 a 29;55,0;2,0;1,1;0,0
11/2022;MOV;2022,0;11,0;VII;30 a 34;75,0;0,0;0,0;0,0
11/2022;MOV;2022,0;11,0;VIII;> 34;85,0;0,0;0,0;0,0
12/2022;HAC;2022,0;12,0;I;0 a 4;4,0;1,0;0,04;0,0
12/2022;HAC;2022,0;12,0;II;5 a 9;8,0;2,0;0,16;0,0
12/2022;HAC;2022,0;12,0;III;10 a 14;15,0;18,0;2,7;0,0
12/2022;HAC;2022,0;12,0;IV;15 a 19;25,0;9,0;2,25;1,0
12/2022;HAC;2022,0;12,0;V;20 a 24;40,0;4,0;1,6;1,0
12/2022;HAC;2022,0;12,0;VI;25 a 29;55,0;2,0;1,1;0,0
12/2022;HAC;2022,0;12,0;VII;30 a 34;75,0;0,0;0,0;0,0
12/2022;HAC;2022,0;12,0;VIII;> 34;85,0;0,0;0,0;0,0
12/2022;HEM;2022,0;12,0;I;0 a 4;4,0;0,0;0,0;0,0
12/2022;HEM;2022,0;12,0;II;5 a 9;8,0;0,0;0,0;0,0
12/2022;HEM;2022,0;12,0;III;10 a 14;15,0;0,0;0,0;0,0
12/2022;HEM;2022,0;12,0;IV;15 a 19;25,0;9,0;2,25;0,0
12/2022;HEM;2022,0;12,0;V;20 a 24;40,0;7,0;2,8;1,0
12/2022;HEM;2022,0;12,0;VI;25 a 29;55,0;4,0;2,2;2,0
12/2022;HEM;2022,0;12,0;VII;30 a 34;75,0;6,0;4,5;1,0
12/2022;HEM;2022,0;12,0;VIII;> 34;85,0;3,0;2,55;2,0
12/2022;HJK;2022,0;12,0;I;0 a 4;4,0;112,0;4,5;8,0
12/2022;HJK;2022,0;12,0;II;5 a 9;8,0;222,0;17,78;23,0
12/2022;HJK;2022,0;12,0;III;10 a 14;15,0;268,0;40,35;16,0
12/2022;HJK;2022,0;12,0;IV;15 a 19;25,0;261,0;65,35;34,0
12/2022;HJK;2022,0;12,0;V;20 a 24;40,0;166,0;66,4;33,0
12/2022;HJK;2022,0;12,0;VI;25 a 29;55,0;81,0;44,65;24,0
12/2022;HJK;2022,0;12,0;VII;30 a 34;75,0;40,0;30,1;19,0
12/2022;HJK;2022,0;12,0;VIII;> 34;85,0;20,0;17,1;16,0
12/2022;HJXXIII;2022,0;12,0;I;0 a 4;4,0;10,0;0,4;0,0
12/2022;HJXXIII;2022,0;12,0;II;5 a 9;8,0;24,0;1,92;0,0
12/2022;HJXXIII;2022,0;12,0;III;10 a 14;15,0;33,0;4,95;1,0
12/2022;HJXXIII;2022,0;12,0;IV;15 a 19;25,0;33,0;8,25;6,0
12/2022;HJXXIII;2022,0;12,0;V;20 a 24;40,0;16,0;6,4;6,0
12/2022;HJXXIII;2022,0;12,0;VI;25 a 29;55,0;9,0;4,95;6,0
12/2022;HJXXIII;2022,0;12,0;VII;30 a 34;75,0;3,0;2,25;2,0
12/2022;HJXXIII;2022,0;12,0;VIII;> 34;85,0;0,0;0,0;0,0
12/2022;HRAD;2022,0;12,0;I;0 a 4;4,0;0,0;0,0;0,0
12/2022;HRAD;2022,0;12,0;II;5 a 9;8,0;3,0;0,24;0,0
12/2022;HRAD;2022,0;12,0;III;10 a 14;15,0;4,0;0,6;1,0
12/2022;HRAD;2022,0;12,0;IV;15 a 19;25,0;8,0;2,0;1,0
12/2022;HRAD;2022,0;12,0;V;20 a 24;40,0;2,0;0,8;2,0
12/2022;HRAD;2022,0;12,0;VI;25 a 29;55,0;3,0;1,65;2,0
12/2022;HRAD;2022,0;12,0;VII;30 a 34;75,0;1,0;0,75;1,0
12/2022;HRAD;2022,0;12,0;VIII;> 34;85,0;0,0;0,0;0,0
12/2022;HRBJA;2022,0;12,0;I;0 a 4;4,0;0,0;0,0;0,0
12/2022;HRBJA;2022,0;12,0;II;5 a 9;8,0;2,0;0,16;0,0
12/2022;HRBJA;2022,0;12,0;III;10 a 14;15,0;4,0;0,6;1,0
12/2022;HRBJA;2022,0;12,0;IV;15 a 19;25,0;6,0;1,5;1,0
12/2022;HRBJA;2022,0;12,0;V;20 a 24;40,0;4,0;1,6;3,0
12/2022;HRBJA;2022,0;12,0;VI;25 a 29;55,0;2,0;1,1;1,0
12/2022;HRBJA;2022,0;12,0;VII;30 a 34;75,0;1,0;0,75;0,0
12/2022;HRBJA;2022,0;12,0;VIII;> 34;85,0;1,0;0,85;0,0
12/2022;HRJP;2022,0;12,0;I;0 a 4;4,0;0,0;0,0;0,0
12/2022;HRJP;2022,0;12,0;II;5 a 9;8,0;2,0;0,16;0,0
12/2022;HRJP;2022,0;12,0;III;10 a 14;15,0;6,0;0,9;0,0
12/2022;HRJP;2022,0;12,0;IV;15 a 19;25,0;13,0;3,25;2,0
12/2022;HRJP;2022,0;12,0;V;20 a 24;40,0;4,0;1,6;2,0
12/2022;HRJP;2022,0;12,0;VI;25 a 29;55,0;1,0;0,55;1,0
12/2022;HRJP;2022,0;12,0;VII;30 a 34;75,0;2,0;1,5;0,0
12/2022;HRJP;2022,0;12,0;VIII;> 34;85,0;0,0;0,0;0,0
12/2022;MOV;2022,0;12,0;I;0 a 4;4,0;1,0;0,04;0,0
12/2022;MOV;2022,0;12,0;II;5 a 9;8,0;10,0;0,8;0,0
12/2022;MOV;2022,0;12,0;III;10 a 14;15,0;12,0;1,8;0,0
12/2022;MOV;2022,0;12,0;IV;15 a 19;25,0;3,0;0,75;0,0
12/2022;MOV;2022,0;12,0;V;20 a 24;40,0;5,0;2,0;0,0
12/2022;MOV;2022,0;12,0;VI;25 a 29;55,0;3,0;1,65;0,0
12/2022;MOV;2022,0;12,0;VII;30 a 34;75,0;1,0;0,75;0,0
12/2022;MOV;2022,0;12,0;VIII;> 34;85,0;0,0;0,0;0,0
01/2023;HAC;2023,0;1,0;I;0 a 4;4,0;1,0;0,04;0,0
01/2023;HAC;2023,0;1,0;II;5 a 9;8,0;2,0;0,16;0,0
01/2023;HAC;2023,0;1,0;III;10 a 14;15,0;12,0;1,8;2,0
01/2023;HAC;2023,0;1,0;IV;15 a 19;25,0;12,0;3,0;2,0
01/2023;HAC;2023,0;1,0;V;20 a 24;40,0;7,0;2,8;2,0
01/2023;HAC;2023,0;1,0;VI;25 a 29;55,0;2,0;1,1;1,0
01/2023;HAC;2023,0;1,0;VII;30 a 34;75,0;0,0;0,0;0,0
01/2023;HAC;2023,0;1,0;VIII;> 34;85,0;1,0;0,85;1,0
01/2023;HEM;2023,0;1,0;I;0 a 4;4,0;0,0;0,0;0,0
01/2023;HEM;2023,0;1,0;II;5 a 9;8,0;0,0;0,0;0,0
01/2023;HEM;2023,0;1,0;III;10 a 14;15,0;8,0;1,2;0,0
01/2023;HEM;2023,0;1,0;IV;15 a 19;25,0;11,0;2,75;2,0
01/2023;HEM;2023,0;1,0;V;20 a 24;40,0;5,0;2,0;0,0
01/2023;HEM;2023,0;1,0;VI;25 a 29;55,0;7,0;3,85;4,0
01/2023;HEM;2023,0;1,0;VII;30 a 34;75,0;2,0;1,5;2,0
01/2023;HEM;2023,0;1,0;VIII;> 34;85,0;1,0;0,85;1,0
01/2023;HJK;2023,0;1,0;I;0 a 4;4,0;112,0;4,5;8,0
01/2023;HJK;2023,0;1,0;II;5 a 9;8,0;222,0;17,78;23,0
01/2023;HJK;2023,0;1,0;III;10 a 14;15,0;270,0;40,650000000000006;15,0
01/2023;HJK;2023,0;1,0;IV;15 a 19;25,0;264,0;66,1;34,0
01/2023;HJK;2023,0;1,0;V;20 a 24;40,0;168,0;67,2;34,0
01/2023;HJK;2023,0;1,0;VI;25 a 29;55,0;74,0;40,8;26,0
01/2023;HJK;2023,0;1,0;VII;30 a 34;75,0;42,0;31,6;20,0
01/2023;HJK;2023,0;1,0;VIII;> 34;85,0;19,0;16,25;15,0
01/2023;HJXXIII;2023,0;1,0;I;0 a 4;4,0;13,0;0,52;0,0
01/2023;HJXXIII;2023,0;1,0;II;5 a 9;8,0;31,0;2,48;1,0
01/2023;HJXXIII;2023,0;1,0;III;10 a 14;15,0;50,0;7,5;2,0
01/2023;HJXXIII;2023,0;1,0;IV;15 a 19;25,0;32,0;8,0;3,0
01/2023;HJXXIII;2023,0;1,0;V;20 a 24;40,0;13,0;5,2;4,0
01/2023;HJXXIII;2023,0;1,0;VI;25 a 29;55,0;9,0;4,95;4,0
01/2023;HJXXIII;2023,0;1,0;VII;30 a 34;75,0;3,0;2,25;3,0
01/2023;HJXXIII;2023,0;1,0;VIII;> 34;85,0;1,0;0,85;1,0
01/2023;HRAD;2023,0;1,0;I;0 a 4;4,0;0,0;0,0;0,0
01/2023;HRAD;2023,0;1,0;II;5 a 9;8,0;0,0;0,0;0,0
01/2023;HRAD;2023,0;1,0;III;10 a 14;15,0;5,0;0,75;0,0
01/2023;HRAD;2023,0;1,0;IV;15 a 19;25,0;5,0;1,25;1,0
01/2023;HRAD;2023,0;1,0;V;20 a 24;40,0;5,0;2,0;0,0
01/2023;HRAD;2023,0;1,0;VI;25 a 29;55,0;3,0;1,65;3,0
01/2023;HRAD;2023,0;1,0;VII;30 a 34;75,0;0,0;0,0;0,0
01/2023;HRAD;2023,0;1,0;VIII;> 34;85,0;1,0;0,85;1,0
01/2023;HRBJA;2023,0;1,0;I;0 a 4;4,0;0,0;0,0;0,0
01/2023;HRBJA;2023,0;1,0;II;5 a 9;8,0;1,0;0,08;0,0
01/2023;HRBJA;2023,0;1,0;III;10 a 14;15,0;4,0;0,6;1,0
01/2023;HRBJA;2023,0;1,0;IV;15 a 19;25,0;6,0;1,5;2,0
01/2023;HRBJA;2023,0;1,0;V;20 a 24;40,0;8,0;3,2;4,0
01/2023;HRBJA;2023,0;1,0;VI;25 a 29;55,0;0,0;0,0;0,0
01/2023;HRBJA;2023,0;1,0;VII;30 a 34;75,0;0,0;0,0;0,0
01/2023;HRBJA;2023,0;1,0;VIII;> 34;85,0;0,0;0,0;0,0
01/2023;HRJP;2023,0;1,0;I;0 a 4;4,0;1,0;0,04;0,0
01/2023;HRJP;2023,0;1,0;II;5 a 9;8,0;7,0;0,56;1,0
01/2023;HRJP;2023,0;1,0;III;10 a 14;15,0;6,0;0,9;0,0
01/2023;HRJP;2023,0;1,0;IV;15 a 19;25,0;2,0;0,5;1,0
01/2023;HRJP;2023,0;1,0;V;20 a 24;40,0;3,0;1,2;1,0
01/2023;HRJP;2023,0;1,0;VI;25 a 29;55,0;4,0;2,2;2,0
01/2023;HRJP;2023,0;1,0;VII;30 a 34;75,0;0,0;0,0;0,0
01/2023;HRJP;2023,0;1,0;VIII;> 34;85,0;0,0;0,0;0,0
01/2023;MOV;2023,0;1,0;I;0 a 4;4,0;1,0;0,04;0,0
01/2023;MOV;2023,0;1,0;II;5 a 9;8,0;3,0;0,24;0,0
01/2023;MOV;2023,0;1,0;III;10 a 14;15,0;7,0;1,05;0,0
01/2023;MOV;2023,0;1,0;IV;15 a 19;25,0;10,0;2,5;0,0
01/2023;MOV;2023,0;1,0;V;20 a 24;40,0;5,0;2,0;0,0
01/2023;MOV;2023,0;1,0;VI;25 a 29;55,0;1,0;0,55;0,0
01/2023;MOV;2023,0;1,0;VII;30 a 34;75,0;0,0;0,0;0,0
01/2023;MOV;2023,0;1,0;VIII;> 34;85,0;0,0;0,0;0,0
02/2023;HAC;2023,0;2,0;I;0 a 4;4,0;2,0;0,08;8,0
02/2023;HAC;2023,0;2,0;II;5 a 9;8,0;6,0;0,48;0,0
02/2023;HAC;2023,0;2,0;III;10 a 14;15,0;16,0;2,4;1,0
02/2023;HAC;2023,0;2,0;IV;15 a 19;25,0;4,0;1,0;0,0
02/2023;HAC;2023,0;2,0;V;20 a 24;40,0;5,0;2,0;1,0
02/2023;HAC;2023,0;2,0;VI;25 a 29;55,0;1,0;0,55;0,0
02/2023;HAC;2023,0;2,0;VII;30 a 34;75,0;1,0;0,75;0,0
02/2023;HAC;2023,0;2,0;VIII;> 34;85,0;0,0;0,0;0,0
02/2023;HEM;2023,0;2,0;I;0 a 4;4,0;0,0;0,0;0,0
02/2023;HEM;2023,0;2,0;II;5 a 9;8,0;0,0;0,0;0,0
02/2023;HEM;2023,0;2,0;III;10 a 14;15,0;4,0;0,6;1,0
02/2023;HEM;2023,0;2,0;IV;15 a 19;25,0;7,0;1,75;3,0
02/2023;HEM;2023,0;2,0;V;20 a 24;40,0;4,0;1,6;2,0
02/2023;HEM;2023,0;2,0;VI;25 a 29;55,0;4,0;2,2;0,0
02/2023;HEM;2023,0;2,0;VII;30 a 34;75,0;2,0;1,5;1,0
02/2023;HEM;2023,0;2,0;VIII;> 34;85,0;0,0;0,0;0,0
02/2023;HJK;2023,0;2,0;I;0 a 4;4,0;112,0;4,5;8,0
02/2023;HJK;2023,0;2,0;II;5 a 9;8,0;221,0;17,7;23,0
02/2023;HJK;2023,0;2,0;III;10 a 14;15,0;270,0;40,650000000000006;16,0
02/2023;HJK;2023,0;2,0;IV;15 a 19;25,0;265,0;66,35;33,0
02/2023;HJK;2023,0;2,0;V;20 a 24;40,0;170,0;68,0;34,0
02/2023;HJK;2023,0;2,0;VI;25 a 29;55,0;78,0;43,0;28,0
02/2023;HJK;2023,0;2,0;VII;30 a 34;75,0;41,0;30,85;18,0
02/2023;HJK;2023,0;2,0;VIII;> 34;85,0;24,0;20,5;19,0
02/2023;HJXXIII;2023,0;2,0;I;0 a 4;4,0;16,0;0,64;0,0
02/2023;HJXXIII;2023,0;2,0;II;5 a 9;8,0;28,0;2,24;2,0
02/2023;HJXXIII;2023,0;2,0;III;10 a 14;15,0;30,0;4,5;2,0
02/2023;HJXXIII;2023,0;2,0;IV;15 a 19;25,0;26,0;6,5;7,0
02/2023;HJXXIII;2023,0;2,0;V;20 a 24;40,0;14,0;5,6;6,0
02/2023;HJXXIII;2023,0;2,0;VI;25 a 29;55,0;9,0;4,95;8,0
02/2023;HJXXIII;2023,0;2,0;VII;30 a 34;75,0;2,0;1,5;2,0
02/2023;HJXXIII;2023,0;2,0;VIII;> 34;85,0;0,0;0,0;0,0
02/2023;HRAD;2023,0;2,0;I;0 a 4;4,0;1,0;0,04;0,0
02/2023;HRAD;2023,0;2,0;II;5 a 9;8,0;0,0;0,0;0,0
02/2023;HRAD;2023,0;2,0;III;10 a 14;15,0;2,0;0,3;0,0
02/2023;HRAD;2023,0;2,0;IV;15 a 19;25,0;4,0;1,0;2,0
02/2023;HRAD;2023,0;2,0;V;20 a 24;40,0;5,0;2,0;0,0
02/2023;HRAD;2023,0;2,0;VI;25 a 29;55,0;2,0;1,1;1,0
02/2023;HRAD;2023,0;2,0;VII;30 a 34;75,0;1,0;0,75;1,0
02/2023;HRAD;2023,0;2,0;VIII;> 34;85,0;0,0;0,0;0,0
02/2023;HRBJA;2023,0;2,0;I;0 a 4;4,0;0,0;0,0;0,0
02/2023;HRBJA;2023,0;2,0;II;5 a 9;8,0;0,0;0,0;0,0
02/2023;HRBJA;2023,0;2,0;III;10 a 14;15,0;1,0;0,15;0,0
02/2023;HRBJA;2023,0;2,0;IV;15 a 19;25,0;7,0;1,75;2,0
02/2023;HRBJA;2023,0;2,0;V;20 a 24;40,0;5,0;2,0;2,0
02/2023;HRBJA;2023,0;2,0;VI;25 a 29;55,0;4,0;2,2;2,0
02/2023;HRBJA;2023,0;2,0;VII;30 a 34;75,0;0,0;0,0;0,0
02/2023;HRBJA;2023,0;2,0;VIII;> 34;85,0;2,0;1,7;2,0
02/2023;HRJP;2023,0;2,0;I;0 a 4;4,0;0,0;0,0;0,0
02/2023;HRJP;2023,0;2,0;II;5 a 9;8,0;6,0;0,48;0,0
02/2023;HRJP;2023,0;2,0;III;10 a 14;15,0;19,0;2,85;6,0
02/2023;HRJP;2023,0;2,0;IV;15 a 19;25,0;6,0;1,5;0,0
02/2023;HRJP;2023,0;2,0;V;20 a 24;40,0;6,0;2,4;3,0
02/2023;HRJP;2023,0;2,0;VI;25 a 29;55,0;2,0;1,1;1,0
02/2023;HRJP;2023,0;2,0;VII;30 a 34;75,0;1,0;0,75;0,0
02/2023;HRJP;2023,0;2,0;VIII;> 34;85,0;1,0;0,85;1,0
02/2023;MOV;2023,0;2,0;I;0 a 4;4,0;1,0;0,04;0,0
02/2023;MOV;2023,0;2,0;II;5 a 9;8,0;7,0;0,56;0,0
02/2023;MOV;2023,0;2,0;III;10 a 14;15,0;11,0;1,65;0,0
02/2023;MOV;2023,0;2,0;IV;15 a 19;25,0;7,0;1,75;0,0
02/2023;MOV;2023,0;2,0;V;20 a 24;40,0;1,0;0,4;0,0
02/2023;MOV;2023,0;2,0;VI;25 a 29;55,0;1,0;0,55;0,0
02/2023;MOV;2023,0;2,0;VII;30 a 34;75,0;1,0;0,75;0,0
02/2023;MOV;2023,0;2,0;VIII;> 34;85,0;0,0;0,0;0,0
03/2023;HAC;2023,0;3,0;I;0 a 4;4,0;0,0;0,0;8,0
03/2023;HAC;2023,0;3,0;II;5 a 9;8,0;7,0;0,56;0,0
03/2023;HAC;2023,0;3,0;III;10 a 14;15,0;16,0;2,4;0,0
03/2023;HAC;2023,0;3,0;IV;15 a 19;25,0;11,0;2,75;3,0
03/2023;HAC;2023,0;3,0;V;20 a 24;40,0;12,0;4,8;3,0
03/2023;HAC;2023,0;3,0;VI;25 a 29;55,0;1,0;0,55;0,0
03/2023;HAC;2023,0;3,0;VII;30 a 34;75,0;4,0;3,0;3,0
03/2023;HAC;2023,0;3,0;VIII;> 34;85,0;2,0;1,7;1,0
03/2023;HEM;2023,0;3,0;I;0 a 4;4,0;4,0;0,16;0,0
03/2023;HEM;2023,0;3,0;II;5 a 9;8,0;10,0;0,8;0,0
03/2023;HEM;2023,0;3,0;III;10 a 14;15,0;10,0;1,5;1,0
03/2023;HEM;2023,0;3,0;IV;15 a 19;25,0;9,0;2,25;3,0
03/2023;HEM;2023,0;3,0;V;20 a 24;40,0;5,0;2,0;3,0
03/2023;HEM;2023,0;3,0;VI;25 a 29;55,0;3,0;1,65;1,0
03/2023;HEM;2023,0;3,0;VII;30 a 34;75,0;3,0;2,25;2,0
03/2023;HEM;2023,0;3,0;VIII;> 34;85,0;2,0;1,7;2,0
03/2023;HJK;2023,0;3,0;I;0 a 4;4,0;112,0;4,5;8,0
03/2023;HJK;2023,0;3,0;II;5 a 9;8,0;224,0;17,939999999999998;23,0
03/2023;HJK;2023,0;3,0;III;10 a 14;15,0;274,0;41,25;17,0
03/2023;HJK;2023,0;3,0;IV;15 a 19;25,0;269,0;67,35;34,0
03/2023;HJK;2023,0;3,0;V;20 a 24;40,0;165,0;66,0;34,0
03/2023;HJK;2023,0;3,0;VI;25 a 29;55,0;78,0;43,0;27,0
03/2023;HJK;2023,0;3,0;VII;30 a 34;75,0;43,0;32,35;20,0
03/2023;HJK;2023,0;3,0;VIII;> 34;85,0;21,0;17,95;15,0
03/2023;HJXXIII;2023,0;3,0;I;0 a 4;4,0;12,0;0,48;0,0
03/2023;HJXXIII;2023,0;3,0;II;5 a 9;8,0;24,0;1,92;0,0
03/2023;HJXXIII;2023,0;3,0;III;10 a 14;15,0;41,0;6,15;2,0
03/2023;HJXXIII;2023,0;3,0;IV;15 a 19;25,0;43,0;10,75;5,0
03/2023;HJXXIII;2023,0;3,0;V;20 a 24;40,0;26,0;10,4;4,0
03/2023;HJXXIII;2023,0;3,0;VI;25 a 29;55,0;13,0;7,15;6,0
03/2023;HJXXIII;2023,0;3,0;VII;30 a 34;75,0;2,0;1,5;0,0
03/2023;HJXXIII;2023,0;3,0;VIII;> 34;85,0;1,0;0,85;0,0
03/2023;HRAD;2023,0;3,0;I;0 a 4;4,0;0,0;0,0;0,0
03/2023;HRAD;2023,0;3,0;II;5 a 9;8,0;0,0;0,0;0,0
03/2023;HRAD;2023,0;3,0;III;10 a 14;15,0;0,0;0,0;0,0
03/2023;HRAD;2023,0;3,0;IV;15 a 19;25,0;9,0;2,25;0,0
03/2023;HRAD;2023,0;3,0;V;20 a 24;40,0;9,0;3,6;1,0
03/2023;HRAD;2023,0;3,0;VI;25 a 29;55,0;4,0;2,2;2,0
03/2023;HRAD;2023,0;3,0;VII;30 a 34;75,0;1,0;0,75;1,0
03/2023;HRAD;2023,0;3,0;VIII;> 34;85,0;0,0;0,0;0,0
03/2023;HRBJA;2023,0;3,0;I;0 a 4;4,0;0,0;0,0;0,0
03/2023;HRBJA;2023,0;3,0;II;5 a 9;8,0;0,0;0,0;0,0
03/2023;HRBJA;2023,0;3,0;III;10 a 14;15,0;5,0;0,75;2,0
03/2023;HRBJA;2023,0;3,0;IV;15 a 19;25,0;1,0;0,25;1,0
03/2023;HRBJA;2023,0;3,0;V;20 a 24;40,0;9,0;3,6;6,0
03/2023;HRBJA;2023,0;3,0;VI;25 a 29;55,0;2,0;1,1;2,0
03/2023;HRBJA;2023,0;3,0;VII;30 a 34;75,0;0,0;0,0;0,0
03/2023;HRBJA;2023,0;3,0;VIII;> 34;85,0;0,0;0,0;0,0
03/2023;HRJP;2023,0;3,0;I;0 a 4;4,0;5,0;0,2;1,0
03/2023;HRJP;2023,0;3,0;II;5 a 9;8,0;6,0;0,48;0,0
03/2023;HRJP;2023,0;3,0;III;10 a 14;15,0;17,0;2,55;1,0
03/2023;HRJP;2023,0;3,0;IV;15 a 19;25,0;13,0;3,25;0,0
03/2023;HRJP;2023,0;3,0;V;20 a 24;40,0;13,0;5,2;7,0
03/2023;HRJP;2023,0;3,0;VI;25 a 29;55,0;3,0;1,65;2,0
03/2023;HRJP;2023,0;3,0;VII;30 a 34;75,0;1,0;0,75;0,0
03/2023;HRJP;2023,0;3,0;VIII;> 34;85,0;2,0;1,7;2,0
03/2023;MOV;2023,0;3,0;I;0 a 4;4,0;4,0;0,16;0,0
03/2023;MOV;2023,0;3,0;II;5 a 9;8,0;7,0;0,56;0,0
03/2023;MOV;2023,0;3,0;III;10 a 14;15,0;7,0;1,05;0,0
03/2023;MOV;2023,0;3,0;IV;15 a 19;25,0;16,0;4,0;0,0
03/2023;MOV;2023,0;3,0;V;20 a 24;40,0;6,0;2,4;0,0
03/2023;MOV;2023,0;3,0;VI;25 a 29;55,0;1,0;0,55;0,0
03/2023;MOV;2023,0;3,0;VII;30 a 34;75,0;0,0;0,0;0,0
03/2023;MOV;2023,0;3,0;VIII;> 34;85,0;0,0;0,0;0,0
04/2023;HAC;2023,0;4,0;I;0 a 4;4,0;0,0;0,0;0,0
04/2023;HAC;2023,0;4,0;II;5 a 9;8,0;6,0;0,48;0,0
04/2023;HAC;2023,0;4,0;III;10 a 14;15,0;8,0;1,2;0,0
04/2023;HAC;2023,0;4,0;IV;15 a 19;25,0;12,0;3,0;1,0
04/2023;HAC;2023,0;4,0;V;20 a 24;40,0;7,0;2,8;1,0
04/2023;HAC;2023,0;4,0;VI;25 a 29;55,0;1,0;0,55;1,0
04/2023;HAC;2023,0;4,0;VII;30 a 34;75,0;1,0;0,75;1,0
04/2023;HAC;2023,0;4,0;VIII;> 34;85,0;1,0;0,85;1,0
04/2023;HEM;2023,0;4,0;I;0 a 4;4,0;1,0;0,04;0,0
04/2023;HEM;2023,0;4,0;II;5 a 9;8,0;3,0;0,24;0,0
04/2023;HEM;2023,0;4,0;III;10 a 14;15,0;8,0;1,2;0,0
04/2023;HEM;2023,0;4,0;IV;15 a 19;25,0;8,0;2,0;0,0
04/2023;HEM;2023,0;4,0;V;20 a 24;40,0;10,0;4,0;0,0
04/2023;HEM;2023,0;4,0;VI;25 a 29;55,0;3,0;1,65;0,0
04/2023;HEM;2023,0;4,0;VII;30 a 34;75,0;0,0;0,0;0,0
04/2023;HEM;2023,0;4,0;VIII;> 34;85,0;0,0;0,0;0,0
04/2023;HJK;2023,0;4,0;I;0 a 4;4,0;114,0;4,58;8,0
04/2023;HJK;2023,0;4,0;II;5 a 9;8,0;225,0;18,02;23,0
04/2023;HJK;2023,0;4,0;III;10 a 14;15,0;273,0;41,1;15,0
04/2023;HJK;2023,0;4,0;IV;15 a 19;25,0;281,0;70,35;34,0
04/2023;HJK;2023,0;4,0;V;20 a 24;40,0;174,0;69,6;34,0
04/2023;HJK;2023,0;4,0;VI;25 a 29;55,0;78,0;43,0;27,0
04/2023;HJK;2023,0;4,0;VII;30 a 34;75,0;39,0;29,35;19,0
04/2023;HJK;2023,0;4,0;VIII;> 34;85,0;19,0;16,25;15,0
04/2023;HJXXIII;2023,0;4,0;I;0 a 4;4,0;21,0;0,84;0,0
04/2023;HJXXIII;2023,0;4,0;II;5 a 9;8,0;36,0;2,88;1,0
04/2023;HJXXIII;2023,0;4,0;III;10 a 14;15,0;28,0;4,2;3,0
04/2023;HJXXIII;2023,0;4,0;IV;15 a 19;25,0;32,0;8,0;6,0
04/2023;HJXXIII;2023,0;4,0;V;20 a 24;40,0;15,0;6,0;5,0
04/2023;HJXXIII;2023,0;4,0;VI;25 a 29;55,0;11,0;6,05;4,0
04/2023;HJXXIII;2023,0;4,0;VII;30 a 34;75,0;1,0;0,75;1,0
04/2023;HJXXIII;2023,0;4,0;VIII;> 34;85,0;3,0;2,55;0,0
04/2023;HRAD;2023,0;4,0;I;0 a 4;4,0;0,0;0,0;0,0
04/2023;HRAD;2023,0;4,0;II;5 a 9;8,0;0,0;0,0;0,0
04/2023;HRAD;2023,0;4,0;III;10 a 14;15,0;10,0;1,5;0,0
04/2023;HRAD;2023,0;4,0;IV;15 a 19;25,0;3,0;0,75;2,0
04/2023;HRAD;2023,0;4,0;V;20 a 24;40,0;5,0;2,0;3,0
04/2023;HRAD;2023,0;4,0;VI;25 a 29;55,0;2,0;1,1;2,0
04/2023;HRAD;2023,0;4,0;VII;30 a 34;75,0;0,0;0,0;0,0
04/2023;HRAD;2023,0;4,0;VIII;> 34;85,0;0,0;0,0;0,0
04/2023;HRBJA;2023,0;4,0;I;0 a 4;4,0;0,0;0,0;0,0
04/2023;HRBJA;2023,0;4,0;II;5 a 9;8,0;4,0;0,32;0,0
04/2023;HRBJA;2023,0;4,0;III;10 a 14;15,0;1,0;0,15;0,0
04/2023;HRBJA;2023,0;4,0;IV;15 a 19;25,0;1,0;0,25;0,0
04/2023;HRBJA;2023,0;4,0;V;20 a 24;40,0;3,0;1,2;0,0
04/2023;HRBJA;2023,0;4,0;VI;25 a 29;55,0;0,0;0,0;0,0
04/2023;HRBJA;2023,0;4,0;VII;30 a 34;75,0;1,0;0,75;1,0
04/2023;HRBJA;2023,0;4,0;VIII;> 34;85,0;1,0;0,85;1,0
04/2023;HRJP;2023,0;4,0;I;0 a 4;4,0;7,0;0,28;4,0
04/2023;HRJP;2023,0;4,0;II;5 a 9;8,0;2,0;0,16;0,0
04/2023;HRJP;2023,0;4,0;III;10 a 14;15,0;7,0;1,05;0,0
04/2023;HRJP;2023,0;4,0;IV;15 a 19;25,0;14,0;3,5;2,0
04/2023;HRJP;2023,0;4,0;V;20 a 24;40,0;4,0;1,6;2,0
04/2023;HRJP;2023,0;4,0;VI;25 a 29;55,0;7,0;3,85;5,0
04/2023;HRJP;2023,0;4,0;VII;30 a 34;75,0;2,0;1,5;2,0
04/2023;HRJP;2023,0;4,0;VIII;> 34;85,0;2,0;1,7;2,0
04/2023;MOV;2023,0;4,0;I;0 a 4;4,0;0,0;0,0;0,0
04/2023;MOV;2023,0;4,0;II;5 a 9;8,0;1,0;0,08;0,0
04/2023;MOV;2023,0;4,0;III;10 a 14;15,0;6,0;0,9;0,0
04/2023;MOV;2023,0;4,0;IV;15 a 19;25,0;9,0;2,25;1,0
04/2023;MOV;2023,0;4,0;V;20 a 24;40,0;3,0;1,2;0,0
04/2023;MOV;2023,0;4,0;VI;25 a 29;55,0;3,0;1,65;1,0
04/2023;MOV;2023,0;4,0;VII;30 a 34;75,0;1,0;0,75;0,0
04/2023;MOV;2023,0;4,0;VIII;> 34;85,0;1,0;0,85;0,0
05/2023;HAC;2023,0;5,0;I;0 a 4;4,0;0,0;0,0;0,0
05/2023;HAC;2023,0;5,0;II;5 a 9;8,0;1,0;0,08;0,0
05/2023;HAC;2023,0;5,0;III;10 a 14;15,0;9,0;1,35;0,0
05/2023;HAC;2023,0;5,0;IV;15 a 19;25,0;8,0;2,0;1,0
05/2023;HAC;2023,0;5,0;V;20 a 24;40,0;12,0;4,8;0,0
05/2023;HAC;2023,0;5,0;VI;25 a 29;55,0;5,0;2,75;3,0
05/2023;HAC;2023,0;5,0;VII;30 a 34;75,0;1,0;0,75;0,0
05/2023;HAC;2023,0;5,0;VIII;> 34;85,0;4,0;3,4;4,0
05/2023;HEM;2023,0;5,0;I;0 a 4;4,0;1,0;0,04;0,0
05/2023;HEM;2023,0;5,0;II;5 a 9;8,0;2,0;0,16;1,0
05/2023;HEM;2023,0;5,0;III;10 a 14;15,0;5,0;0,75;1,0
05/2023;HEM;2023,0;5,0;IV;15 a 19;25,0;16,0;4,0;1,0
05/2023;HEM;2023,0;5,0;V;20 a 24;40,0;7,0;2,8;2,0
05/2023;HEM;2023,0;5,0;VI;25 a 29;55,0;1,0;0,55;0,0
05/2023;HEM;2023,0;5,0;VII;30 a 34;75,0;2,0;1,5;0,0
05/2023;HEM;2023,0;5,0;VIII;> 34;85,0;3,0;2,55;2,0
05/2023;HJK;2023,0;5,0;I;0 a 4;4,0;114,0;4,58;8,0
05/2023;HJK;2023,0;5,0;II;5 a 9;8,0;223,0;17,86;23,0
05/2023;HJK;2023,0;5,0;III;10 a 14;15,0;288,0;43,35;18,0
05/2023;HJK;2023,0;5,0;IV;15 a 19;25,0;277,0;69,35;35,0
05/2023;HJK;2023,0;5,0;V;20 a 24;40,0;173,0;69,2;33,0
05/2023;HJK;2023,0;5,0;VI;25 a 29;55,0;80,0;44,099999999999994;28,0
05/2023;HJK;2023,0;5,0;VII;30 a 34;75,0;41,0;30,85;19,0
05/2023;HJK;2023,0;5,0;VIII;> 34;85,0;23,0;19,65;18,0
05/2023;HJXXIII;2023,0;5,0;I;0 a 4;4,0;8,0;0,32;1,0
05/2023;HJXXIII;2023,0;5,0;II;5 a 9;8,0;27,0;2,16;3,0
05/2023;HJXXIII;2023,0;5,0;III;10 a 14;15,0;38,0;5,7;2,0
05/2023;HJXXIII;2023,0;5,0;IV;15 a 19;25,0;53,0;13,25;9,0
05/2023;HJXXIII;2023,0;5,0;V;20 a 24;40,0;18,0;7,2;4,0
05/2023;HJXXIII;2023,0;5,0;VI;25 a 29;55,0;10,0;5,5;5,0
05/2023;HJXXIII;2023,0;5,0;VII;30 a 34;75,0;2,0;1,5;1,0
05/2023;HJXXIII;2023,0;5,0;VIII;> 34;85,0;1,0;0,85;1,0
05/2023;HRAD;2023,0;5,0;I;0 a 4;4,0;0,0;0,0;0,0
05/2023;HRAD;2023,0;5,0;II;5 a 9;8,0;1,0;0,08;0,0
05/2023;HRAD;2023,0;5,0;III;10 a 14;15,0;5,0;0,75;0,0
05/2023;HRAD;2023,0;5,0;IV;15 a 19;25,0;8,0;2,0;2,0
05/2023;HRAD;2023,0;5,0;V;20 a 24;40,0;2,0;0,8;1,0
05/2023;HRAD;2023,0;5,0;VI;25 a 29;55,0;3,0;1,65;2,0
05/2023;HRAD;2023,0;5,0;VII;30 a 34;75,0;0,0;0,0;0,0
05/2023;HRAD;2023,0;5,0;VIII;> 34;85,0;0,0;0,0;0,0
05/2023;HRBJA;2023,0;5,0;I;0 a 4;4,0;0,0;0,0;0,0
05/2023;HRBJA;2023,0;5,0;II;5 a 9;8,0;0,0;0,0;0,0
05/2023;HRBJA;2023,0;5,0;III;10 a 14;15,0;2,0;0,3;0,0
05/2023;HRBJA;2023,0;5,0;IV;15 a 19;25,0;3,0;0,75;0,0
05/2023;HRBJA;2023,0;5,0;V;20 a 24;40,0;5,0;2,0;1,0
05/2023;HRBJA;2023,0;5,0;VI;25 a 29;55,0;0,0;0,0;0,0
05/2023;HRBJA;2023,0;5,0;VII;30 a 34;75,0;2,0;1,5;1,0
05/2023;HRBJA;2023,0;5,0;VIII;> 34;85,0;1,0;0,85;1,0
05/2023;HRJP;2023,0;5,0;I;0 a 4;4,0;6,0;0,24;1,0
05/2023;HRJP;2023,0;5,0;II;5 a 9;8,0;9,0;0,72;0,0
05/2023;HRJP;2023,0;5,0;III;10 a 14;15,0;12,0;1,8;3,0
05/2023;HRJP;2023,0;5,0;IV;15 a 19;25,0;13,0;3,25;3,0
05/2023;HRJP;2023,0;5,0;V;20 a 24;40,0;7,0;2,8;1,0
05/2023;HRJP;2023,0;5,0;VI;25 a 29;55,0;8,0;4,4;4,0
05/2023;HRJP;2023,0;5,0;VII;30 a 34;75,0;3,0;2,25;2,0
05/2023;HRJP;2023,0;5,0;VIII;> 34;85,0;1,0;0,85;0,0
05/2023;MOV;2023,0;5,0;I;0 a 4;4,0;3,0;0,12;0,0
05/2023;MOV;2023,0;5,0;II;5 a 9;8,0;7,0;0,56;0,0
05/2023;MOV;2023,0;5,0;III;10 a 14;15,0;14,0;2,1;0,0
05/2023;MOV;2023,0;5,0;IV;15 a 19;25,0;4,0;1,0;0,0
05/2023;MOV;2023,0;5,0;V;20 a 24;40,0;3,0;1,2;0,0
05/2023;MOV;2023,0;5,0;VI;25 a 29;55,0;3,0;1,65;1,0
05/2023;MOV;2023,0;5,0;VII;30 a 34;75,0;0,0;0,0;0,0
05/2023;MOV;2023,0;5,0;VIII;> 34;85,0;0,0;0,0;0,0
06/2023;HAC;2023,0;6,0;I;0 a 4;4,0;0,0;0,0;0,0
06/2023;HAC;2023,0;6,0;II;5 a 9;8,0;1,0;0,08;0,0
06/2023;HAC;2023,0;6,0;III;10 a 14;15,0;4,0;0,6;0,0
06/2023;HAC;2023,0;6,0;IV;15 a 19;25,0;12,0;3,0;1,0
06/2023;HAC;2023,0;6,0;V;20 a 24;40,0;10,0;4,0;1,0
06/2023;HAC;2023,0;6,0;VI;25 a 29;55,0;5,0;2,75;3,0
06/2023;HAC;2023,0;6,0;VII;30 a 34;75,0;2,0;1,5;2,0
06/2023;HAC;2023,0;6,0;VIII;> 34;85,0;1,0;0,85;1,0
06/2023;HEM;2023,0;6,0;I;0 a 4;4,0;0,0;0,0;0,0
06/2023;HEM;2023,0;6,0;II;5 a 9;8,0;7,0;0,56;0,0
06/2023;HEM;2023,0;6,0;III;10 a 14;15,0;6,0;0,9;1,0
06/2023;HEM;2023,0;6,0;IV;15 a 19;25,0;12,0;3,0;2,0
06/2023;HEM;2023,0;6,0;V;20 a 24;40,0;2,0;0,8;0,0
06/2023;HEM;2023,0;6,0;VI;25 a 29;55,0;3,0;1,65;0,0
06/2023;HEM;2023,0;6,0;VII;30 a 34;75,0;1,0;0,75;0,0
06/2023;HEM;2023,0;6,0;VIII;> 34;85,0;0,0;0,0;0,0
06/2023;HJK;2023,0;6,0;I;0 a 4;4,0;116,0;4,66;8,0
06/2023;HJK;2023,0;6,0;II;5 a 9;8,0;231,0;18,5;24,0
06/2023;HJK;2023,0;6,0;III;10 a 14;15,0;281,0;42,3;17,0
06/2023;HJK;2023,0;6,0;IV;15 a 19;25,0;280,0;70,1;36,0
06/2023;HJK;2023,0;6,0;V;20 a 24;40,0;176,0;70,4;39,0
06/2023;HJK;2023,0;6,0;VI;25 a 29;55,0;89,0;49,05;25,0
06/2023;HJK;2023,0;6,0;VII;30 a 34;75,0;43,0;32,35;19,0
06/2023;HJK;2023,0;6,0;VIII;> 34;85,0;21,0;17,95;16,0
06/2023;HJXXIII;2023,0;6,0;I;0 a 4;4,0;10,0;0,4;0,0
06/2023;HJXXIII;2023,0;6,0;II;5 a 9;8,0;13,0;1,04;0,0
06/2023;HJXXIII;2023,0;6,0;III;10 a 14;15,0;42,0;6,3;5,0
06/2023;HJXXIII;2023,0;6,0;IV;15 a 19;25,0;27,0;6,75;3,0
06/2023;HJXXIII;2023,0;6,0;V;20 a 24;40,0;24,0;9,6;4,0
06/2023;HJXXIII;2023,0;6,0;VI;25 a 29;55,0;8,0;4,4;3,0
06/2023;HJXXIII;2023,0;6,0;VII;30 a 34;75,0;3,0;2,25;3,0
06/2023;HJXXIII;2023,0;6,0;VIII;> 34;85,0;1,0;0,85;1,0
06/2023;HRAD;2023,0;6,0;I;0 a 4;4,0;0,0;0,0;0,0
06/2023;HRAD;2023,0;6,0;II;5 a 9;8,0;0,0;0,0;0,0
06/2023;HRAD;2023,0;6,0;III;10 a 14;15,0;4,0;0,6;0,0
06/2023;HRAD;2023,0;6,0;IV;15 a 19;25,0;10,0;2,5;2,0
06/2023;HRAD;2023,0;6,0;V;20 a 24;40,0;3,0;1,2;1,0
06/2023;HRAD;2023,0;6,0;VI;25 a 29;55,0;1,0;0,55;1,0
06/2023;HRAD;2023,0;6,0;VII;30 a 34;75,0;1,0;0,75;1,0
06/2023;HRAD;2023,0;6,0;VIII;> 34;85,0;0,0;0,0;0,0
06/2023;HRBJA;2023,0;6,0;I;0 a 4;4,0;0,0;0,0;0,0
06/2023;HRBJA;2023,0;6,0;II;5 a 9;8,0;1,0;0,08;0,0
06/2023;HRBJA;2023,0;6,0;III;10 a 14;15,0;1,0;0,15;1,0
06/2023;HRBJA;2023,0;6,0;IV;15 a 19;25,0;5,0;1,25;0,0
06/2023;HRBJA;2023,0;6,0;V;20 a 24;40,0;2,0;0,8;1,0
06/2023;HRBJA;2023,0;6,0;VI;25 a 29;55,0;2,0;1,1;1,0
06/2023;HRBJA;2023,0;6,0;VII;30 a 34;75,0;3,0;2,25;3,0
06/2023;HRBJA;2023,0;6,0;VIII;> 34;85,0;1,0;0,85;1,0
06/2023;HRJP;2023,0;6,0;I;0 a 4;4,0;0,0;0,0;0,0
06/2023;HRJP;2023,0;6,0;II;5 a 9;8,0;0,0;0,0;0,0
06/2023;HRJP;2023,0;6,0;III;10 a 14;15,0;2,0;0,3;1,0
06/2023;HRJP;2023,0;6,0;IV;15 a 19;25,0;10,0;2,5;1,0
06/2023;HRJP;2023,0;6,0;V;20 a 24;40,0;8,0;3,2;3,0
06/2023;HRJP;2023,0;6,0;VI;25 a 29;55,0;7,0;3,85;2,0
06/2023;HRJP;2023,0;6,0;VII;30 a 34;75,0;6,0;4,5;1,0
06/2023;HRJP;2023,0;6,0;VIII;> 34;85,0;4,0;3,4;1,0
06/2023;MOV;2023,0;6,0;I;0 a 4;4,0;2,0;0,08;0,0
06/2023;MOV;2023,0;6,0;II;5 a 9;8,0;6,0;0,48;0,0
06/2023;MOV;2023,0;6,0;III;10 a 14;15,0;10,0;1,5;0,0
06/2023;MOV;2023,0;6,0;IV;15 a 19;25,0;6,0;1,5;0,0
06/2023;MOV;2023,0;6,0;V;20 a 24;40,0;6,0;2,4;0,0
06/2023;MOV;2023,0;6,0;VI;25 a 29;55,0;1,0;0,55;1,0
06/2023;MOV;2023,0;6,0;VII;30 a 34;75,0;0,0;0,0;0,0
06/2023;MOV;2023,0;6,0;VIII;> 34;85,0;0,0;0,0;0,0
07/2023;HAC;2023,0;7,0;I;0 a 4;4,0;2,0;0,08;0,0
07/2023;HAC;2023,0;7,0;II;5 a 9;8,0;5,0;0,4;0,0
07/2023;HAC;2023,0;7,0;III;10 a 14;15,0;23,0;3,45;3,0
07/2023;HAC;2023,0;7,0;IV;15 a 19;25,0;10,0;2,5;0,0
07/2023;HAC;2023,0;7,0;V;20 a 24;40,0;2,0;0,8;1,0
07/2023;HAC;2023,0;7,0;VI;25 a 29;55,0;1,0;0,55;1,0
07/2023;HAC;2023,0;7,0;VII;30 a 34;75,0;0,0;0,0;0,0
07/2023;HAC;2023,0;7,0;VIII;> 34;85,0;3,0;2,55;3,0
07/2023;HEM;2023,0;7,0;I;0 a 4;4,0;0,0;0,0;0,0
07/2023;HEM;2023,0;7,0;II;5 a 9;8,0;0,0;0,0;0,0
07/2023;HEM;2023,0;7,0;III;10 a 14;15,0;3,0;0,45;0,0
07/2023;HEM;2023,0;7,0;IV;15 a 19;25,0;10,0;2,5;1,0
07/2023;HEM;2023,0;7,0;V;20 a 24;40,0;7,0;2,8;1,0
07/2023;HEM;2023,0;7,0;VI;25 a 29;55,0;7,0;3,85;3,0
07/2023;HEM;2023,0;7,0;VII;30 a 34;75,0;2,0;1,5;0,0
07/2023;HEM;2023,0;7,0;VIII;> 34;85,0;2,0;1,7;1,0
07/2023;HJK;2023,0;7,0;I;0 a 4;4,0;112,0;4,5;8,0
07/2023;HJK;2023,0;7,0;II;5 a 9;8,0;224,0;17,939999999999998;23,0
07/2023;HJK;2023,0;7,0;III;10 a 14;15,0;288,0;43,35;16,0
07/2023;HJK;2023,0;7,0;IV;15 a 19;25,0;271,0;67,85;34,0
07/2023;HJK;2023,0;7,0;V;20 a 24;40,0;172,0;68,8;36,0
07/2023;HJK;2023,0;7,0;VI;25 a 29;55,0;83,0;45,75;27,0
07/2023;HJK;2023,0;7,0;VII;30 a 34;75,0;47,0;35,35;22,0
07/2023;HJK;2023,0;7,0;VIII;> 34;85,0;20,0;17,1;16,0
07/2023;HJXXIII;2023,0;7,0;I;0 a 4;4,0;8,0;0,32;0,0
07/2023;HJXXIII;2023,0;7,0;II;5 a 9;8,0;20,0;1,6;0,0
07/2023;HJXXIII;2023,0;7,0;III;10 a 14;15,0;31,0;4,65;7,0
07/2023;HJXXIII;2023,0;7,0;IV;15 a 19;25,0;27,0;6,75;2,0
07/2023;HJXXIII;2023,0;7,0;V;20 a 24;40,0;16,0;6,4;3,0
07/2023;HJXXIII;2023,0;7,0;VI;25 a 29;55,0;13,0;7,15;4,0
07/2023;HJXXIII;2023,0;7,0;VII;30 a 34;75,0;2,0;1,5;2,0
07/2023;HJXXIII;2023,0;7,0;VIII;> 34;85,0;1,0;0,85;1,0
07/2023;HRAD;2023,0;7,0;I;0 a 4;4,0;0,0;0,0;0,0
07/2023;HRAD;2023,0;7,0;II;5 a 9;8,0;0,0;0,0;0,0
07/2023;HRAD;2023,0;7,0;III;10 a 14;15,0;7,0;1,05;0,0
07/2023;HRAD;2023,0;7,0;IV;15 a 19;25,0;10,0;2,5;2,0
07/2023;HRAD;2023,0;7,0;V;20 a 24;40,0;3,0;1,2;0,0
07/2023;HRAD;2023,0;7,0;VI;25 a 29;55,0;1,0;0,55;0,0
07/2023;HRAD;2023,0;7,0;VII;30 a 34;75,0;1,0;0,75;1,0
07/2023;HRAD;2023,0;7,0;VIII;> 34;85,0;0,0;0,0;0,0
07/2023;HRBJA;2023,0;7,0;I;0 a 4;4,0;0,0;0,0;0,0
07/2023;HRBJA;2023,0;7,0;II;5 a 9;8,0;3,0;0,24;0,0
07/2023;HRBJA;2023,0;7,0;III;10 a 14;15,0;2,0;0,3;0,0
07/2023;HRBJA;2023,0;7,0;IV;15 a 19;25,0;9,0;2,25;2,0
07/2023;HRBJA;2023,0;7,0;V;20 a 24;40,0;4,0;1,6;1,0
07/2023;HRBJA;2023,0;7,0;VI;25 a 29;55,0;3,0;1,65;2,0
07/2023;HRBJA;2023,0;7,0;VII;30 a 34;75,0;0,0;0,0;0,0
07/2023;HRBJA;2023,0;7,0;VIII;> 34;85,0;0,0;0,0;0,0
07/2023;HRJP;2023,0;7,0;I;0 a 4;4,0;0,0;0,0;0,0
07/2023;HRJP;2023,0;7,0;II;5 a 9;8,0;5,0;0,4;1,0
07/2023;HRJP;2023,0;7,0;III;10 a 14;15,0;9,0;1,35;0,0
07/2023;HRJP;2023,0;7,0;IV;15 a 19;25,0;12,0;3,0;2,0
07/2023;HRJP;2023,0;7,0;V;20 a 24;40,0;12,0;4,8;2,0
07/2023;HRJP;2023,0;7,0;VI;25 a 29;55,0;2,0;1,1;1,0
07/2023;HRJP;2023,0;7,0;VII;30 a 34;75,0;7,0;5,25;6,0
07/2023;HRJP;2023,0;7,0;VIII;> 34;85,0;5,0;4,25;4,0
07/2023;MOV;2023,0;7,0;I;0 a 4;4,0;4,0;0,16;0,0
07/2023;MOV;2023,0;7,0;II;5 a 9;8,0;9,0;0,72;0,0
07/2023;MOV;2023,0;7,0;III;10 a 14;15,0;10,0;1,5;0,0
07/2023;MOV;2023,0;7,0;IV;15 a 19;25,0;5,0;1,25;0,0
07/2023;MOV;2023,0;7,0;V;20 a 24;40,0;3,0;1,2;0,0
07/2023;MOV;2023,0;7,0;VI;25 a 29;55,0;1,0;0,55;0,0
07/2023;MOV;2023,0;7,0;VII;30 a 34;75,0;0,0;0,0;0,0
07/2023;MOV;2023,0;7,0;VIII;> 34;85,0;4,0;3,4;0,0
08/2023;HAC;2023,0;8,0;I;0 a 4;4,0;1,0;0,04;0,0
08/2023;HAC;2023,0;8,0;II;5 a 9;8,0;7,0;0,56;1,0
08/2023;HAC;2023,0;8,0;III;10 a 14;15,0;10,0;1,5;1,0
08/2023;HAC;2023,0;8,0;IV;15 a 19;25,0;14,0;3,5;3,0
08/2023;HAC;2023,0;8,0;V;20 a 24;40,0;8,0;3,2;4,0
08/2023;HAC;2023,0;8,0;VI;25 a 29;55,0;4,0;2,2;2,0
08/2023;HAC;2023,0;8,0;VII;30 a 34;75,0;0,0;0,0;0,0
08/2023;HAC;2023,0;8,0;VIII;> 34;85,0;0,0;0,0;0,0
08/2023;HEM;2023,0;8,0;I;0 a 4;4,0;0,0;0,0;0,0
08/2023;HEM;2023,0;8,0;II;5 a 9;8,0;3,0;0,24;0,0
08/2023;HEM;2023,0;8,0;III;10 a 14;15,0;7,0;1,05;1,0
08/2023;HEM;2023,0;8,0;IV;15 a 19;25,0;2,0;0,5;0,0
08/2023;HEM;2023,0;8,0;V;20 a 24;40,0;11,0;4,4;3,0
08/2023;HEM;2023,0;8,0;VI;25 a 29;55,0;11,0;6,05;4,0
08/2023;HEM;2023,0;8,0;VII;30 a 34;75,0;3,0;2,25;2,0
08/2023;HEM;2023,0;8,0;VIII;> 34;85,0;3,0;2,55;1,0
08/2023;HJK;2023,0;8,0;I;0 a 4;4,0;114,0;4,58;8,0
08/2023;HJK;2023,0;8,0;II;5 a 9;8,0;231,0;18,5;23,0
08/2023;HJK;2023,0;8,0;III;10 a 14;15,0;286,0;43,05;16,0
08/2023;HJK;2023,0;8,0;IV;15 a 19;25,0;292,0;73,1;35,0
08/2023;HJK;2023,0;8,0;V;20 a 24;40,0;181,0;72,4;40,0
08/2023;HJK;2023,0;8,0;VI;25 a 29;55,0;84,0;46,3;26,0
08/2023;HJK;2023,0;8,0;VII;30 a 34;75,0;50,0;37,6;22,0
08/2023;HJK;2023,0;8,0;VIII;> 34;85,0;21,0;17,95;17,0
08/2023;HJXXIII;2023,0;8,0;I;0 a 4;4,0;4,0;0,16;0,0
08/2023;HJXXIII;2023,0;8,0;II;5 a 9;8,0;16,0;1,28;1,0
08/2023;HJXXIII;2023,0;8,0;III;10 a 14;15,0;16,0;2,4;1,0
08/2023;HJXXIII;2023,0;8,0;IV;15 a 19;25,0;32,0;8,0;2,0
08/2023;HJXXIII;2023,0;8,0;V;20 a 24;40,0;14,0;5,6;4,0
08/2023;HJXXIII;2023,0;8,0;VI;25 a 29;55,0;2,0;1,1;2,0
08/2023;HJXXIII;2023,0;8,0;VII;30 a 34;75,0;2,0;1,5;2,0
08/2023;HJXXIII;2023,0;8,0;VIII;> 34;85,0;0,0;0,0;0,0
08/2023;HRAD;2023,0;8,0;I;0 a 4;4,0;0,0;0,0;0,0
08/2023;HRAD;2023,0;8,0;II;5 a 9;8,0;2,0;0,16;0,0
08/2023;HRAD;2023,0;8,0;III;10 a 14;15,0;3,0;0,45;0,0
08/2023;HRAD;2023,0;8,0;IV;15 a 19;25,0;6,0;1,5;0,0
08/2023;HRAD;2023,0;8,0;V;20 a 24;40,0;7,0;2,8;1,0
08/2023;HRAD;2023,0;8,0;VI;25 a 29;55,0;2,0;1,1;1,0
08/2023;HRAD;2023,0;8,0;VII;30 a 34;75,0;2,0;1,5;2,0
08/2023;HRAD;2023,0;8,0;VIII;> 34;85,0;0,0;0,0;0,0
08/2023;HRBJA;2023,0;8,0;I;0 a 4;4,0;0,0;0,0;0,0
08/2023;HRBJA;2023,0;8,0;II;5 a 9;8,0;4,0;0,32;0,0
08/2023;HRBJA;2023,0;8,0;III;10 a 14;15,0;3,0;0,45;0,0
08/2023;HRBJA;2023,0;8,0;IV;15 a 19;25,0;4,0;1,0;3,0
08/2023;HRBJA;2023,0;8,0;V;20 a 24;40,0;3,0;1,2;2,0
08/2023;HRBJA;2023,0;8,0;VI;25 a 29;55,0;1,0;0,55;1,0
08/2023;HRBJA;2023,0;8,0;VII;30 a 34;75,0;3,0;2,25;2,0
08/2023;HRBJA;2023,0;8,0;VIII;> 34;85,0;1,0;0,85;0,0
08/2023;HRJP;2023,0;8,0;I;0 a 4;4,0;0,0;0,0;0,0
08/2023;HRJP;2023,0;8,0;II;5 a 9;8,0;4,0;0,32;0,0
08/2023;HRJP;2023,0;8,0;III;10 a 14;15,0;7,0;1,05;1,0
08/2023;HRJP;2023,0;8,0;IV;15 a 19;25,0;12,0;3,0;1,0
08/2023;HRJP;2023,0;8,0;V;20 a 24;40,0;9,0;3,6;2,0
08/2023;HRJP;2023,0;8,0;VI;25 a 29;55,0;4,0;2,2;1,0
08/2023;HRJP;2023,0;8,0;VII;30 a 34;75,0;3,0;2,25;3,0
08/2023;HRJP;2023,0;8,0;VIII;> 34;85,0;6,0;5,1;5,0
08/2023;MOV;2023,0;8,0;I;0 a 4;4,0;0,0;0,0;0,0
08/2023;MOV;2023,0;8,0;II;5 a 9;8,0;9,0;0,72;0,0
08/2023;MOV;2023,0;8,0;III;10 a 14;15,0;9,0;1,35;0,0
08/2023;MOV;2023,0;8,0;IV;15 a 19;25,0;7,0;1,75;0,0
08/2023;MOV;2023,0;8,0;V;20 a 24;40,0;4,0;1,6;0,0
08/2023;MOV;2023,0;8,0;VI;25 a 29;55,0;3,0;1,65;0,0
08/2023;MOV;2023,0;8,0;VII;30 a 34;75,0;0,0;0,0;0,0
08/2023;MOV;2023,0;8,0;VIII;> 34;85,0;0,0;0,0;0,0
09/2023;HAC;2023,0;9,0;I;0 a 4;4,0;0,0;0,0;0,0
09/2023;HAC;2023,0;9,0;II;5 a 9;8,0;2,0;0,16;0,0
09/2023;HAC;2023,0;9,0;III;10 a 14;15,0;14,0;2,1;0,0
09/2023;HAC;2023,0;9,0;IV;15 a 19;25,0;13,0;3,25;1,0
09/2023;HAC;2023,0;9,0;V;20 a 24;40,0;7,0;2,8;1,0
09/2023;HAC;2023,0;9,0;VI;25 a 29;55,0;4,0;2,2;1,0
09/2023;HAC;2023,0;9,0;VII;30 a 34;75,0;1,0;0,75;1,0
09/2023;HAC;2023,0;9,0;VIII;> 34;85,0;0,0;0,0;0,0
09/2023;HEM;2023,0;9,0;I;0 a 4;4,0;0,0;0,0;0,0
09/2023;HEM;2023,0;9,0;II;5 a 9;8,0;4,0;0,32;0,0
09/2023;HEM;2023,0;9,0;III;10 a 14;15,0;9,0;1,35;1,0
09/2023;HEM;2023,0;9,0;IV;15 a 19;25,0;3,0;0,75;0,0
09/2023;HEM;2023,0;9,0;V;20 a 24;40,0;6,0;2,4;1,0
09/2023;HEM;2023,0;9,0;VI;25 a 29;55,0;4,0;2,2;2,0
09/2023;HEM;2023,0;9,0;VII;30 a 34;75,0;2,0;1,5;1,0
09/2023;HEM;2023,0;9,0;VIII;> 34;85,0;3,0;2,55;2,0
09/2023;HJK;2023,0;9,0;I;0 a 4;4,0;116,0;4,66;8,0
09/2023;HJK;2023,0;9,0;II;5 a 9;8,0;231,0;18,5;23,0
09/2023;HJK;2023,0;9,0;III;10 a 14;15,0;287,0;43,2;16,0
09/2023;HJK;2023,0;9,0;IV;15 a 19;25,0;287,0;71,85;36,0
09/2023;HJK;2023,0;9,0;V;20 a 24;40,0;173,0;69,2;38,0
09/2023;HJK;2023,0;9,0;VI;25 a 29;55,0;86,0;47,4;30,0
09/2023;HJK;2023,0;9,0;VII;30 a 34;75,0;42,0;31,6;20,0
09/2023;HJK;2023,0;9,0;VIII;> 34;85,0;22,0;18,8;15,0
09/2023;HJXXIII;2023,0;9,0;I;0 a 4;4,0;19,0;0,76;0,0
09/2023;HJXXIII;2023,0;9,0;II;5 a 9;8,0;18,0;1,44;2,0
09/2023;HJXXIII;2023,0;9,0;III;10 a 14;15,0;29,0;4,35;1,0
09/2023;HJXXIII;2023,0;9,0;IV;15 a 19;25,0;46,0;11,5;12,0
09/2023;HJXXIII;2023,0;9,0;V;20 a 24;40,0;15,0;6,0;3,0
09/2023;HJXXIII;2023,0;9,0;VI;25 a 29;55,0;7,0;3,85;4,0
09/2023;HJXXIII;2023,0;9,0;VII;30 a 34;75,0;4,0;3,0;4,0
09/2023;HJXXIII;2023,0;9,0;VIII;> 34;85,0;7,0;5,95;7,0
09/2023;HRAD;2023,0;9,0;I;0 a 4;4,0;0,0;0,0;0,0
09/2023;HRAD;2023,0;9,0;II;5 a 9;8,0;0,0;0,0;0,0
09/2023;HRAD;2023,0;9,0;III;10 a 14;15,0;5,0;0,75;0,0
09/2023;HRAD;2023,0;9,0;IV;15 a 19;25,0;9,0;2,25;1,0
09/2023;HRAD;2023,0;9,0;V;20 a 24;40,0;6,0;2,4;1,0
09/2023;HRAD;2023,0;9,0;VI;25 a 29;55,0;1,0;0,55;1,0
09/2023;HRAD;2023,0;9,0;VII;30 a 34;75,0;0,0;0,0;0,0
09/2023;HRAD;2023,0;9,0;VIII;> 34;85,0;0,0;0,0;0,0
09/2023;HRBJA;2023,0;9,0;I;0 a 4;4,0;0,0;0,0;0,0
09/2023;HRBJA;2023,0;9,0;II;5 a 9;8,0;0,0;0,0;0,0
09/2023;HRBJA;2023,0;9,0;III;10 a 14;15,0;1,0;0,15;0,0
09/2023;HRBJA;2023,0;9,0;IV;15 a 19;25,0;5,0;1,25;2,0
09/2023;HRBJA;2023,0;9,0;V;20 a 24;40,0;2,0;0,8;0,0
09/2023;HRBJA;2023,0;9,0;VI;25 a 29;55,0;4,0;2,2;2,0
09/2023;HRBJA;2023,0;9,0;VII;30 a 34;75,0;3,0;2,25;2,0
09/2023;HRBJA;2023,0;9,0;VIII;> 34;85,0;0,0;0,0;0,0
09/2023;HRJP;2023,0;9,0;I;0 a 4;4,0;0,0;0,0;0,0
09/2023;HRJP;2023,0;9,0;II;5 a 9;8,0;5,0;0,4;0,0
09/2023;HRJP;2023,0;9,0;III;10 a 14;15,0;6,0;0,9;0,0
09/2023;HRJP;2023,0;9,0;IV;15 a 19;25,0;14,0;3,5;3,0
09/2023;HRJP;2023,0;9,0;V;20 a 24;40,0;6,0;2,4;3,0
09/2023;HRJP;2023,0;9,0;VI;25 a 29;55,0;3,0;1,65;2,0
09/2023;HRJP;2023,0;9,0;VII;30 a 34;75,0;3,0;2,25;2,0
09/2023;HRJP;2023,0;9,0;VIII;> 34;85,0;2,0;1,7;2,0
09/2023;MOV;2023,0;9,0;I;0 a 4;4,0;5,0;0,2;2,0
09/2023;MOV;2023,0;9,0;II;5 a 9;8,0;4,0;0,32;0,0
09/2023;MOV;2023,0;9,0;III;10 a 14;15,0;8,0;1,2;0,0
09/2023;MOV;2023,0;9,0;IV;15 a 19;25,0;11,0;2,75;0,0
09/2023;MOV;2023,0;9,0;V;20 a 24;40,0;3,0;1,2;0,0
09/2023;MOV;2023,0;9,0;VI;25 a 29;55,0;0,0;0,0;0,0
09/2023;MOV;2023,0;9,0;VII;30 a 34;75,0;0,0;0,0;0,0
09/2023;MOV;2023,0;9,0;VIII;> 34;85,0;1,0;0,85;0,0
10/2023;HAC;2023,0;10,0;I;0 a 4;4,0;4,0;0,16;0,0
10/2023;HAC;2023,0;10,0;II;5 a 9;8,0;12,0;0,96;1,0
10/2023;HAC;2023,0;10,0;III;10 a 14;15,0;8,0;1,2;0,0
10/2023;HAC;2023,0;10,0;IV;15 a 19;25,0;3,0;0,75;2,0
10/2023;HAC;2023,0;10,0;V;20 a 24;40,0;5,0;2,0;0,0
10/2023;HAC;2023,0;10,0;VI;25 a 29;55,0;1,0;0,55;1,0
10/2023;HAC;2023,0;10,0;VII;30 a 34;75,0;1,0;0,75;0,0
10/2023;HAC;2023,0;10,0;VIII;> 34;85,0;1,0;0,85;1,0
10/2023;HEM;2023,0;10,0;I;0 a 4;4,0;0,0;0,0;0,0
10/2023;HEM;2023,0;10,0;II;5 a 9;8,0;3,0;0,24;0,0
10/2023;HEM;2023,0;10,0;III;10 a 14;15,0;10,0;1,5;0,0
10/2023;HEM;2023,0;10,0;IV;15 a 19;25,0;8,0;2,0;1,0
10/2023;HEM;2023,0;10,0;V;20 a 24;40,0;6,0;2,4;0,0
10/2023;HEM;2023,0;10,0;VI;25 a 29;55,0;4,0;2,2;2,0
10/2023;HEM;2023,0;10,0;VII;30 a 34;75,0;3,0;2,25;2,0
10/2023;HEM;2023,0;10,0;VIII;> 34;85,0;3,0;2,55;1,0
10/2023;HJK;2023,0;10,0;I;0 a 4;4,0;117,0;4,699999999999999;8,0
10/2023;HJK;2023,0;10,0;II;5 a 9;8,0;231,0;18,5;24,0
10/2023;HJK;2023,0;10,0;III;10 a 14;15,0;312,0;46,95;16,0
10/2023;HJK;2023,0;10,0;IV;15 a 19;25,0;288,0;72,1;37,0
10/2023;HJK;2023,0;10,0;V;20 a 24;40,0;171,0;68,4;38,0
10/2023;HJK;2023,0;10,0;VI;25 a 29;55,0;86,0;47,4;27,0
10/2023;HJK;2023,0;10,0;VII;30 a 34;75,0;44,0;33,1;20,0
10/2023;HJK;2023,0;10,0;VIII;> 34;85,0;21,0;17,95;17,0
10/2023;HJXXIII;2023,0;10,0;I;0 a 4;4,0;11,0;0,44;1,0
10/2023;HJXXIII;2023,0;10,0;II;5 a 9;8,0;39,0;3,12;1,0
10/2023;HJXXIII;2023,0;10,0;III;10 a 14;15,0;32,0;4,8;4,0
10/2023;HJXXIII;2023,0;10,0;IV;15 a 19;25,0;28,0;7,0;6,0
10/2023;HJXXIII;2023,0;10,0;V;20 a 24;40,0;14,0;5,6;5,0
10/2023;HJXXIII;2023,0;10,0;VI;25 a 29;55,0;6,0;3,3;3,0
10/2023;HJXXIII;2023,0;10,0;VII;30 a 34;75,0;1,0;0,75;1,0
10/2023;HJXXIII;2023,0;10,0;VIII;> 34;85,0;0,0;0,0;0,0
10/2023;HRAD;2023,0;10,0;I;0 a 4;4,0;0,0;0,0;0,0
10/2023;HRAD;2023,0;10,0;II;5 a 9;8,0;1,0;0,08;0,0
10/2023;HRAD;2023,0;10,0;III;10 a 14;15,0;2,0;0,3;0,0
10/2023;HRAD;2023,0;10,0;IV;15 a 19;25,0;0,0;0,0;0,0
10/2023;HRAD;2023,0;10,0;V;20 a 24;40,0;11,0;4,4;3,0
10/2023;HRAD;2023,0;10,0;VI;25 a 29;55,0;4,0;2,2;1,0
10/2023;HRAD;2023,0;10,0;VII;30 a 34;75,0;0,0;0,0;0,0
10/2023;HRAD;2023,0;10,0;VIII;> 34;85,0;0,0;0,0;0,0
10/2023;HRBJA;2023,0;10,0;I;0 a 4;4,0;1,0;0,04;0,0
10/2023;HRBJA;2023,0;10,0;II;5 a 9;8,0;1,0;0,08;0,0
10/2023;HRBJA;2023,0;10,0;III;10 a 14;15,0;1,0;0,15;0,0
10/2023;HRBJA;2023,0;10,0;IV;15 a 19;25,0;5,0;1,25;2,0
10/2023;HRBJA;2023,0;10,0;V;20 a 24;40,0;1,0;0,4;0,0
10/2023;HRBJA;2023,0;10,0;VI;25 a 29;55,0;4,0;2,2;2,0
10/2023;HRBJA;2023,0;10,0;VII;30 a 34;75,0;3,0;2,25;2,0
10/2023;HRBJA;2023,0;10,0;VIII;> 34;85,0;0,0;0,0;0,0
10/2023;HRJP;2023,0;10,0;I;0 a 4;4,0;0,0;0,0;0,0
10/2023;HRJP;2023,0;10,0;II;5 a 9;8,0;2,0;0,16;0,0
10/2023;HRJP;2023,0;10,0;III;10 a 14;15,0;6,0;0,9;0,0
10/2023;HRJP;2023,0;10,0;IV;15 a 19;25,0;15,0;3,75;3,0
10/2023;HRJP;2023,0;10,0;V;20 a 24;40,0;12,0;4,8;1,0
10/2023;HRJP;2023,0;10,0;VI;25 a 29;55,0;5,0;2,75;3,0
10/2023;HRJP;2023,0;10,0;VII;30 a 34;75,0;3,0;2,25;2,0
10/2023;HRJP;2023,0;10,0;VIII;> 34;85,0;1,0;0,85;1,0
10/2023;MOV;2023,0;10,0;I;0 a 4;4,0;2,0;0,08;2,0
10/2023;MOV;2023,0;10,0;II;5 a 9;8,0;3,0;0,24;0,0
10/2023;MOV;2023,0;10,0;III;10 a 14;15,0;21,0;3,15;0,0
10/2023;MOV;2023,0;10,0;IV;15 a 19;25,0;8,0;2,0;0,0
10/2023;MOV;2023,0;10,0;V;20 a 24;40,0;4,0;1,6;0,0
10/2023;MOV;2023,0;10,0;VI;25 a 29;55,0;5,0;2,75;0,0
10/2023;MOV;2023,0;10,0;VII;30 a 34;75,0;1,0;0,75;0,0
10/2023;MOV;2023,0;10,0;VIII;> 34;85,0;1,0;0,85;0,0
11/2023;HAC;2023,0;11,0;I;0 a 4;4,0;2,0;0,08;0,0
11/2023;HAC;2023,0;11,0;II;5 a 9;8,0;9,0;0,72;0,0
11/2023;HAC;2023,0;11,0;III;10 a 14;15,0;13,0;1,95;1,0
11/2023;HAC;2023,0;11,0;IV;15 a 19;25,0;0,0;0,0;0,0
11/2023;HAC;2023,0;11,0;V;20 a 24;40,0;3,0;1,2;0,0
11/2023;HAC;2023,0;11,0;VI;25 a 29;55,0;3,0;1,65;3,0
11/2023;HAC;2023,0;11,0;VII;30 a 34;75,0;0,0;0,0;0,0
11/2023;HAC;2023,0;11,0;VIII;> 34;85,0;1,0;0,85;1,0
11/2023;HEM;2023,0;11,0;I;0 a 4;4,0;0,0;0,0;0,0
11/2023;HEM;2023,0;11,0;II;5 a 9;8,0;3,0;0,24;0,0
11/2023;HEM;2023,0;11,0;III;10 a 14;15,0;4,0;0,6;2,0
11/2023;HEM;2023,0;11,0;IV;15 a 19;25,0;9,0;2,25;1,0
11/2023;HEM;2023,0;11,0;V;20 a 24;40,0;6,0;2,4;2,0
11/2023;HEM;2023,0;11,0;VI;25 a 29;55,0;4,0;2,2;2,0
11/2023;HEM;2023,0;11,0;VII;30 a 34;75,0;3,0;2,25;0,0
11/2023;HEM;2023,0;11,0;VIII;> 34;85,0;1,0;0,85;1,0
11/2023;HJK;2023,0;11,0;I;0 a 4;4,0;114,0;4,58;8,0
11/2023;HJK;2023,0;11,0;II;5 a 9;8,0;227,0;18,18;24,0
11/2023;HJK;2023,0;11,0;III;10 a 14;15,0;292,0;43,95;16,0
11/2023;HJK;2023,0;11,0;IV;15 a 19;25,0;293,0;73,35;33,0
11/2023;HJK;2023,0;11,0;V;20 a 24;40,0;174,0;69,6;36,0
11/2023;HJK;2023,0;11,0;VI;25 a 29;55,0;92,0;50,7;31,0
11/2023;HJK;2023,0;11,0;VII;30 a 34;75,0;45,0;33,85;22,0
11/2023;HJK;2023,0;11,0;VIII;> 34;85,0;23,0;19,65;17,0
11/2023;HJXXIII;2023,0;11,0;I;0 a 4;4,0;15,0;0,6;0,0
11/2023;HJXXIII;2023,0;11,0;II;5 a 9;8,0;18,0;1,44;0,0
11/2023;HJXXIII;2023,0;11,0;III;10 a 14;15,0;49,0;7,35;6,0
11/2023;HJXXIII;2023,0;11,0;IV;15 a 19;25,0;33,0;8,25;6,0
11/2023;HJXXIII;2023,0;11,0;V;20 a 24;40,0;24,0;9,6;7,0
11/2023;HJXXIII;2023,0;11,0;VI;25 a 29;55,0;12,0;6,6;8,0
11/2023;HJXXIII;2023,0;11,0;VII;30 a 34;75,0;5,0;3,75;4,0
11/2023;HJXXIII;2023,0;11,0;VIII;> 34;85,0;3,0;2,55;2,0
11/2023;HRAD;2023,0;11,0;I;0 a 4;4,0;0,0;0,0;0,0
11/2023;HRAD;2023,0;11,0;II;5 a 9;8,0;1,0;0,08;0,0
11/2023;HRAD;2023,0;11,0;III;10 a 14;15,0;4,0;0,6;1,0
11/2023;HRAD;2023,0;11,0;IV;15 a 19;25,0;3,0;0,75;0,0
11/2023;HRAD;2023,0;11,0;V;20 a 24;40,0;3,0;1,2;2,0
11/2023;HRAD;2023,0;11,0;VI;25 a 29;55,0;5,0;2,75;3,0
11/2023;HRAD;2023,0;11,0;VII;30 a 34;75,0;1,0;0,75;1,0
11/2023;HRAD;2023,0;11,0;VIII;> 34;85,0;0,0;0,0;0,0
11/2023;HRBJA;2023,0;11,0;I;0 a 4;4,0;1,0;0,04;1,0
11/2023;HRBJA;2023,0;11,0;II;5 a 9;8,0;0,0;0,0;0,0
11/2023;HRBJA;2023,0;11,0;III;10 a 14;15,0;3,0;0,45;1,0
11/2023;HRBJA;2023,0;11,0;IV;15 a 19;25,0;4,0;1,0;3,0
11/2023;HRBJA;2023,0;11,0;V;20 a 24;40,0;7,0;2,8;2,0
11/2023;HRBJA;2023,0;11,0;VI;25 a 29;55,0;6,0;3,3;2,0
11/2023;HRBJA;2023,0;11,0;VII;30 a 34;75,0;3,0;2,25;2,0
11/2023;HRBJA;2023,0;11,0;VIII;> 34;85,0;1,0;0,85;1,0
11/2023;HRJP;2023,0;11,0;I;0 a 4;4,0;0,0;0,0;0,0
11/2023;HRJP;2023,0;11,0;II;5 a 9;8,0;2,0;0,16;0,0
11/2023;HRJP;2023,0;11,0;III;10 a 14;15,0;12,0;1,8;1,0
11/2023;HRJP;2023,0;11,0;IV;15 a 19;25,0;18,0;4,5;2,0
11/2023;HRJP;2023,0;11,0;V;20 a 24;40,0;9,0;3,6;2,0
11/2023;HRJP;2023,0;11,0;VI;25 a 29;55,0;6,0;3,3;1,0
11/2023;HRJP;2023,0;11,0;VII;30 a 34;75,0;2,0;1,5;2,0
11/2023;HRJP;2023,0;11,0;VIII;> 34;85,0;2,0;1,7;0,0
11/2023;MOV;2023,0;11,0;I;0 a 4;4,0;1,0;0,04;1,0
11/2023;MOV;2023,0;11,0;II;5 a 9;8,0;9,0;0,72;0,0
11/2023;MOV;2023,0;11,0;III;10 a 14;15,0;14,0;2,1;0,0
11/2023;MOV;2023,0;11,0;IV;15 a 19;25,0;9,0;2,25;0,0
11/2023;MOV;2023,0;11,0;V;20 a 24;40,0;10,0;4,0;0,0
11/2023;MOV;2023,0;11,0;VI;25 a 29;55,0;3,0;1,65;0,0
11/2023;MOV;2023,0;11,0;VII;30 a 34;75,0;0,0;0,0;0,0
11/2023;MOV;2023,0;11,0;VIII;> 34;85,0;0,0;0,0;0,0
12/2023;HAC;2023,0;12,0;I;0 a 4;4,0;3,0;0,12;0,0
12/2023;HAC;2023,0;12,0;II;5 a 9;8,0;12,0;0,96;1,0
12/2023;HAC;2023,0;12,0;III;10 a 14;15,0;16,0;2,4;0,0
12/2023;HAC;2023,0;12,0;IV;15 a 19;25,0;0,0;0,0;0,0
12/2023;HAC;2023,0;12,0;V;20 a 24;40,0;1,0;0,4;1,0
12/2023;HAC;2023,0;12,0;VI;25 a 29;55,0;1,0;0,55;0,0
12/2023;HAC;2023,0;12,0;VII;30 a 34;75,0;0,0;0,0;0,0
12/2023;HAC;2023,0;12,0;VIII;> 34;85,0;0,0;0,0;0,0
12/2023;HEM;2023,0;12,0;I;0 a 4;4,0;0,0;0,0;0,0
12/2023;HEM;2023,0;12,0;II;5 a 9;8,0;2,0;0,16;0,0
12/2023;HEM;2023,0;12,0;III;10 a 14;15,0;7,0;1,05;2,0
12/2023;HEM;2023,0;12,0;IV;15 a 19;25,0;6,0;1,5;3,0
12/2023;HEM;2023,0;12,0;V;20 a 24;40,0;5,0;2,0;1,0
12/2023;HEM;2023,0;12,0;VI;25 a 29;55,0;4,0;2,2;2,0
12/2023;HEM;2023,0;12,0;VII;30 a 34;75,0;3,0;2,25;3,0
12/2023;HEM;2023,0;12,0;VIII;> 34;85,0;3,0;2,55;3,0
12/2023;HJK;2023,0;12,0;I;0 a 4;4,0;113,0;4,54;8,0
12/2023;HJK;2023,0;12,0;II;5 a 9;8,0;229,0;18,34;24,0
12/2023;HJK;2023,0;12,0;III;10 a 14;15,0;312,0;46,95;17,0
12/2023;HJK;2023,0;12,0;IV;15 a 19;25,0;295,0;73,85;38,0
12/2023;HJK;2023,0;12,0;V;20 a 24;40,0;178,0;71,2;41,0
12/2023;HJK;2023,0;12,0;VI;25 a 29;55,0;82,0;45,2;27,0
12/2023;HJK;2023,0;12,0;VII;30 a 34;75,0;41,0;30,85;20,0
12/2023;HJK;2023,0;12,0;VIII;> 34;85,0;21,0;17,95;17,0
12/2023;HJXXIII;2023,0;12,0;I;0 a 4;4,0;16,0;0,64;0,0
12/2023;HJXXIII;2023,0;12,0;II;5 a 9;8,0;19,0;1,52;1,0
12/2023;HJXXIII;2023,0;12,0;III;10 a 14;15,0;42,0;6,3;5,0
12/2023;HJXXIII;2023,0;12,0;IV;15 a 19;25,0;31,0;7,75;4,0
12/2023;HJXXIII;2023,0;12,0;V;20 a 24;40,0;15,0;6,0;4,0
12/2023;HJXXIII;2023,0;12,0;VI;25 a 29;55,0;4,0;2,2;1,0
12/2023;HJXXIII;2023,0;12,0;VII;30 a 34;75,0;5,0;3,75;3,0
12/2023;HJXXIII;2023,0;12,0;VIII;> 34;85,0;4,0;3,4;4,0
12/2023;HRAD;2023,0;12,0;I;0 a 4;4,0;0,0;0,0;0,0
12/2023;HRAD;2023,0;12,0;II;5 a 9;8,0;0,0;0,0;0,0
12/2023;HRAD;2023,0;12,0;III;10 a 14;15,0;4,0;0,6;0,0
12/2023;HRAD;2023,0;12,0;IV;15 a 19;25,0;9,0;2,25;0,0
12/2023;HRAD;2023,0;12,0;V;20 a 24;40,0;4,0;1,6;1,0
12/2023;HRAD;2023,0;12,0;VI;25 a 29;55,0;4,0;2,2;3,0
12/2023;HRAD;2023,0;12,0;VII;30 a 34;75,0;1,0;0,75;0,0
12/2023;HRAD;2023,0;12,0;VIII;> 34;85,0;0,0;0,0;0,0
12/2023;HRBJA;2023,0;12,0;I;0 a 4;4,0;0,0;0,0;0,0
12/2023;HRBJA;2023,0;12,0;II;5 a 9;8,0;0,0;0,0;0,0
12/2023;HRBJA;2023,0;12,0;III;10 a 14;15,0;2,0;0,3;0,0
12/2023;HRBJA;2023,0;12,0;IV;15 a 19;25,0;5,0;1,25;1,0
12/2023;HRBJA;2023,0;12,0;V;20 a 24;40,0;4,0;1,6;2,0
12/2023;HRBJA;2023,0;12,0;VI;25 a 29;55,0;1,0;0,55;1,0
12/2023;HRBJA;2023,0;12,0;VII;30 a 34;75,0;3,0;2,25;2,0
12/2023;HRBJA;2023,0;12,0;VIII;> 34;85,0;0,0;0,0;0,0
12/2023;HRJP;2023,0;12,0;I;0 a 4;4,0;0,0;0,0;0,0
12/2023;HRJP;2023,0;12,0;II;5 a 9;8,0;3,0;0,24;0,0
12/2023;HRJP;2023,0;12,0;III;10 a 14;15,0;5,0;0,75;1,0
12/2023;HRJP;2023,0;12,0;IV;15 a 19;25,0;11,0;2,75;3,0
12/2023;HRJP;2023,0;12,0;V;20 a 24;40,0;19,0;7,6;3,0
12/2023;HRJP;2023,0;12,0;VI;25 a 29;55,0;5,0;2,75;3,0
12/2023;HRJP;2023,0;12,0;VII;30 a 34;75,0;4,0;3,0;0,0
12/2023;HRJP;2023,0;12,0;VIII;> 34;85,0;3,0;2,55;2,0
12/2023;MOV;2023,0;12,0;I;0 a 4;4,0;0,0;0,0;0,0
12/2023;MOV;2023,0;12,0;II;5 a 9;8,0;6,0;0,48;0,0
12/2023;MOV;2023,0;12,0;III;10 a 14;15,0;11,0;1,65;0,0
12/2023;MOV;2023,0;12,0;IV;15 a 19;25,0;5,0;1,25;0,0
12/2023;MOV;2023,0;12,0;V;20 a 24;40,0;5,0;2,0;0,0
12/2023;MOV;2023,0;12,0;VI;25 a 29;55,0;2,0;1,1;0,0
12/2023;MOV;2023,0;12,0;VII;30 a 34;75,0;1,0;0,75;1,0
12/2023;MOV;2023,0;12,0;VIII;> 34;85,0;0,0;0,0;0,0
01/2024;HAC;2024,0;1,0;I;0 a 4;4,0;0,0;0,0;0,0
01/2024;HAC;2024,0;1,0;II;5 a 9;8,0;11,0;0,88;0,0
01/2024;HAC;2024,0;1,0;III;10 a 14;15,0;12,0;1,8;2,0
01/2024;HAC;2024,0;1,0;IV;15 a 19;25,0;8,0;2,0;1,0
01/2024;HAC;2024,0;1,0;V;20 a 24;40,0;4,0;1,6;0,0
01/2024;HAC;2024,0;1,0;VI;25 a 29;55,0;1,0;0,55;1,0
01/2024;HAC;2024,0;1,0;VII;30 a 34;75,0;2,0;1,5;1,0
01/2024;HAC;2024,0;1,0;VIII;> 34;85,0;2,0;1,7;2,0
01/2024;HEM;2024,0;1,0;I;0 a 4;4,0;3,0;0,12;0,0
01/2024;HEM;2024,0;1,0;II;5 a 9;8,0;8,0;0,64;0,0
01/2024;HEM;2024,0;1,0;III;10 a 14;15,0;10,0;1,5;0,0
01/2024;HEM;2024,0;1,0;IV;15 a 19;25,0;7,0;1,75;1,0
01/2024;HEM;2024,0;1,0;V;20 a 24;40,0;7,0;2,8;1,0
01/2024;HEM;2024,0;1,0;VI;25 a 29;55,0;5,0;2,75;3,0
01/2024;HEM;2024,0;1,0;VII;30 a 34;75,0;5,0;3,75;3,0
01/2024;HEM;2024,0;1,0;VIII;> 34;85,0;3,0;2,55;3,0
01/2024;HJK;2024,0;1,0;I;0 a 4;4,0;113,0;4,54;8,0
01/2024;HJK;2024,0;1,0;II;5 a 9;8,0;228,0;18,259999999999998;24,0
01/2024;HJK;2024,0;1,0;III;10 a 14;15,0;299,0;45,0;16,0
01/2024;HJK;2024,0;1,0;IV;15 a 19;25,0;290,0;72,6;38,0
01/2024;HJK;2024,0;1,0;V;20 a 24;40,0;185,0;74,0;35,0
01/2024;HJK;2024,0;1,0;VI;25 a 29;55,0;77,0;42,45;25,0
01/2024;HJK;2024,0;1,0;VII;30 a 34;75,0;46,0;34,6;18,0
01/2024;HJK;2024,0;1,0;VIII;> 34;85,0;23,0;19,65;17,0
01/2024;HJXXIII;2024,0;1,0;I;0 a 4;4,0;16,0;0,64;2,0
01/2024;HJXXIII;2024,0;1,0;II;5 a 9;8,0;18,0;1,44;0,0
01/2024;HJXXIII;2024,0;1,0;III;10 a 14;15,0;36,0;5,4;0,0
01/2024;HJXXIII;2024,0;1,0;IV;15 a 19;25,0;43,0;10,75;10,0
01/2024;HJXXIII;2024,0;1,0;V;20 a 24;40,0;28,0;11,2;14,0
01/2024;HJXXIII;2024,0;1,0;VI;25 a 29;55,0;8,0;4,4;4,0
01/2024;HJXXIII;2024,0;1,0;VII;30 a 34;75,0;7,0;5,25;6,0
01/2024;HJXXIII;2024,0;1,0;VIII;> 34;85,0;0,0;0,0;0,0
01/2024;HRAD;2024,0;1,0;I;0 a 4;4,0;0,0;0,0;0,0
01/2024;HRAD;2024,0;1,0;II;5 a 9;8,0;2,0;0,16;0,0
01/2024;HRAD;2024,0;1,0;III;10 a 14;15,0;5,0;0,75;0,0
01/2024;HRAD;2024,0;1,0;IV;15 a 19;25,0;4,0;1,0;0,0
01/2024;HRAD;2024,0;1,0;V;20 a 24;40,0;6,0;2,4;4,0
01/2024;HRAD;2024,0;1,0;VI;25 a 29;55,0;1,0;0,55;1,0
01/2024;HRAD;2024,0;1,0;VII;30 a 34;75,0;0,0;0,0;0,0
01/2024;HRAD;2024,0;1,0;VIII;> 34;85,0;0,0;0,0;0,0
01/2024;HRBJA;2024,0;1,0;I;0 a 4;4,0;0,0;0,0;0,0
01/2024;HRBJA;2024,0;1,0;II;5 a 9;8,0;1,0;0,08;1,0
01/2024;HRBJA;2024,0;1,0;III;10 a 14;15,0;4,0;0,6;0,0
01/2024;HRBJA;2024,0;1,0;IV;15 a 19;25,0;8,0;2,0;2,0
01/2024;HRBJA;2024,0;1,0;V;20 a 24;40,0;5,0;2,0;5,0
01/2024;HRBJA;2024,0;1,0;VI;25 a 29;55,0;3,0;1,65;2,0
01/2024;HRBJA;2024,0;1,0;VII;30 a 34;75,0;1,0;0,75;1,0
01/2024;HRBJA;2024,0;1,0;VIII;> 34;85,0;1,0;0,85;0,0
01/2024;HRJP;2024,0;1,0;I;0 a 4;4,0;0,0;0,0;0,0
01/2024;HRJP;2024,0;1,0;II;5 a 9;8,0;5,0;0,4;0,0
01/2024;HRJP;2024,0;1,0;III;10 a 14;15,0;11,0;1,65;0,0
01/2024;HRJP;2024,0;1,0;IV;15 a 19;25,0;15,0;3,75;2,0
01/2024;HRJP;2024,0;1,0;V;20 a 24;40,0;13,0;5,2;3,0
01/2024;HRJP;2024,0;1,0;VI;25 a 29;55,0;5,0;2,75;1,0
01/2024;HRJP;2024,0;1,0;VII;30 a 34;75,0;5,0;3,75;3,0
01/2024;HRJP;2024,0;1,0;VIII;> 34;85,0;2,0;1,7;2,0
01/2024;MOV;2024,0;1,0;I;0 a 4;4,0;3,0;0,12;0,0
01/2024;MOV;2024,0;1,0;II;5 a 9;8,0;12,0;0,96;0,0
01/2024;MOV;2024,0;1,0;III;10 a 14;15,0;18,0;2,7;0,0
01/2024;MOV;2024,0;1,0;IV;15 a 19;25,0;6,0;1,5;0,0
01/2024;MOV;2024,0;1,0;V;20 a 24;40,0;2,0;0,8;0,0
01/2024;MOV;2024,0;1,0;VI;25 a 29;55,0;1,0;0,55;1,0
01/2024;MOV;2024,0;1,0;VII;30 a 34;75,0;0,0;0,0;0,0
01/2024;MOV;2024,0;1,0;VIII;> 34;85,0;1,0;0,85;0,0
02/2024;HAC;2024,0;2,0;I;0 a 4;4,0;0,0;0,0;0,0
02/2024;HAC;2024,0;2,0;II;5 a 9;8,0;5,0;0,4;0,0
02/2024;HAC;2024,0;2,0;III;10 a 14;15,0;20,0;3,0;3,0
02/2024;HAC;2024,0;2,0;IV;15 a 19;25,0;13,0;3,25;0,0
02/2024;HAC;2024,0;2,0;V;20 a 24;40,0;2,0;0,8;1,0
02/2024;HAC;2024,0;2,0;VI;25 a 29;55,0;0,0;0,0;0,0
02/2024;HAC;2024,0;2,0;VII;30 a 34;75,0;0,0;0,0;0,0
02/2024;HAC;2024,0;2,0;VIII;> 34;85,0;0,0;0,0;0,0
02/2024;HEM;2024,0;2,0;I;0 a 4;4,0;10,0;0,4;0,0
02/2024;HEM;2024,0;2,0;II;5 a 9;8,0;13,0;1,04;0,0
02/2024;HEM;2024,0;2,0;III;10 a 14;15,0;14,0;2,1;0,0
02/2024;HEM;2024,0;2,0;IV;15 a 19;25,0;5,0;1,25;0,0
02/2024;HEM;2024,0;2,0;V;20 a 24;40,0;2,0;0,8;1,0
02/2024;HEM;2024,0;2,0;VI;25 a 29;55,0;3,0;1,65;2,0
02/2024;HEM;2024,0;2,0;VII;30 a 34;75,0;0,0;0,0;0,0
02/2024;HEM;2024,0;2,0;VIII;> 34;85,0;0,0;0,0;0,0
02/2024;HJK;2024,0;2,0;I;0 a 4;4,0;112,0;4,5;8,0
02/2024;HJK;2024,0;2,0;II;5 a 9;8,0;228,0;18,259999999999998;23,0
02/2024;HJK;2024,0;2,0;III;10 a 14;15,0;303,0;45,6;16,0
02/2024;HJK;2024,0;2,0;IV;15 a 19;25,0;285,0;71,35;35,0
02/2024;HJK;2024,0;2,0;V;20 a 24;40,0;174,0;69,6;36,0
02/2024;HJK;2024,0;2,0;VI;25 a 29;55,0;82,0;45,2;28,0
02/2024;HJK;2024,0;2,0;VII;30 a 34;75,0;45,0;33,85;20,0
02/2024;HJK;2024,0;2,0;VIII;> 34;85,0;22,0;18,8;17,0
02/2024;HJXXIII;2024,0;2,0;I;0 a 4;4,0;9,0;0,36;1,0
02/2024;HJXXIII;2024,0;2,0;II;5 a 9;8,0;26,0;2,08;1,0
02/2024;HJXXIII;2024,0;2,0;III;10 a 14;15,0;32,0;4,8;0,0
02/2024;HJXXIII;2024,0;2,0;IV;15 a 19;25,0;32,0;8,0;6,0
02/2024;HJXXIII;2024,0;2,0;V;20 a 24;40,0;23,0;9,2;5,0
02/2024;HJXXIII;2024,0;2,0;VI;25 a 29;55,0;11,0;6,05;3,0
02/2024;HJXXIII;2024,0;2,0;VII;30 a 34;75,0;8,0;6,0;5,0
02/2024;HJXXIII;2024,0;2,0;VIII;> 34;85,0;0,0;0,0;0,0
02/2024;HRAD;2024,0;2,0;I;0 a 4;4,0;0,0;0,0;0,0
02/2024;HRAD;2024,0;2,0;II;5 a 9;8,0;2,0;0,16;0,0
02/2024;HRAD;2024,0;2,0;III;10 a 14;15,0;6,0;0,9;0,0
02/2024;HRAD;2024,0;2,0;IV;15 a 19;25,0;6,0;1,5;1,0
02/2024;HRAD;2024,0;2,0;V;20 a 24;40,0;4,0;1,6;1,0
02/2024;HRAD;2024,0;2,0;VI;25 a 29;55,0;1,0;0,55;0,0
02/2024;HRAD;2024,0;2,0;VII;30 a 34;75,0;0,0;0,0;0,0
02/2024;HRAD;2024,0;2,0;VIII;> 34;85,0;0,0;0,0;0,0
02/2024;HRBJA;2024,0;2,0;I;0 a 4;4,0;0,0;0,0;0,0
02/2024;HRBJA;2024,0;2,0;II;5 a 9;8,0;2,0;0,16;0,0
02/2024;HRBJA;2024,0;2,0;III;10 a 14;15,0;2,0;0,3;0,0
02/2024;HRBJA;2024,0;2,0;IV;15 a 19;25,0;9,0;2,25;2,0
02/2024;HRBJA;2024,0;2,0;V;20 a 24;40,0;3,0;1,2;1,0
02/2024;HRBJA;2024,0;2,0;VI;25 a 29;55,0;4,0;2,2;3,0
02/2024;HRBJA;2024,0;2,0;VII;30 a 34;75,0;1,0;0,75;0,0
02/2024;HRBJA;2024,0;2,0;VIII;> 34;85,0;0,0;0,0;0,0
02/2024;HRJP;2024,0;2,0;I;0 a 4;4,0;0,0;0,0;0,0
02/2024;HRJP;2024,0;2,0;II;5 a 9;8,0;4,0;0,32;0,0
02/2024;HRJP;2024,0;2,0;III;10 a 14;15,0;6,0;0,9;0,0
02/2024;HRJP;2024,0;2,0;IV;15 a 19;25,0;10,0;2,5;2,0
02/2024;HRJP;2024,0;2,0;V;20 a 24;40,0;14,0;5,6;4,0
02/2024;HRJP;2024,0;2,0;VI;25 a 29;55,0;3,0;1,65;3,0
02/2024;HRJP;2024,0;2,0;VII;30 a 34;75,0;5,0;3,75;4,0
02/2024;HRJP;2024,0;2,0;VIII;> 34;85,0;2,0;1,7;2,0
02/2024;MOV;2024,0;2,0;I;0 a 4;4,0;2,0;0,08;0,0
02/2024;MOV;2024,0;2,0;II;5 a 9;8,0;14,0;1,12;0,0
02/2024;MOV;2024,0;2,0;III;10 a 14;15,0;14,0;2,1;0,0
02/2024;MOV;2024,0;2,0;IV;15 a 19;25,0;12,0;3,0;0,0
02/2024;MOV;2024,0;2,0;V;20 a 24;40,0;1,0;0,4;0,0
02/2024;MOV;2024,0;2,0;VI;25 a 29;55,0;2,0;1,1;1,0
02/2024;MOV;2024,0;2,0;VII;30 a 34;75,0;0,0;0,0;0,0
02/2024;MOV;2024,0;2,0;VIII;> 34;85,0;0,0;0,0;0,0
03/2024;HAC;2024,0;3,0;I;0 a 4;4,0;0,0;0,0;0,0
03/2024;HAC;2024,0;3,0;II;5 a 9;8,0;7,0;0,56;0,0
03/2024;HAC;2024,0;3,0;III;10 a 14;15,0;10,0;1,5;1,0
03/2024;HAC;2024,0;3,0;IV;15 a 19;25,0;9,0;2,25;0,0
03/2024;HAC;2024,0;3,0;V;20 a 24;40,0;5,0;2,0;0,0
03/2024;HAC;2024,0;3,0;VI;25 a 29;55,0;1,0;0,55;0,0
03/2024;HAC;2024,0;3,0;VII;30 a 34;75,0;0,0;0,0;0,0
03/2024;HAC;2024,0;3,0;VIII;> 34;85,0;0,0;0,0;0,0
03/2024;HEM;2024,0;3,0;I;0 a 4;4,0;10,0;0,4;0,0
03/2024;HEM;2024,0;3,0;II;5 a 9;8,0;20,0;1,6;0,0
03/2024;HEM;2024,0;3,0;III;10 a 14;15,0;16,0;2,4;0,0
03/2024;HEM;2024,0;3,0;IV;15 a 19;25,0;2,0;0,5;0,0
03/2024;HEM;2024,0;3,0;V;20 a 24;40,0;6,0;2,4;3,0
03/2024;HEM;2024,0;3,0;VI;25 a 29;55,0;1,0;0,55;1,0
03/2024;HEM;2024,0;3,0;VII;30 a 34;75,0;1,0;0,75;1,0
03/2024;HEM;2024,0;3,0;VIII;> 34;85,0;0,0;0,0;0,0
03/2024;HJK;2024,0;3,0;I;0 a 4;4,0;113,0;4,54;8,0
03/2024;HJK;2024,0;3,0;II;5 a 9;8,0;224,0;17,939999999999998;23,0
03/2024;HJK;2024,0;3,0;III;10 a 14;15,0;288,0;43,35;18,0
03/2024;HJK;2024,0;3,0;IV;15 a 19;25,0;298,0;74,6;37,0
03/2024;HJK;2024,0;3,0;V;20 a 24;40,0;184,0;73,6;35,0
03/2024;HJK;2024,0;3,0;VI;25 a 29;55,0;84,0;46,3;27,0
03/2024;HJK;2024,0;3,0;VII;30 a 34;75,0;44,0;33,1;20,0
03/2024;HJK;2024,0;3,0;VIII;> 34;85,0;23,0;19,65;17,0
03/2024;HJXXIII;2024,0;3,0;I;0 a 4;4,0;21,0;0,84;0,0
03/2024;HJXXIII;2024,0;3,0;II;5 a 9;8,0;32,0;2,56;0,0
03/2024;HJXXIII;2024,0;3,0;III;10 a 14;15,0;42,0;6,3;3,0
03/2024;HJXXIII;2024,0;3,0;IV;15 a 19;25,0;37,0;9,25;5,0
03/2024;HJXXIII;2024,0;3,0;V;20 a 24;40,0;23,0;9,2;10,0
03/2024;HJXXIII;2024,0;3,0;VI;25 a 29;55,0;3,0;1,65;1,0
03/2024;HJXXIII;2024,0;3,0;VII;30 a 34;75,0;7,0;5,25;6,0
03/2024;HJXXIII;2024,0;3,0;VIII;> 34;85,0;0,0;0,0;0,0
03/2024;HRAD;2024,0;3,0;I;0 a 4;4,0;0,0;0,0;0,0
03/2024;HRAD;2024,0;3,0;II;5 a 9;8,0;0,0;0,0;0,0
03/2024;HRAD;2024,0;3,0;III;10 a 14;15,0;4,0;0,6;0,0
03/2024;HRAD;2024,0;3,0;IV;15 a 19;25,0;10,0;2,5;2,0
03/2024;HRAD;2024,0;3,0;V;20 a 24;40,0;9,0;3,6;2,0
03/2024;HRAD;2024,0;3,0;VI;25 a 29;55,0;3,0;1,65;2,0
03/2024;HRAD;2024,0;3,0;VII;30 a 34;75,0;0,0;0,0;0,0
03/2024;HRAD;2024,0;3,0;VIII;> 34;85,0;0,0;0,0;0,0
03/2024;HRBJA;2024,0;3,0;I;0 a 4;4,0;0,0;0,0;0,0
03/2024;HRBJA;2024,0;3,0;II;5 a 9;8,0;3,0;0,24;0,0
03/2024;HRBJA;2024,0;3,0;III;10 a 14;15,0;1,0;0,15;0,0
03/2024;HRBJA;2024,0;3,0;IV;15 a 19;25,0;3,0;0,75;1,0
03/2024;HRBJA;2024,0;3,0;V;20 a 24;40,0;4,0;1,6;2,0
03/2024;HRBJA;2024,0;3,0;VI;25 a 29;55,0;2,0;1,1;2,0
03/2024;HRBJA;2024,0;3,0;VII;30 a 34;75,0;1,0;0,75;1,0
03/2024;HRBJA;2024,0;3,0;VIII;> 34;85,0;0,0;0,0;0,0
03/2024;HRJP;2024,0;3,0;I;0 a 4;4,0;1,0;0,04;0,0
03/2024;HRJP;2024,0;3,0;II;5 a 9;8,0;3,0;0,24;0,0
03/2024;HRJP;2024,0;3,0;III;10 a 14;15,0;7,0;1,05;0,0
03/2024;HRJP;2024,0;3,0;IV;15 a 19;25,0;16,0;4,0;4,0
03/2024;HRJP;2024,0;3,0;V;20 a 24;40,0;7,0;2,8;0,0
03/2024;HRJP;2024,0;3,0;VI;25 a 29;55,0;9,0;4,95;4,0
03/2024;HRJP;2024,0;3,0;VII;30 a 34;75,0;1,0;0,75;1,0
03/2024;HRJP;2024,0;3,0;VIII;> 34;85,0;5,0;4,25;4,0
03/2024;MOV;2024,0;3,0;I;0 a 4;4,0;4,0;0,16;0,0
03/2024;MOV;2024,0;3,0;II;5 a 9;8,0;10,0;0,8;0,0
03/2024;MOV;2024,0;3,0;III;10 a 14;15,0;9,0;1,35;0,0
03/2024;MOV;2024,0;3,0;IV;15 a 19;25,0;9,0;2,25;0,0
03/2024;MOV;2024,0;3,0;V;20 a 24;40,0;3,0;1,2;0,0
03/2024;MOV;2024,0;3,0;VI;25 a 29;55,0;0,0;0,0;0,0
03/2024;MOV;2024,0;3,0;VII;30 a 34;75,0;1,0;0,75;0,0
03/2024;MOV;2024,0;3,0;VIII;> 34;85,0;2,0;1,7;0,0
04/2024;HAC;2024,0;4,0;I;0 a 4;4,0;1,0;0,04;0,0
04/2024;HAC;2024,0;4,0;II;5 a 9;8,0;11,0;0,88;0,0
04/2024;HAC;2024,0;4,0;III;10 a 14;15,0;18,0;2,7;3,0
04/2024;HAC;2024,0;4,0;IV;15 a 19;25,0;9,0;2,25;2,0
04/2024;HAC;2024,0;4,0;V;20 a 24;40,0;2,0;0,8;1,0
04/2024;HAC;2024,0;4,0;VI;25 a 29;55,0;0,0;0,0;0,0
04/2024;HAC;2024,0;4,0;VII;30 a 34;75,0;0,0;0,0;0,0
04/2024;HAC;2024,0;4,0;VIII;> 34;85,0;0,0;0,0;0,0
04/2024;HEM;2024,0;4,0;I;0 a 4;4,0;4,0;0,16;1,0
04/2024;HEM;2024,0;4,0;II;5 a 9;8,0;11,0;0,88;0,0
04/2024;HEM;2024,0;4,0;III;10 a 14;15,0;12,0;1,8;0,0
04/2024;HEM;2024,0;4,0;IV;15 a 19;25,0;3,0;0,75;0,0
04/2024;HEM;2024,0;4,0;V;20 a 24;40,0;7,0;2,8;4,0
04/2024;HEM;2024,0;4,0;VI;25 a 29;55,0;1,0;0,55;0,0
04/2024;HEM;2024,0;4,0;VII;30 a 34;75,0;0,0;0,0;0,0
04/2024;HEM;2024,0;4,0;VIII;> 34;85,0;0,0;0,0;0,0
04/2024;HJK;2024,0;4,0;I;0 a 4;4,0;115,0;4,619999999999999;8,0
04/2024;HJK;2024,0;4,0;II;5 a 9;8,0;233,0;18,66;23,0
04/2024;HJK;2024,0;4,0;III;10 a 14;15,0;286,0;43,05;16,0
04/2024;HJK;2024,0;4,0;IV;15 a 19;25,0;283,0;70,85;35,0
04/2024;HJK;2024,0;4,0;V;20 a 24;40,0;185,0;74,0;35,0
04/2024;HJK;2024,0;4,0;VI;25 a 29;55,0;81,0;44,65;28,0
04/2024;HJK;2024,0;4,0;VII;30 a 34;75,0;44,0;33,1;19,0
04/2024;HJK;2024,0;4,0;VIII;> 34;85,0;19,0;16,25;15,0
04/2024;HJXXIII;2024,0;4,0;I;0 a 4;4,0;13,0;0,52;0,0
04/2024;HJXXIII;2024,0;4,0;II;5 a 9;8,0;22,0;1,76;1,0
04/2024;HJXXIII;2024,0;4,0;III;10 a 14;15,0;37,0;5,55;1,0
04/2024;HJXXIII;2024,0;4,0;IV;15 a 19;25,0;36,0;9,0;5,0
04/2024;HJXXIII;2024,0;4,0;V;20 a 24;40,0;16,0;6,4;6,0
04/2024;HJXXIII;2024,0;4,0;VI;25 a 29;55,0;6,0;3,3;4,0
04/2024;HJXXIII;2024,0;4,0;VII;30 a 34;75,0;4,0;3,0;3,0
04/2024;HJXXIII;2024,0;4,0;VIII;> 34;85,0;0,0;0,0;0,0
04/2024;HRAD;2024,0;4,0;I;0 a 4;4,0;0,0;0,0;0,0
04/2024;HRAD;2024,0;4,0;II;5 a 9;8,0;6,0;0,48;1,0
04/2024;HRAD;2024,0;4,0;III;10 a 14;15,0;3,0;0,45;0,0
04/2024;HRAD;2024,0;4,0;IV;15 a 19;25,0;6,0;1,5;0,0
04/2024;HRAD;2024,0;4,0;V;20 a 24;40,0;5,0;2,0;2,0
04/2024;HRAD;2024,0;4,0;VI;25 a 29;55,0;11,0;6,05;2,0
04/2024;HRAD;2024,0;4,0;VII;30 a 34;75,0;0,0;0,0;0,0
04/2024;HRAD;2024,0;4,0;VIII;> 34;85,0;0,0;0,0;0,0
04/2024;HRBJA;2024,0;4,0;I;0 a 4;4,0;0,0;0,0;0,0
04/2024;HRBJA;2024,0;4,0;II;5 a 9;8,0;1,0;0,08;0,0
04/2024;HRBJA;2024,0;4,0;III;10 a 14;15,0;2,0;0,3;1,0
04/2024;HRBJA;2024,0;4,0;IV;15 a 19;25,0;6,0;1,5;3,0
04/2024;HRBJA;2024,0;4,0;V;20 a 24;40,0;3,0;1,2;2,0
04/2024;HRBJA;2024,0;4,0;VI;25 a 29;55,0;1,0;0,55;1,0
04/2024;HRBJA;2024,0;4,0;VII;30 a 34;75,0;2,0;1,5;2,0
04/2024;HRBJA;2024,0;4,0;VIII;> 34;85,0;0,0;0,0;0,0
04/2024;HRJP;2024,0;4,0;I;0 a 4;4,0;0,0;0,0;0,0
04/2024;HRJP;2024,0;4,0;II;5 a 9;8,0;0,0;0,0;0,0
04/2024;HRJP;2024,0;4,0;III;10 a 14;15,0;9,0;1,35;0,0
04/2024;HRJP;2024,0;4,0;IV;15 a 19;25,0;17,0;4,25;0,0
04/2024;HRJP;2024,0;4,0;V;20 a 24;40,0;9,0;3,6;1,0
04/2024;HRJP;2024,0;4,0;VI;25 a 29;55,0;3,0;1,65;3,0
04/2024;HRJP;2024,0;4,0;VII;30 a 34;75,0;2,0;1,5;0,0
04/2024;HRJP;2024,0;4,0;VIII;> 34;85,0;3,0;2,55;3,0
04/2024;MOV;2024,0;4,0;I;0 a 4;4,0;4,0;0,16;0,0
04/2024;MOV;2024,0;4,0;II;5 a 9;8,0;10,0;0,8;0,0
04/2024;MOV;2024,0;4,0;III;10 a 14;15,0;10,0;1,5;0,0
04/2024;MOV;2024,0;4,0;IV;15 a 19;25,0;7,0;1,75;0,0
04/2024;MOV;2024,0;4,0;V;20 a 24;40,0;4,0;1,6;0,0
04/2024;MOV;2024,0;4,0;VI;25 a 29;55,0;0,0;0,0;0,0
04/2024;MOV;2024,0;4,0;VII;30 a 34;75,0;0,0;0,0;0,0
04/2024;MOV;2024,0;4,0;VIII;> 34;85,0;0,0;0,0;0,0
05/2024;HAC;2024,0;5,0;I;0 a 4;4,0;1,0;0,04;0,0
05/2024;HAC;2024,0;5,0;II;5 a 9;8,0;16,0;1,28;0,0
05/2024;HAC;2024,0;5,0;III;10 a 14;15,0;12,0;1,8;0,0
05/2024;HAC;2024,0;5,0;IV;15 a 19;25,0;8,0;2,0;1,0
05/2024;HAC;2024,0;5,0;V;20 a 24;40,0;4,0;1,6;0,0
05/2024;HAC;2024,0;5,0;VI;25 a 29;55,0;2,0;1,1;0,0
05/2024;HAC;2024,0;5,0;VII;30 a 34;75,0;2,0;1,5;1,0
05/2024;HAC;2024,0;5,0;VIII;> 34;85,0;0,0;0,0;0,0
05/2024;HEM;2024,0;5,0;I;0 a 4;4,0;1,0;0,04;0,0
05/2024;HEM;2024,0;5,0;II;5 a 9;8,0;7,0;0,56;0,0
05/2024;HEM;2024,0;5,0;III;10 a 14;15,0;6,0;0,9;1,0
05/2024;HEM;2024,0;5,0;IV;15 a 19;25,0;4,0;1,0;0,0
05/2024;HEM;2024,0;5,0;V;20 a 24;40,0;5,0;2,0;4,0
05/2024;HEM;2024,0;5,0;VI;25 a 29;55,0;3,0;1,65;0,0
05/2024;HEM;2024,0;5,0;VII;30 a 34;75,0;1,0;0,75;1,0
05/2024;HEM;2024,0;5,0;VIII;> 34;85,0;0,0;0,0;0,0
05/2024;HJK;2024,0;5,0;I;0 a 4;4,0;114,0;4,58;8,0
05/2024;HJK;2024,0;5,0;II;5 a 9;8,0;232,0;18,58;23,0
05/2024;HJK;2024,0;5,0;III;10 a 14;15,0;300,0;45,150000000000006;16,0
05/2024;HJK;2024,0;5,0;IV;15 a 19;25,0;288,0;72,1;36,0
05/2024;HJK;2024,0;5,0;V;20 a 24;40,0;185,0;74,0;40,0
05/2024;HJK;2024,0;5,0;VI;25 a 29;55,0;89,0;49,05;30,0
05/2024;HJK;2024,0;5,0;VII;30 a 34;75,0;45,0;33,85;21,0
05/2024;HJK;2024,0;5,0;VIII;> 34;85,0;21,0;17,95;17,0
05/2024;HJXXIII;2024,0;5,0;I;0 a 4;4,0;17,0;0,68;0,0
05/2024;HJXXIII;2024,0;5,0;II;5 a 9;8,0;28,0;2,24;2,0
05/2024;HJXXIII;2024,0;5,0;III;10 a 14;15,0;38,0;5,7;4,0
05/2024;HJXXIII;2024,0;5,0;IV;15 a 19;25,0;49,0;12,25;7,0
05/2024;HJXXIII;2024,0;5,0;V;20 a 24;40,0;29,0;11,6;8,0
05/2024;HJXXIII;2024,0;5,0;VI;25 a 29;55,0;10,0;5,5;6,0
05/2024;HJXXIII;2024,0;5,0;VII;30 a 34;75,0;6,0;4,5;4,0
05/2024;HJXXIII;2024,0;5,0;VIII;> 34;85,0;3,0;2,55;3,0
05/2024;HRAD;2024,0;5,0;I;0 a 4;4,0;2,0;0,08;0,0
05/2024;HRAD;2024,0;5,0;II;5 a 9;8,0;2,0;0,16;0,0
05/2024;HRAD;2024,0;5,0;III;10 a 14;15,0;4,0;0,6;0,0
05/2024;HRAD;2024,0;5,0;IV;15 a 19;25,0;5,0;1,25;0,0
05/2024;HRAD;2024,0;5,0;V;20 a 24;40,0;6,0;2,4;1,0
05/2024;HRAD;2024,0;5,0;VI;25 a 29;55,0;5,0;2,75;1,0
05/2024;HRAD;2024,0;5,0;VII;30 a 34;75,0;3,0;2,25;2,0
05/2024;HRAD;2024,0;5,0;VIII;> 34;85,0;0,0;0,0;0,0
05/2024;HRBJA;2024,0;5,0;I;0 a 4;4,0;1,0;0,04;1,0
05/2024;HRBJA;2024,0;5,0;II;5 a 9;8,0;0,0;0,0;0,0
05/2024;HRBJA;2024,0;5,0;III;10 a 14;15,0;4,0;0,6;0,0
05/2024;HRBJA;2024,0;5,0;IV;15 a 19;25,0;5,0;1,25;0,0
05/2024;HRBJA;2024,0;5,0;V;20 a 24;40,0;5,0;2,0;1,0
05/2024;HRBJA;2024,0;5,0;VI;25 a 29;55,0;4,0;2,2;0,0
05/2024;HRBJA;2024,0;5,0;VII;30 a 34;75,0;2,0;1,5;2,0
05/2024;HRBJA;2024,0;5,0;VIII;> 34;85,0;1,0;0,85;1,0
05/2024;HRJP;2024,0;5,0;I;0 a 4;4,0;2,0;0,08;0,0
05/2024;HRJP;2024,0;5,0;II;5 a 9;8,0;6,0;0,48;0,0
05/2024;HRJP;2024,0;5,0;III;10 a 14;15,0;17,0;2,55;1,0
05/2024;HRJP;2024,0;5,0;IV;15 a 19;25,0;17,0;4,25;3,0
05/2024;HRJP;2024,0;5,0;V;20 a 24;40,0;15,0;6,0;7,0
05/2024;HRJP;2024,0;5,0;VI;25 a 29;55,0;7,0;3,85;2,0
05/2024;HRJP;2024,0;5,0;VII;30 a 34;75,0;2,0;1,5;2,0
05/2024;HRJP;2024,0;5,0;VIII;> 34;85,0;3,0;2,55;2,0
05/2024;MOV;2024,0;5,0;I;0 a 4;4,0;3,0;0,12;0,0
05/2024;MOV;2024,0;5,0;II;5 a 9;8,0;5,0;0,4;0,0
05/2024;MOV;2024,0;5,0;III;10 a 14;15,0;15,0;2,25;0,0
05/2024;MOV;2024,0;5,0;IV;15 a 19;25,0;3,0;0,75;0,0
05/2024;MOV;2024,0;5,0;V;20 a 24;40,0;2,0;0,8;0,0
05/2024;MOV;2024,0;5,0;VI;25 a 29;55,0;0,0;0,0;0,0
05/2024;MOV;2024,0;5,0;VII;30 a 34;75,0;1,0;0,75;0,0
05/2024;MOV;2024,0;5,0;VIII;> 34;85,0;2,0;1,7;0,0
06/2024;HAC;2024,0;6,0;I;0 a 4;4,0;0,0;0,0;0,0
06/2024;HAC;2024,0;6,0;II;5 a 9;8,0;8,0;0,64;0,0
06/2024;HAC;2024,0;6,0;III;10 a 14;15,0;17,0;2,55;0,0
06/2024;HAC;2024,0;6,0;IV;15 a 19;25,0;13,0;3,25;0,0
06/2024;HAC;2024,0;6,0;V;20 a 24;40,0;3,0;1,2;0,0
06/2024;HAC;2024,0;6,0;VI;25 a 29;55,0;1,0;0,55;0,0
06/2024;HAC;2024,0;6,0;VII;30 a 34;75,0;1,0;0,75;0,0
06/2024;HAC;2024,0;6,0;VIII;> 34;85,0;1,0;0,85;0,0
06/2024;HEM;2024,0;6,0;I;0 a 4;4,0;3,0;0,12;1,0
06/2024;HEM;2024,0;6,0;II;5 a 9;8,0;11,0;0,88;0,0
06/2024;HEM;2024,0;6,0;III;10 a 14;15,0;8,0;1,2;1,0
06/2024;HEM;2024,0;6,0;IV;15 a 19;25,0;4,0;1,0;1,0
06/2024;HEM;2024,0;6,0;V;20 a 24;40,0;7,0;2,8;3,0
06/2024;HEM;2024,0;6,0;VI;25 a 29;55,0;2,0;1,1;0,0
06/2024;HEM;2024,0;6,0;VII;30 a 34;75,0;2,0;1,5;1,0
06/2024;HEM;2024,0;6,0;VIII;> 34;85,0;2,0;1,7;2,0
06/2024;HJK;2024,0;6,0;I;0 a 4;4,0;114,0;4,58;8,0
06/2024;HJK;2024,0;6,0;II;5 a 9;8,0;236,0;18,9;24,0
06/2024;HJK;2024,0;6,0;III;10 a 14;15,0;293,0;44,1;16,0
06/2024;HJK;2024,0;6,0;IV;15 a 19;25,0;296,0;74,1;38,0
06/2024;HJK;2024,0;6,0;V;20 a 24;40,0;184,0;73,6;37,0
06/2024;HJK;2024,0;6,0;VI;25 a 29;55,0;87,0;47,95;32,0
06/2024;HJK;2024,0;6,0;VII;30 a 34;75,0;46,0;34,6;20,0
06/2024;HJK;2024,0;6,0;VIII;> 34;85,0;23,0;19,65;18,0
06/2024;HJXXIII;2024,0;6,0;I;0 a 4;4,0;12,0;0,48;0,0
06/2024;HJXXIII;2024,0;6,0;II;5 a 9;8,0;30,0;2,4;1,0
06/2024;HJXXIII;2024,0;6,0;III;10 a 14;15,0;36,0;5,4;1,0
06/2024;HJXXIII;2024,0;6,0;IV;15 a 19;25,0;42,0;10,5;6,0
06/2024;HJXXIII;2024,0;6,0;V;20 a 24;40,0;21,0;8,4;5,0
06/2024;HJXXIII;2024,0;6,0;VI;25 a 29;55,0;7,0;3,85;1,0
06/2024;HJXXIII;2024,0;6,0;VII;30 a 34;75,0;0,0;0,0;0,0
06/2024;HJXXIII;2024,0;6,0;VIII;> 34;85,0;4,0;3,4;2,0
06/2024;HRAD;2024,0;6,0;I;0 a 4;4,0;0,0;0,0;0,0
06/2024;HRAD;2024,0;6,0;II;5 a 9;8,0;1,0;0,08;0,0
06/2024;HRAD;2024,0;6,0;III;10 a 14;15,0;5,0;0,75;0,0
06/2024;HRAD;2024,0;6,0;IV;15 a 19;25,0;8,0;2,0;2,0
06/2024;HRAD;2024,0;6,0;V;20 a 24;40,0;8,0;3,2;2,0
06/2024;HRAD;2024,0;6,0;VI;25 a 29;55,0;3,0;1,65;1,0
06/2024;HRAD;2024,0;6,0;VII;30 a 34;75,0;3,0;2,25;3,0
06/2024;HRAD;2024,0;6,0;VIII;> 34;85,0;4,0;3,4;3,0
06/2024;HRBJA;2024,0;6,0;I;0 a 4;4,0;0,0;0,0;0,0
06/2024;HRBJA;2024,0;6,0;II;5 a 9;8,0;0,0;0,0;0,0
06/2024;HRBJA;2024,0;6,0;III;10 a 14;15,0;6,0;0,9;1,0
06/2024;HRBJA;2024,0;6,0;IV;15 a 19;25,0;8,0;2,0;1,0
06/2024;HRBJA;2024,0;6,0;V;20 a 24;40,0;4,0;1,6;2,0
06/2024;HRBJA;2024,0;6,0;VI;25 a 29;55,0;4,0;2,2;2,0
06/2024;HRBJA;2024,0;6,0;VII;30 a 34;75,0;1,0;0,75;1,0
06/2024;HRBJA;2024,0;6,0;VIII;> 34;85,0;1,0;0,85;1,0
06/2024;HRJP;2024,0;6,0;I;0 a 4;4,0;1,0;0,04;0,0
06/2024;HRJP;2024,0;6,0;II;5 a 9;8,0;3,0;0,24;0,0
06/2024;HRJP;2024,0;6,0;III;10 a 14;15,0;1,0;0,15;0,0
06/2024;HRJP;2024,0;6,0;IV;15 a 19;25,0;8,0;2,0;1,0
06/2024;HRJP;2024,0;6,0;V;20 a 24;40,0;8,0;3,2;2,0
06/2024;HRJP;2024,0;6,0;VI;25 a 29;55,0;4,0;2,2;0,0
06/2024;HRJP;2024,0;6,0;VII;30 a 34;75,0;7,0;5,25;4,0
06/2024;HRJP;2024,0;6,0;VIII;> 34;85,0;4,0;3,4;3,0
06/2024;MOV;2024,0;6,0;I;0 a 4;4,0;2,0;0,08;0,0
06/2024;MOV;2024,0;6,0;II;5 a 9;8,0;4,0;0,32;0,0
06/2024;MOV;2024,0;6,0;III;10 a 14;15,0;12,0;1,8;0,0
06/2024;MOV;2024,0;6,0;IV;15 a 19;25,0;0,0;0,0;0,0
06/2024;MOV;2024,0;6,0;V;20 a 24;40,0;4,0;1,6;0,0
06/2024;MOV;2024,0;6,0;VI;25 a 29;55,0;0,0;0,0;0,0
06/2024;MOV;2024,0;6,0;VII;30 a 34;75,0;2,0;1,5;0,0
06/2024;MOV;2024,0;6,0;VIII;> 34;85,0;0,0;0,0;0,0
07/2024;HAC;2024,0;7,0;I;0 a 4;4,0;4,0;0,16;0,0
07/2024;HAC;2024,0;7,0;II;5 a 9;8,0;15,0;1,2;0,0
07/2024;HAC;2024,0;7,0;III;10 a 14;15,0;8,0;1,2;1,0
07/2024;HAC;2024,0;7,0;IV;15 a 19;25,0;5,0;1,25;0,0
07/2024;HAC;2024,0;7,0;V;20 a 24;40,0;2,0;0,8;2,0
07/2024;HAC;2024,0;7,0;VI;25 a 29;55,0;0,0;0,0;0,0
07/2024;HAC;2024,0;7,0;VII;30 a 34;75,0;0,0;0,0;0,0
07/2024;HAC;2024,0;7,0;VIII;> 34;85,0;1,0;0,85;1,0
07/2024;HEM;2024,0;7,0;I;0 a 4;4,0;2,0;0,08;0,0
07/2024;HEM;2024,0;7,0;II;5 a 9;8,0;7,0;0,56;1,0
07/2024;HEM;2024,0;7,0;III;10 a 14;15,0;5,0;0,75;0,0
07/2024;HEM;2024,0;7,0;IV;15 a 19;25,0;8,0;2,0;0,0
07/2024;HEM;2024,0;7,0;V;20 a 24;40,0;8,0;3,2;0,0
07/2024;HEM;2024,0;7,0;VI;25 a 29;55,0;2,0;1,1;0,0
07/2024;HEM;2024,0;7,0;VII;30 a 34;75,0;0,0;0,0;0,0
07/2024;HEM;2024,0;7,0;VIII;> 34;85,0;1,0;0,85;1,0
07/2024;HJK;2024,0;7,0;I;0 a 4;4,0;115,0;4,619999999999999;8,0
07/2024;HJK;2024,0;7,0;II;5 a 9;8,0;235,0;18,82;23,0
07/2024;HJK;2024,0;7,0;III;10 a 14;15,0;296,0;44,55;17,0
07/2024;HJK;2024,0;7,0;IV;15 a 19;25,0;291,0;72,85;36,0
07/2024;HJK;2024,0;7,0;V;20 a 24;40,0;181,0;72,4;39,0
07/2024;HJK;2024,0;7,0;VI;25 a 29;55,0;83,0;45,75;29,0
07/2024;HJK;2024,0;7,0;VII;30 a 34;75,0;46,0;34,6;21,0
07/2024;HJK;2024,0;7,0;VIII;> 34;85,0;22,0;18,8;16,0
07/2024;HJXXIII;2024,0;7,0;I;0 a 4;4,0;14,0;0,56;0,0
07/2024;HJXXIII;2024,0;7,0;II;5 a 9;8,0;27,0;2,16;2,0
07/2024;HJXXIII;2024,0;7,0;III;10 a 14;15,0;48,0;7,2;0,0
07/2024;HJXXIII;2024,0;7,0;IV;15 a 19;25,0;40,0;10,0;7,0
07/2024;HJXXIII;2024,0;7,0;V;20 a 24;40,0;18,0;7,2;8,0
07/2024;HJXXIII;2024,0;7,0;VI;25 a 29;55,0;17,0;9,35;7,0
07/2024;HJXXIII;2024,0;7,0;VII;30 a 34;75,0;9,0;6,75;9,0
07/2024;HJXXIII;2024,0;7,0;VIII;> 34;85,0;3,0;2,55;3,0
07/2024;HRAD;2024,0;7,0;I;0 a 4;4,0;0,0;0,0;0,0
07/2024;HRAD;2024,0;7,0;II;5 a 9;8,0;2,0;0,16;0,0
07/2024;HRAD;2024,0;7,0;III;10 a 14;15,0;5,0;0,75;0,0
07/2024;HRAD;2024,0;7,0;IV;15 a 19;25,0;13,0;3,25;0,0
07/2024;HRAD;2024,0;7,0;V;20 a 24;40,0;7,0;2,8;2,0
07/2024;HRAD;2024,0;7,0;VI;25 a 29;55,0;10,0;5,5;5,0
07/2024;HRAD;2024,0;7,0;VII;30 a 34;75,0;10,0;7,5;6,0
07/2024;HRAD;2024,0;7,0;VIII;> 34;85,0;4,0;3,4;3,0
07/2024;HRBJA;2024,0;7,0;I;0 a 4;4,0;1,0;0,04;0,0
07/2024;HRBJA;2024,0;7,0;II;5 a 9;8,0;1,0;0,08;0,0
07/2024;HRBJA;2024,0;7,0;III;10 a 14;15,0;4,0;0,6;0,0
07/2024;HRBJA;2024,0;7,0;IV;15 a 19;25,0;6,0;1,5;0,0
07/2024;HRBJA;2024,0;7,0;V;20 a 24;40,0;8,0;3,2;2,0
07/2024;HRBJA;2024,0;7,0;VI;25 a 29;55,0;8,0;4,4;5,0
07/2024;HRBJA;2024,0;7,0;VII;30 a 34;75,0;2,0;1,5;1,0
07/2024;HRBJA;2024,0;7,0;VIII;> 34;85,0;0,0;0,0;0,0
07/2024;HRJP;2024,0;7,0;I;0 a 4;4,0;0,0;0,0;0,0
07/2024;HRJP;2024,0;7,0;II;5 a 9;8,0;1,0;0,08;0,0
07/2024;HRJP;2024,0;7,0;III;10 a 14;15,0;14,0;2,1;2,0
07/2024;HRJP;2024,0;7,0;IV;15 a 19;25,0;17,0;4,25;0,0
07/2024;HRJP;2024,0;7,0;V;20 a 24;40,0;8,0;3,2;2,0
07/2024;HRJP;2024,0;7,0;VI;25 a 29;55,0;13,0;7,15;6,0
07/2024;HRJP;2024,0;7,0;VII;30 a 34;75,0;5,0;3,75;1,0
07/2024;HRJP;2024,0;7,0;VIII;> 34;85,0;6,0;5,1;2,0
07/2024;MOV;2024,0;7,0;I;0 a 4;4,0;5,0;0,2;0,0
07/2024;MOV;2024,0;7,0;II;5 a 9;8,0;9,0;0,72;0,0
07/2024;MOV;2024,0;7,0;III;10 a 14;15,0;4,0;0,6;0,0
07/2024;MOV;2024,0;7,0;IV;15 a 19;25,0;8,0;2,0;0,0
07/2024;MOV;2024,0;7,0;V;20 a 24;40,0;4,0;1,6;0,0
07/2024;MOV;2024,0;7,0;VI;25 a 29;55,0;3,0;1,65;1,0
07/2024;MOV;2024,0;7,0;VII;30 a 34;75,0;0,0;0,0;0,0
07/2024;MOV;2024,0;7,0;VIII;> 34;85,0;1,0;0,85;1,0
08/2024;HAC;2024,0;8,0;I;0 a 4;4,0;0,0;0,0;0,0
08/2024;HAC;2024,0;8,0;II;5 a 9;8,0;12,0;0,96;0,0
08/2024;HAC;2024,0;8,0;III;10 a 14;15,0;14,0;2,1;0,0
08/2024;HAC;2024,0;8,0;IV;15 a 19;25,0;17,0;4,25;1,0
08/2024;HAC;2024,0;8,0;V;20 a 24;40,0;5,0;2,0;2,0
08/2024;HAC;2024,0;8,0;VI;25 a 29;55,0;2,0;1,1;1,0
08/2024;HAC;2024,0;8,0;VII;30 a 34;75,0;1,0;0,75;0,0
08/2024;HAC;2024,0;8,0;VIII;> 34;85,0;0,0;0,0;0,0
08/2024;HEM;2024,0;8,0;I;0 a 4;4,0;0,0;0,0;0,0
08/2024;HEM;2024,0;8,0;II;5 a 9;8,0;6,0;0,48;1,0
08/2024;HEM;2024,0;8,0;III;10 a 14;15,0;10,0;1,5;0,0
08/2024;HEM;2024,0;8,0;IV;15 a 19;25,0;3,0;0,75;0,0
08/2024;HEM;2024,0;8,0;V;20 a 24;40,0;3,0;1,2;1,0
08/2024;HEM;2024,0;8,0;VI;25 a 29;55,0;2,0;1,1;0,0
08/2024;HEM;2024,0;8,0;VII;30 a 34;75,0;2,0;1,5;1,0
08/2024;HEM;2024,0;8,0;VIII;> 34;85,0;1,0;0,85;0,0
08/2024;HJK;2024,0;8,0;I;0 a 4;4,0;113,0;4,54;8,0
08/2024;HJK;2024,0;8,0;II;5 a 9;8,0;237,0;18,98;23,0
08/2024;HJK;2024,0;8,0;III;10 a 14;15,0;296,0;44,55;19,0
08/2024;HJK;2024,0;8,0;IV;15 a 19;25,0;289,0;72,35;41,0
08/2024;HJK;2024,0;8,0;V;20 a 24;40,0;187,0;74,8;38,0
08/2024;HJK;2024,0;8,0;VI;25 a 29;55,0;87,0;47,95;27,0
08/2024;HJK;2024,0;8,0;VII;30 a 34;75,0;40,0;30,1;20,0
08/2024;HJK;2024,0;8,0;VIII;> 34;85,0;23,0;19,65;17,0
08/2024;HJXXIII;2024,0;8,0;I;0 a 4;4,0;14,0;0,56;1,0
08/2024;HJXXIII;2024,0;8,0;II;5 a 9;8,0;29,0;2,32;0,0
08/2024;HJXXIII;2024,0;8,0;III;10 a 14;15,0;50,0;7,5;6,0
08/2024;HJXXIII;2024,0;8,0;IV;15 a 19;25,0;33,0;8,25;4,0
08/2024;HJXXIII;2024,0;8,0;V;20 a 24;40,0;25,0;10,0;7,0
08/2024;HJXXIII;2024,0;8,0;VI;25 a 29;55,0;9,0;4,95;6,0
08/2024;HJXXIII;2024,0;8,0;VII;30 a 34;75,0;10,0;7,5;9,0
08/2024;HJXXIII;2024,0;8,0;VIII;> 34;85,0;0,0;0,0;0,0
08/2024;HRAD;2024,0;8,0;I;0 a 4;4,0;0,0;0,0;0,0
08/2024;HRAD;2024,0;8,0;II;5 a 9;8,0;2,0;0,16;0,0
08/2024;HRAD;2024,0;8,0;III;10 a 14;15,0;10,0;1,5;0,0
08/2024;HRAD;2024,0;8,0;IV;15 a 19;25,0;13,0;3,25;1,0
08/2024;HRAD;2024,0;8,0;V;20 a 24;40,0;8,0;3,2;0,0
08/2024;HRAD;2024,0;8,0;VI;25 a 29;55,0;10,0;5,5;3,0
08/2024;HRAD;2024,0;8,0;VII;30 a 34;75,0;4,0;3,0;0,0
08/2024;HRAD;2024,0;8,0;VIII;> 34;85,0;19,0;16,15;8,0
08/2024;HRBJA;2024,0;8,0;I;0 a 4;4,0;0,0;0,0;0,0
08/2024;HRBJA;2024,0;8,0;II;5 a 9;8,0;0,0;0,0;0,0
08/2024;HRBJA;2024,0;8,0;III;10 a 14;15,0;6,0;0,9;1,0
08/2024;HRBJA;2024,0;8,0;IV;15 a 19;25,0;11,0;2,75;2,0
08/2024;HRBJA;2024,0;8,0;V;20 a 24;40,0;4,0;1,6;1,0
08/2024;HRBJA;2024,0;8,0;VI;25 a 29;55,0;6,0;3,3;4,0
08/2024;HRBJA;2024,0;8,0;VII;30 a 34;75,0;6,0;4,5;3,0
08/2024;HRBJA;2024,0;8,0;VIII;> 34;85,0;0,0;0,0;0,0
08/2024;HRJP;2024,0;8,0;I;0 a 4;4,0;0,0;0,0;0,0
08/2024;HRJP;2024,0;8,0;II;5 a 9;8,0;0,0;0,0;0,0
08/2024;HRJP;2024,0;8,0;III;10 a 14;15,0;2,0;0,3;0,0
08/2024;HRJP;2024,0;8,0;IV;15 a 19;25,0;12,0;3,0;4,0
08/2024;HRJP;2024,0;8,0;V;20 a 24;40,0;12,0;4,8;0,0
08/2024;HRJP;2024,0;8,0;VI;25 a 29;55,0;6,0;3,3;5,0
08/2024;HRJP;2024,0;8,0;VII;30 a 34;75,0;3,0;2,25;2,0
08/2024;HRJP;2024,0;8,0;VIII;> 34;85,0;1,0;0,85;0,0
08/2024;MOV;2024,0;8,0;I;0 a 4;4,0;2,0;0,08;0,0
08/2024;MOV;2024,0;8,0;II;5 a 9;8,0;8,0;0,64;0,0
08/2024;MOV;2024,0;8,0;III;10 a 14;15,0;7,0;1,05;0,0
08/2024;MOV;2024,0;8,0;IV;15 a 19;25,0;8,0;2,0;0,0
08/2024;MOV;2024,0;8,0;V;20 a 24;40,0;5,0;2,0;0,0
08/2024;MOV;2024,0;8,0;VI;25 a 29;55,0;3,0;1,65;0,0
08/2024;MOV;2024,0;8,0;VII;30 a 34;75,0;1,0;0,75;0,0
08/2024;MOV;2024,0;8,0;VIII;> 34;85,0;1,0;0,85;0,0
09/2024;HAC;2024,0;9,0;I;0 a 4;4,0;0,0;0,0;0,0
09/2024;HAC;2024,0;9,0;II;5 a 9;8,0;9,0;0,72;0,0
09/2024;HAC;2024,0;9,0;III;10 a 14;15,0;14,0;2,1;1,0
09/2024;HAC;2024,0;9,0;IV;15 a 19;25,0;8,0;2,0;0,0
09/2024;HAC;2024,0;9,0;V;20 a 24;40,0;8,0;3,2;1,0
09/2024;HAC;2024,0;9,0;VI;25 a 29;55,0;2,0;1,1;0,0
09/2024;HAC;2024,0;9,0;VII;30 a 34;75,0;1,0;0,75;0,0
09/2024;HAC;2024,0;9,0;VIII;> 34;85,0;1,0;0,85;1,0
09/2024;HEM;2024,0;9,0;I;0 a 4;4,0;1,0;0,04;0,0
09/2024;HEM;2024,0;9,0;II;5 a 9;8,0;10,0;0,8;0,0
09/2024;HEM;2024,0;9,0;III;10 a 14;15,0;6,0;0,9;0,0
09/2024;HEM;2024,0;9,0;IV;15 a 19;25,0;6,0;1,5;1,0
09/2024;HEM;2024,0;9,0;V;20 a 24;40,0;5,0;2,0;4,0
09/2024;HEM;2024,0;9,0;VI;25 a 29;55,0;7,0;3,85;4,0
09/2024;HEM;2024,0;9,0;VII;30 a 34;75,0;0,0;0,0;0,0
09/2024;HEM;2024,0;9,0;VIII;> 34;85,0;1,0;0,85;1,0
09/2024;HJK;2024,0;9,0;I;0 a 4;4,0;121,0;4,859999999999999;8,0
09/2024;HJK;2024,0;9,0;II;5 a 9;8,0;242,0;19,38;23,0
09/2024;HJK;2024,0;9,0;III;10 a 14;15,0;314,0;47,25;16,0
09/2024;HJK;2024,0;9,0;IV;15 a 19;25,0;290,0;72,6;37,0
09/2024;HJK;2024,0;9,0;V;20 a 24;40,0;174,0;69,6;36,0
09/2024;HJK;2024,0;9,0;VI;25 a 29;55,0;87,0;47,95;26,0
09/2024;HJK;2024,0;9,0;VII;30 a 34;75,0;40,0;30,1;18,0
09/2024;HJK;2024,0;9,0;VIII;> 34;85,0;21,0;17,95;17,0
09/2024;HJXXIII;2024,0;9,0;I;0 a 4;4,0;15,0;0,6;0,0
09/2024;HJXXIII;2024,0;9,0;II;5 a 9;8,0;20,0;1,6;0,0
09/2024;HJXXIII;2024,0;9,0;III;10 a 14;15,0;48,0;7,2;3,0
09/2024;HJXXIII;2024,0;9,0;IV;15 a 19;25,0;30,0;7,5;6,0
09/2024;HJXXIII;2024,0;9,0;V;20 a 24;40,0;14,0;5,6;3,0
09/2024;HJXXIII;2024,0;9,0;VI;25 a 29;55,0;9,0;4,95;3,0
09/2024;HJXXIII;2024,0;9,0;VII;30 a 34;75,0;4,0;3,0;2,0
09/2024;HJXXIII;2024,0;9,0;VIII;> 34;85,0;2,0;1,7;2,0
09/2024;HRAD;2024,0;9,0;I;0 a 4;4,0;0,0;0,0;0,0
09/2024;HRAD;2024,0;9,0;II;5 a 9;8,0;1,0;0,08;0,0
09/2024;HRAD;2024,0;9,0;III;10 a 14;15,0;4,0;0,6;0,0
09/2024;HRAD;2024,0;9,0;IV;15 a 19;25,0;9,0;2,25;0,0
09/2024;HRAD;2024,0;9,0;V;20 a 24;40,0;8,0;3,2;0,0
09/2024;HRAD;2024,0;9,0;VI;25 a 29;55,0;10,0;5,5;2,0
09/2024;HRAD;2024,0;9,0;VII;30 a 34;75,0;10,0;7,5;3,0
09/2024;HRAD;2024,0;9,0;VIII;> 34;85,0;5,0;4,25;2,0
09/2024;HRBJA;2024,0;9,0;I;0 a 4;4,0;0,0;0,0;0,0
09/2024;HRBJA;2024,0;9,0;II;5 a 9;8,0;3,0;0,24;0,0
09/2024;HRBJA;2024,0;9,0;III;10 a 14;15,0;8,0;1,2;2,0
09/2024;HRBJA;2024,0;9,0;IV;15 a 19;25,0;15,0;3,75;2,0
09/2024;HRBJA;2024,0;9,0;V;20 a 24;40,0;6,0;2,4;4,0
09/2024;HRBJA;2024,0;9,0;VI;25 a 29;55,0;3,0;1,65;2,0
09/2024;HRBJA;2024,0;9,0;VII;30 a 34;75,0;0,0;0,0;0,0
09/2024;HRBJA;2024,0;9,0;VIII;> 34;85,0;0,0;0,0;0,0
09/2024;HRJP;2024,0;9,0;I;0 a 4;4,0;0,0;0,0;0,0
09/2024;HRJP;2024,0;9,0;II;5 a 9;8,0;0,0;0,0;0,0
09/2024;HRJP;2024,0;9,0;III;10 a 14;15,0;4,0;0,6;2,0
09/2024;HRJP;2024,0;9,0;IV;15 a 19;25,0;9,0;2,25;1,0
09/2024;HRJP;2024,0;9,0;V;20 a 24;40,0;9,0;3,6;3,0
09/2024;HRJP;2024,0;9,0;VI;25 a 29;55,0;2,0;1,1;1,0
09/2024;HRJP;2024,0;9,0;VII;30 a 34;75,0;2,0;1,5;1,0
09/2024;HRJP;2024,0;9,0;VIII;> 34;85,0;5,0;4,25;3,0
09/2024;MOV;2024,0;9,0;I;0 a 4;4,0;2,0;0,08;0,0
09/2024;MOV;2024,0;9,0;II;5 a 9;8,0;15,0;1,2;0,0
09/2024;MOV;2024,0;9,0;III;10 a 14;15,0;10,0;1,5;0,0
09/2024;MOV;2024,0;9,0;IV;15 a 19;25,0;6,0;1,5;0,0
09/2024;MOV;2024,0;9,0;V;20 a 24;40,0;0,0;0,0;0,0
09/2024;MOV;2024,0;9,0;VI;25 a 29;55,0;0,0;0,0;0,0
09/2024;MOV;2024,0;9,0;VII;30 a 34;75,0;1,0;0,75;0,0
09/2024;MOV;2024,0;9,0;VIII;> 34;85,0;0,0;0,0;0,0
10/2024;HAC;2024,0;10,0;I;0 a 4;4,0;2,0;0,08;0,0
10/2024;HAC;2024,0;10,0;II;5 a 9;8,0;23,0;1,84;0,0
10/2024;HAC;2024,0;10,0;III;10 a 14;15,0;18,0;2,7;1,0
10/2024;HAC;2024,0;10,0;IV;15 a 19;25,0;3,0;0,75;0,0
10/2024;HAC;2024,0;10,0;V;20 a 24;40,0;4,0;1,6;1,0
10/2024;HAC;2024,0;10,0;VI;25 a 29;55,0;0,0;0,0;0,0
10/2024;HAC;2024,0;10,0;VII;30 a 34;75,0;0,0;0,0;0,0
10/2024;HAC;2024,0;10,0;VIII;> 34;85,0;1,0;0,85;1,0
10/2024;HEM;2024,0;10,0;I;0 a 4;4,0;1,0;0,04;0,0
10/2024;HEM;2024,0;10,0;II;5 a 9;8,0;6,0;0,48;0,0
10/2024;HEM;2024,0;10,0;III;10 a 14;15,0;10,0;1,5;0,0
10/2024;HEM;2024,0;10,0;IV;15 a 19;25,0;7,0;1,75;2,0
10/2024;HEM;2024,0;10,0;V;20 a 24;40,0;5,0;2,0;0,0
10/2024;HEM;2024,0;10,0;VI;25 a 29;55,0;1,0;0,55;0,0
10/2024;HEM;2024,0;10,0;VII;30 a 34;75,0;1,0;0,75;0,0
10/2024;HEM;2024,0;10,0;VIII;> 34;85,0;0,0;0,0;0,0
10/2024;HJK;2024,0;10,0;I;0 a 4;4,0;134,0;5,38;8,0
10/2024;HJK;2024,0;10,0;II;5 a 9;8,0;266,0;21,299999999999997;23,0
10/2024;HJK;2024,0;10,0;III;10 a 14;15,0;304,0;45,75;17,0
10/2024;HJK;2024,0;10,0;IV;15 a 19;25,0;285,0;71,35;37,0
10/2024;HJK;2024,0;10,0;V;20 a 24;40,0;173,0;69,2;37,0
10/2024;HJK;2024,0;10,0;VI;25 a 29;55,0;83,0;45,75;28,0
10/2024;HJK;2024,0;10,0;VII;30 a 34;75,0;41,0;30,85;20,0
10/2024;HJK;2024,0;10,0;VIII;> 34;85,0;20,0;17,1;15,0
10/2024;HJXXIII;2024,0;10,0;I;0 a 4;4,0;10,0;0,4;0,0
10/2024;HJXXIII;2024,0;10,0;II;5 a 9;8,0;17,0;1,36;1,0
10/2024;HJXXIII;2024,0;10,0;III;10 a 14;15,0;23,0;3,45;5,0
10/2024;HJXXIII;2024,0;10,0;IV;15 a 19;25,0;24,0;6,0;8,0
10/2024;HJXXIII;2024,0;10,0;V;20 a 24;40,0;10,0;4,0;2,0
10/2024;HJXXIII;2024,0;10,0;VI;25 a 29;55,0;11,0;6,05;4,0
10/2024;HJXXIII;2024,0;10,0;VII;30 a 34;75,0;2,0;1,5;2,0
10/2024;HJXXIII;2024,0;10,0;VIII;> 34;85,0;1,0;0,85;1,0
10/2024;HRAD;2024,0;10,0;I;0 a 4;4,0;0,0;0,0;0,0
10/2024;HRAD;2024,0;10,0;II;5 a 9;8,0;5,0;0,4;0,0
10/2024;HRAD;2024,0;10,0;III;10 a 14;15,0;2,0;0,3;0,0
10/2024;HRAD;2024,0;10,0;IV;15 a 19;25,0;10,0;2,5;0,0
10/2024;HRAD;2024,0;10,0;V;20 a 24;40,0;12,0;4,8;1,0
10/2024;HRAD;2024,0;10,0;VI;25 a 29;55,0;12,0;6,6;2,0
10/2024;HRAD;2024,0;10,0;VII;30 a 34;75,0;7,0;5,25;2,0
10/2024;HRAD;2024,0;10,0;VIII;> 34;85,0;10,0;8,5;7,0
10/2024;HRBJA;2024,0;10,0;I;0 a 4;4,0;0,0;0,0;0,0
10/2024;HRBJA;2024,0;10,0;II;5 a 9;8,0;2,0;0,16;0,0
10/2024;HRBJA;2024,0;10,0;III;10 a 14;15,0;16,0;2,4;2,0
10/2024;HRBJA;2024,0;10,0;IV;15 a 19;25,0;10,0;2,5;4,0
10/2024;HRBJA;2024,0;10,0;V;20 a 24;40,0;7,0;2,8;2,0
10/2024;HRBJA;2024,0;10,0;VI;25 a 29;55,0;7,0;3,85;5,0
10/2024;HRBJA;2024,0;10,0;VII;30 a 34;75,0;1,0;0,75;0,0
10/2024;HRBJA;2024,0;10,0;VIII;> 34;85,0;0,0;0,0;0,0
10/2024;HRJP;2024,0;10,0;I;0 a 4;4,0;0,0;0,0;0,0
10/2024;HRJP;2024,0;10,0;II;5 a 9;8,0;1,0;0,08;1,0
10/2024;HRJP;2024,0;10,0;III;10 a 14;15,0;10,0;1,5;1,0
10/2024;HRJP;2024,0;10,0;IV;15 a 19;25,0;10,0;2,5;2,0
10/2024;HRJP;2024,0;10,0;V;20 a 24;40,0;7,0;2,8;3,0
10/2024;HRJP;2024,0;10,0;VI;25 a 29;55,0;5,0;2,75;3,0
10/2024;HRJP;2024,0;10,0;VII;30 a 34;75,0;4,0;3,0;2,0
10/2024;HRJP;2024,0;10,0;VIII;> 34;85,0;2,0;1,7;0,0
10/2024;MOV;2024,0;10,0;I;0 a 4;4,0;4,0;0,16;0,0
10/2024;MOV;2024,0;10,0;II;5 a 9;8,0;8,0;0,64;0,0
10/2024;MOV;2024,0;10,0;III;10 a 14;15,0;17,0;2,55;0,0
10/2024;MOV;2024,0;10,0;IV;15 a 19;25,0;7,0;1,75;0,0
10/2024;MOV;2024,0;10,0;V;20 a 24;40,0;2,0;0,8;1,0
10/2024;MOV;2024,0;10,0;VI;25 a 29;55,0;2,0;1,1;1,0
10/2024;MOV;2024,0;10,0;VII;30 a 34;75,0;1,0;0,75;0,0
10/2024;MOV;2024,0;10,0;VIII;> 34;85,0;0,0;0,0;0,0
11/2024;HAC;2024,0;11,0;I;0 a 4;4,0;4,0;0,16;0,0
11/2024;HAC;2024,0;11,0;II;5 a 9;8,0;22,0;1,76;0,0
11/2024;HAC;2024,0;11,0;III;10 a 14;15,0;10,0;1,5;0,0
11/2024;HAC;2024,0;11,0;IV;15 a 19;25,0;3,0;0,75;0,0
11/2024;HAC;2024,0;11,0;V;20 a 24;40,0;3,0;1,2;3,0
11/2024;HAC;2024,0;11,0;VI;25 a 29;55,0;3,0;1,65;2,0
11/2024;HAC;2024,0;11,0;VII;30 a 34;75,0;2,0;1,5;2,0
11/2024;HAC;2024,0;11,0;VIII;> 34;85,0;0,0;0,0;0,0
11/2024;HEM;2024,0;11,0;I;0 a 4;4,0;1,0;0,04;0,0
11/2024;HEM;2024,0;11,0;II;5 a 9;8,0;8,0;0,64;2,0
11/2024;HEM;2024,0;11,0;III;10 a 14;15,0;3,0;0,45;0,0
11/2024;HEM;2024,0;11,0;IV;15 a 19;25,0;4,0;1,0;1,0
11/2024;HEM;2024,0;11,0;V;20 a 24;40,0;2,0;0,8;0,0
11/2024;HEM;2024,0;11,0;VI;25 a 29;55,0;4,0;2,2;2,0
11/2024;HEM;2024,0;11,0;VII;30 a 34;75,0;1,0;0,75;1,0
11/2024;HEM;2024,0;11,0;VIII;> 34;85,0;2,0;1,7;2,0
11/2024;HJK;2024,0;11,0;I;0 a 4;4,0;122,0;4,9;8,0
11/2024;HJK;2024,0;11,0;II;5 a 9;8,0;245,0;19,619999999999997;23,0
11/2024;HJK;2024,0;11,0;III;10 a 14;15,0;301,0;45,3;20,0
11/2024;HJK;2024,0;11,0;IV;15 a 19;25,0;284,0;71,1;38,0
11/2024;HJK;2024,0;11,0;V;20 a 24;40,0;168,0;67,2;36,0
11/2024;HJK;2024,0;11,0;VI;25 a 29;55,0;80,0;44,099999999999994;26,0
11/2024;HJK;2024,0;11,0;VII;30 a 34;75,0;42,0;31,6;18,0
11/2024;HJK;2024,0;11,0;VIII;> 34;85,0;20,0;17,1;15,0
11/2024;HJXXIII;2024,0;11,0;I;0 a 4;4,0;7,0;0,28;0,0
11/2024;HJXXIII;2024,0;11,0;II;5 a 9;8,0;23,0;1,84;2,0
11/2024;HJXXIII;2024,0;11,0;III;10 a 14;15,0;41,0;6,15;5,0
11/2024;HJXXIII;2024,0;11,0;IV;15 a 19;25,0;48,0;12,0;18,0
11/2024;HJXXIII;2024,0;11,0;V;20 a 24;40,0;20,0;8,0;8,0
11/2024;HJXXIII;2024,0;11,0;VI;25 a 29;55,0;15,0;8,25;10,0
11/2024;HJXXIII;2024,0;11,0;VII;30 a 34;75,0;2,0;1,5;2,0
11/2024;HJXXIII;2024,0;11,0;VIII;> 34;85,0;2,0;1,7;2,0
11/2024;HRAD;2024,0;11,0;I;0 a 4;4,0;0,0;0,0;0,0
11/2024;HRAD;2024,0;11,0;II;5 a 9;8,0;1,0;0,08;0,0
11/2024;HRAD;2024,0;11,0;III;10 a 14;15,0;4,0;0,6;0,0
11/2024;HRAD;2024,0;11,0;IV;15 a 19;25,0;9,0;2,25;0,0
11/2024;HRAD;2024,0;11,0;V;20 a 24;40,0;8,0;3,2;0,0
11/2024;HRAD;2024,0;11,0;VI;25 a 29;55,0;10,0;5,5;2,0
11/2024;HRAD;2024,0;11,0;VII;30 a 34;75,0;10,0;7,5;3,0
11/2024;HRAD;2024,0;11,0;VIII;> 34;85,0;5,0;4,25;2,0
11/2024;HRBJA;2024,0;11,0;I;0 a 4;4,0;3,0;0,12;0,0
11/2024;HRBJA;2024,0;11,0;II;5 a 9;8,0;9,0;0,72;1,0
11/2024;HRBJA;2024,0;11,0;III;10 a 14;15,0;19,0;2,85;2,0
11/2024;HRBJA;2024,0;11,0;IV;15 a 19;25,0;9,0;2,25;4,0
11/2024;HRBJA;2024,0;11,0;V;20 a 24;40,0;4,0;1,6;2,0
11/2024;HRBJA;2024,0;11,0;VI;25 a 29;55,0;1,0;0,55;1,0
11/2024;HRBJA;2024,0;11,0;VII;30 a 34;75,0;2,0;1,5;1,0
11/2024;HRBJA;2024,0;11,0;VIII;> 34;85,0;0,0;0,0;0,0
11/2024;HRJP;2024,0;11,0;I;0 a 4;4,0;0,0;0,0;0,0
11/2024;HRJP;2024,0;11,0;II;5 a 9;8,0;5,0;0,4;0,0
11/2024;HRJP;2024,0;11,0;III;10 a 14;15,0;9,0;1,35;0,0
11/2024;HRJP;2024,0;11,0;IV;15 a 19;25,0;8,0;2,0;1,0
11/2024;HRJP;2024,0;11,0;V;20 a 24;40,0;9,0;3,6;3,0
11/2024;HRJP;2024,0;11,0;VI;25 a 29;55,0;5,0;2,75;4,0
11/2024;HRJP;2024,0;11,0;VII;30 a 34;75,0;1,0;0,75;0,0
11/2024;HRJP;2024,0;11,0;VIII;> 34;85,0;0,0;0,0;0,0
11/2024;MOV;2024,0;11,0;I;0 a 4;4,0;2,0;0,08;0,0
11/2024;MOV;2024,0;11,0;II;5 a 9;8,0;2,0;0,16;0,0
11/2024;MOV;2024,0;11,0;III;10 a 14;15,0;9,0;1,35;0,0
11/2024;MOV;2024,0;11,0;IV;15 a 19;25,0;7,0;1,75;0,0
11/2024;MOV;2024,0;11,0;V;20 a 24;40,0;2,0;0,8;1,0
11/2024;MOV;2024,0;11,0;VI;25 a 29;55,0;1,0;0,55;1,0
11/2024;MOV;2024,0;11,0;VII;30 a 34;75,0;1,0;0,75;0,0
11/2024;MOV;2024,0;11,0;VIII;> 34;85,0;0,0;0,0;0,0
12/2024;HAC;2024,0;12,0;I;0 a 4;4,0;2,0;0,08;0,0
12/2024;HAC;2024,0;12,0;II;5 a 9;8,0;14,0;1,12;0,0
12/2024;HAC;2024,0;12,0;III;10 a 14;15,0;14,0;2,1;0,0
12/2024;HAC;2024,0;12,0;IV;15 a 19;25,0;4,0;1,0;0,0
12/2024;HAC;2024,0;12,0;V;20 a 24;40,0;0,0;0,0;0,0
12/2024;HAC;2024,0;12,0;VI;25 a 29;55,0;2,0;1,1;0,0
12/2024;HAC;2024,0;12,0;VII;30 a 34;75,0;1,0;0,75;1,0
12/2024;HAC;2024,0;12,0;VIII;> 34;85,0;0,0;0,0;0,0
12/2024;HEM;2024,0;12,0;I;0 a 4;4,0;2,0;0,08;0,0
12/2024;HEM;2024,0;12,0;II;5 a 9;8,0;12,0;0,96;1,0
12/2024;HEM;2024,0;12,0;III;10 a 14;15,0;11,0;1,65;1,0
12/2024;HEM;2024,0;12,0;IV;15 a 19;25,0;5,0;1,25;3,0
12/2024;HEM;2024,0;12,0;V;20 a 24;40,0;4,0;1,6;2,0
12/2024;HEM;2024,0;12,0;VI;25 a 29;55,0;4,0;2,2;3,0
12/2024;HEM;2024,0;12,0;VII;30 a 34;75,0;0,0;0,0;0,0
12/2024;HEM;2024,0;12,0;VIII;> 34;85,0;0,0;0,0;0,0
12/2024;HJK;2024,0;12,0;I;0 a 4;4,0;117,0;4,699999999999999;8,0
12/2024;HJK;2024,0;12,0;II;5 a 9;8,0;256,0;20,5;26,0
12/2024;HJK;2024,0;12,0;III;10 a 14;15,0;303,0;45,6;21,0
12/2024;HJK;2024,0;12,0;IV;15 a 19;25,0;288,0;72,1;32,0
12/2024;HJK;2024,0;12,0;V;20 a 24;40,0;181,0;72,4;41,0
12/2024;HJK;2024,0;12,0;VI;25 a 29;55,0;89,0;49,05;32,0
12/2024;HJK;2024,0;12,0;VII;30 a 34;75,0;43,0;32,35;20,0
12/2024;HJK;2024,0;12,0;VIII;> 34;85,0;20,0;17,1;16,0
12/2024;HJXXIII;2024,0;12,0;I;0 a 4;4,0;14,0;0,56;0,0
12/2024;HJXXIII;2024,0;12,0;II;5 a 9;8,0;21,0;1,68;0,0
12/2024;HJXXIII;2024,0;12,0;III;10 a 14;15,0;27,0;4,05;4,0
12/2024;HJXXIII;2024,0;12,0;IV;15 a 19;25,0;33,0;8,25;6,0
12/2024;HJXXIII;2024,0;12,0;V;20 a 24;40,0;24,0;9,6;7,0
12/2024;HJXXIII;2024,0;12,0;VI;25 a 29;55,0;12,0;6,6;6,0
12/2024;HJXXIII;2024,0;12,0;VII;30 a 34;75,0;7,0;5,25;6,0
12/2024;HJXXIII;2024,0;12,0;VIII;> 34;85,0;0,0;0,0;0,0
12/2024;HRAD;2024,0;12,0;I;0 a 4;4,0;0,0;0,0;0,0
12/2024;HRAD;2024,0;12,0;II;5 a 9;8,0;0,0;0,0;0,0
12/2024;HRAD;2024,0;12,0;III;10 a 14;15,0;3,0;0,45;0,0
12/2024;HRAD;2024,0;12,0;IV;15 a 19;25,0;7,0;1,75;0,0
12/2024;HRAD;2024,0;12,0;V;20 a 24;40,0;4,0;1,6;1,0
12/2024;HRAD;2024,0;12,0;VI;25 a 29;55,0;6,0;3,3;1,0
12/2024;HRAD;2024,0;12,0;VII;30 a 34;75,0;12,0;9,0;2,0
12/2024;HRAD;2024,0;12,0;VIII;> 34;85,0;7,0;5,95;5,0
12/2024;HRBJA;2024,0;12,0;I;0 a 4;4,0;3,0;0,12;0,0
12/2024;HRBJA;2024,0;12,0;II;5 a 9;8,0;6,0;0,48;1,0
12/2024;HRBJA;2024,0;12,0;III;10 a 14;15,0;11,0;1,65;0,0
12/2024;HRBJA;2024,0;12,0;IV;15 a 19;25,0;18,0;4,5;4,0
12/2024;HRBJA;2024,0;12,0;V;20 a 24;40,0;3,0;1,2;1,0
12/2024;HRBJA;2024,0;12,0;VI;25 a 29;55,0;3,0;1,65;2,0
12/2024;HRBJA;2024,0;12,0;VII;30 a 34;75,0;3,0;2,25;3,0
12/2024;HRBJA;2024,0;12,0;VIII;> 34;85,0;1,0;0,85;1,0
12/2024;HRJP;2024,0;12,0;I;0 a 4;4,0;1,0;0,04;0,0
12/2024;HRJP;2024,0;12,0;II;5 a 9;8,0;5,0;0,4;1,0
12/2024;HRJP;2024,0;12,0;III;10 a 14;15,0;10,0;1,5;1,0
12/2024;HRJP;2024,0;12,0;IV;15 a 19;25,0;12,0;3,0;1,0
12/2024;HRJP;2024,0;12,0;V;20 a 24;40,0;12,0;4,8;7,0
12/2024;HRJP;2024,0;12,0;VI;25 a 29;55,0;5,0;2,75;4,0
12/2024;HRJP;2024,0;12,0;VII;30 a 34;75,0;4,0;3,0;4,0
12/2024;HRJP;2024,0;12,0;VIII;> 34;85,0;1,0;0,85;1,0
12/2024;MOV;2024,0;12,0;I;0 a 4;4,0;0,0;0,0;0,0
12/2024;MOV;2024,0;12,0;II;5 a 9;8,0;3,0;0,24;0,0
12/2024;MOV;2024,0;12,0;III;10 a 14;15,0;5,0;0,75;0,0
12/2024;MOV;2024,0;12,0;IV;15 a 19;25,0;5,0;1,25;0,0
12/2024;MOV;2024,0;12,0;V;20 a 24;40,0;0,0;0,0;0,0
12/2024;MOV;2024,0;12,0;VI;25 a 29;55,0;0,0;0,0;0,0
12/2024;MOV;2024,0;12,0;VII;30 a 34;75,0;0,0;0,0;0,0
12/2024;MOV;2024,0;12,0;VIII;> 34;85,0;0,0;0,0;0,0
01/2025;HAC;2025,0;1,0;I;0 a 4;4,0;3,0;0,12;0,0
01/2025;HAC;2025,0;1,0;II;5 a 9;8,0;17,0;1,36;0,0
01/2025;HAC;2025,0;1,0;III;10 a 14;15,0;12,0;1,8;1,0
01/2025;HAC;2025,0;1,0;IV;15 a 19;25,0;7,0;1,75;1,0
01/2025;HAC;2025,0;1,0;V;20 a 24;40,0;4,0;1,6;3,0
01/2025;HAC;2025,0;1,0;VI;25 a 29;55,0;2,0;1,1;1,0
01/2025;HAC;2025,0;1,0;VII;30 a 34;75,0;1,0;0,75;1,0
01/2025;HAC;2025,0;1,0;VIII;> 34;85,0;0,0;0,0;0,0
01/2025;HEM;2025,0;1,0;I;0 a 4;4,0;1,0;0,04;0,0
01/2025;HEM;2025,0;1,0;II;5 a 9;8,0;11,0;0,88;1,0
01/2025;HEM;2025,0;1,0;III;10 a 14;15,0;10,0;1,5;0,0
01/2025;HEM;2025,0;1,0;IV;15 a 19;25,0;6,0;1,5;1,0
01/2025;HEM;2025,0;1,0;V;20 a 24;40,0;5,0;2,0;0,0
01/2025;HEM;2025,0;1,0;VI;25 a 29;55,0;5,0;2,75;1,0
01/2025;HEM;2025,0;1,0;VII;30 a 34;75,0;0,0;0,0;0,0
01/2025;HEM;2025,0;1,0;VIII;> 34;85,0;2,0;1,7;1,0
01/2025;HJK;2025,0;1,0;I;0 a 4;4,0;117,0;4,699999999999999;8,0
01/2025;HJK;2025,0;1,0;II;5 a 9;8,0;255,0;20,419999999999998;25,0
01/2025;HJK;2025,0;1,0;III;10 a 14;15,0;292,0;43,95;19,0
01/2025;HJK;2025,0;1,0;IV;15 a 19;25,0;288,0;72,1;39,0
01/2025;HJK;2025,0;1,0;V;20 a 24;40,0;168,0;67,2;34,0
01/2025;HJK;2025,0;1,0;VI;25 a 29;55,0;81,0;44,65;28,0
01/2025;HJK;2025,0;1,0;VII;30 a 34;75,0;41,0;30,85;19,0
01/2025;HJK;2025,0;1,0;VIII;> 34;85,0;19,0;16,25;15,0
01/2025;HJXXIII;2025,0;1,0;I;0 a 4;4,0;12,0;0,48;0,0
01/2025;HJXXIII;2025,0;1,0;II;5 a 9;8,0;29,0;2,32;1,0
01/2025;HJXXIII;2025,0;1,0;III;10 a 14;15,0;42,0;6,3;3,0
01/2025;HJXXIII;2025,0;1,0;IV;15 a 19;25,0;40,0;10,0;2,0
01/2025;HJXXIII;2025,0;1,0;V;20 a 24;40,0;21,0;8,4;6,0
01/2025;HJXXIII;2025,0;1,0;VI;25 a 29;55,0;6,0;3,3;2,0
01/2025;HJXXIII;2025,0;1,0;VII;30 a 34;75,0;6,0;4,5;6,0
01/2025;HJXXIII;2025,0;1,0;VIII;> 34;85,0;1,0;0,85;0,0
01/2025;HRAD;2025,0;1,0;I;0 a 4;4,0;0,0;0,0;0,0
01/2025;HRAD;2025,0;1,0;II;5 a 9;8,0;0,0;0,0;0,0
01/2025;HRAD;2025,0;1,0;III;10 a 14;15,0;1,0;0,15;0,0
01/2025;HRAD;2025,0;1,0;IV;15 a 19;25,0;6,0;1,5;1,0
01/2025;HRAD;2025,0;1,0;V;20 a 24;40,0;6,0;2,4;1,0
01/2025;HRAD;2025,0;1,0;VI;25 a 29;55,0;12,0;6,6;0,0
01/2025;HRAD;2025,0;1,0;VII;30 a 34;75,0;5,0;3,75;1,0
01/2025;HRAD;2025,0;1,0;VIII;> 34;85,0;6,0;5,1;0,0
01/2025;HRBJA;2025,0;1,0;I;0 a 4;4,0;5,0;0,2;2,0
01/2025;HRBJA;2025,0;1,0;II;5 a 9;8,0;11,0;0,88;0,0
01/2025;HRBJA;2025,0;1,0;III;10 a 14;15,0;23,0;3,45;6,0
01/2025;HRBJA;2025,0;1,0;IV;15 a 19;25,0;22,0;5,5;8,0
01/2025;HRBJA;2025,0;1,0;V;20 a 24;40,0;5,0;2,0;4,0
01/2025;HRBJA;2025,0;1,0;VI;25 a 29;55,0;4,0;2,2;3,0
01/2025;HRBJA;2025,0;1,0;VII;30 a 34;75,0;2,0;1,5;2,0
01/2025;HRBJA;2025,0;1,0;VIII;> 34;85,0;1,0;0,85;1,0
01/2025;HRJP;2025,0;1,0;I;0 a 4;4,0;1,0;0,04;0,0
01/2025;HRJP;2025,0;1,0;II;5 a 9;8,0;1,0;0,08;0,0
01/2025;HRJP;2025,0;1,0;III;10 a 14;15,0;3,0;0,45;0,0
01/2025;HRJP;2025,0;1,0;IV;15 a 19;25,0;1,0;0,25;0,0
01/2025;HRJP;2025,0;1,0;V;20 a 24;40,0;4,0;1,6;0,0
01/2025;HRJP;2025,0;1,0;VI;25 a 29;55,0;2,0;1,1;2,0
01/2025;HRJP;2025,0;1,0;VII;30 a 34;75,0;4,0;3,0;2,0
01/2025;HRJP;2025,0;1,0;VIII;> 34;85,0;1,0;0,85;0,0
01/2025;MOV;2025,0;1,0;I;0 a 4;4,0;0,0;0,0;0,0
01/2025;MOV;2025,0;1,0;II;5 a 9;8,0;2,0;0,16;0,0
01/2025;MOV;2025,0;1,0;III;10 a 14;15,0;0,0;0,0;0,0
01/2025;MOV;2025,0;1,0;IV;15 a 19;25,0;3,0;0,75;0,0
01/2025;MOV;2025,0;1,0;V;20 a 24;40,0;0,0;0,0;0,0
01/2025;MOV;2025,0;1,0;VI;25 a 29;55,0;0,0;0,0;0,0
01/2025;MOV;2025,0;1,0;VII;30 a 34;75,0;1,0;0,75;1,0
01/2025;MOV;2025,0;1,0;VIII;> 34;85,0;0,0;0,0;0,0
02/2025;HAC;2025,0;2,0;I;0 a 4;4,0;2,0;0,08;0,0
02/2025;HAC;2025,0;2,0;II;5 a 9;8,0;23,0;1,84;0,0
02/2025;HAC;2025,0;2,0;III;10 a 14;15,0;14,0;2,1;1,0
02/2025;HAC;2025,0;2,0;IV;15 a 19;25,0;4,0;1,0;2,0
02/2025;HAC;2025,0;2,0;V;20 a 24;40,0;1,0;0,4;1,0
02/2025;HAC;2025,0;2,0;VI;25 a 29;55,0;0,0;0,0;0,0
02/2025;HAC;2025,0;2,0;VII;30 a 34;75,0;1,0;0,75;1,0
02/2025;HAC;2025,0;2,0;VIII;> 34;85,0;1,0;0,85;1,0
02/2025;HEM;2025,0;2,0;I;0 a 4;4,0;2,0;0,08;1,0
02/2025;HEM;2025,0;2,0;II;5 a 9;8,0;10,0;0,8;0,0
02/2025;HEM;2025,0;2,0;III;10 a 14;15,0;8,0;1,2;3,0
02/2025;HEM;2025,0;2,0;IV;15 a 19;25,0;5,0;1,25;2,0
02/2025;HEM;2025,0;2,0;V;20 a 24;40,0;4,0;1,6;2,0
02/2025;HEM;2025,0;2,0;VI;25 a 29;55,0;2,0;1,1;0,0
02/2025;HEM;2025,0;2,0;VII;30 a 34;75,0;1,0;0,75;0,0
02/2025;HEM;2025,0;2,0;VIII;> 34;85,0;0,0;0,0;0,0
02/2025;HJK;2025,0;2,0;I;0 a 4;4,0;118,0;4,74;8,0
02/2025;HJK;2025,0;2,0;II;5 a 9;8,0;244,0;19,54;23,0
02/2025;HJK;2025,0;2,0;III;10 a 14;15,0;303,0;45,6;16,0
02/2025;HJK;2025,0;2,0;IV;15 a 19;25,0;272,0;68,1;36,0
02/2025;HJK;2025,0;2,0;V;20 a 24;40,0;176,0;70,4;38,0
02/2025;HJK;2025,0;2,0;VI;25 a 29;55,0;82,0;45,2;27,0
02/2025;HJK;2025,0;2,0;VII;30 a 34;75,0;40,0;30,1;20,0
02/2025;HJK;2025,0;2,0;VIII;> 34;85,0;23,0;19,65;18,0
02/2025;HJXXIII;2025,0;2,0;I;0 a 4;4,0;12,0;0,48;0,0
02/2025;HJXXIII;2025,0;2,0;II;5 a 9;8,0;27,0;2,16;0,0
02/2025;HJXXIII;2025,0;2,0;III;10 a 14;15,0;36,0;5,4;1,0
02/2025;HJXXIII;2025,0;2,0;IV;15 a 19;25,0;27,0;6,75;5,0
02/2025;HJXXIII;2025,0;2,0;V;20 a 24;40,0;26,0;10,4;6,0
02/2025;HJXXIII;2025,0;2,0;VI;25 a 29;55,0;9,0;4,95;4,0
02/2025;HJXXIII;2025,0;2,0;VII;30 a 34;75,0;4,0;3,0;2,0
02/2025;HJXXIII;2025,0;2,0;VIII;> 34;85,0;1,0;0,85;1,0
02/2025;HRAD;2025,0;2,0;I;0 a 4;4,0;0,0;0,0;0,0
02/2025;HRAD;2025,0;2,0;II;5 a 9;8,0;1,0;0,08;0,0
02/2025;HRAD;2025,0;2,0;III;10 a 14;15,0;3,0;0,45;0,0
02/2025;HRAD;2025,0;2,0;IV;15 a 19;25,0;6,0;1,5;0,0
02/2025;HRAD;2025,0;2,0;V;20 a 24;40,0;9,0;3,6;1,0
02/2025;HRAD;2025,0;2,0;VI;25 a 29;55,0;14,0;7,7;5,0
02/2025;HRAD;2025,0;2,0;VII;30 a 34;75,0;8,0;6,0;4,0
02/2025;HRAD;2025,0;2,0;VIII;> 34;85,0;10,0;8,5;3,0
02/2025;HRBJA;2025,0;2,0;I;0 a 4;4,0;3,0;0,12;0,0
02/2025;HRBJA;2025,0;2,0;II;5 a 9;8,0;9,0;0,72;0,0
02/2025;HRBJA;2025,0;2,0;III;10 a 14;15,0;15,0;2,25;4,0
02/2025;HRBJA;2025,0;2,0;IV;15 a 19;25,0;13,0;3,25;4,0
02/2025;HRBJA;2025,0;2,0;V;20 a 24;40,0;5,0;2,0;3,0
02/2025;HRBJA;2025,0;2,0;VI;25 a 29;55,0;2,0;1,1;0,0
02/2025;HRBJA;2025,0;2,0;VII;30 a 34;75,0;1,0;0,75;0,0
02/2025;HRBJA;2025,0;2,0;VIII;> 34;85,0;0,0;0,0;0,0
02/2025;HRJP;2025,0;2,0;I;0 a 4;4,0;0,0;0,0;0,0
02/2025;HRJP;2025,0;2,0;II;5 a 9;8,0;3,0;0,24;0,0
02/2025;HRJP;2025,0;2,0;III;10 a 14;15,0;5,0;0,75;0,0
02/2025;HRJP;2025,0;2,0;IV;15 a 19;25,0;2,0;0,5;0,0
02/2025;HRJP;2025,0;2,0;V;20 a 24;40,0;3,0;1,2;0,0
02/2025;HRJP;2025,0;2,0;VI;25 a 29;55,0;6,0;3,3;2,0
02/2025;HRJP;2025,0;2,0;VII;30 a 34;75,0;2,0;1,5;1,0
02/2025;HRJP;2025,0;2,0;VIII;> 34;85,0;0,0;0,0;0,0
02/2025;MOV;2025,0;2,0;I;0 a 4;4,0;0,0;0,0;0,0
02/2025;MOV;2025,0;2,0;II;5 a 9;8,0;1,0;0,08;0,0
02/2025;MOV;2025,0;2,0;III;10 a 14;15,0;2,0;0,3;0,0
02/2025;MOV;2025,0;2,0;IV;15 a 19;25,0;0,0;0,0;0,0
02/2025;MOV;2025,0;2,0;V;20 a 24;40,0;1,0;0,4;0,0
02/2025;MOV;2025,0;2,0;VI;25 a 29;55,0;1,0;0,55;0,0
02/2025;MOV;2025,0;2,0;VII;30 a 34;75,0;0,0;0,0;0,0
02/2025;MOV;2025,0;2,0;VIII;> 34;85,0;0,0;0,0;0,0
03/2025;HAC;2025,0;3,0;I;0 a 4;4,0;0,0;0,0;0,0
03/2025;HAC;2025,0;3,0;II;5 a 9;8,0;6,0;0,48;0,0
03/2025;HAC;2025,0;3,0;III;10 a 14;15,0;17,0;2,55;0,0
03/2025;HAC;2025,0;3,0;IV;15 a 19;25,0;14,0;3,5;1,0
03/2025;HAC;2025,0;3,0;V;20 a 24;40,0;7,0;2,8;0,0
03/2025;HAC;2025,0;3,0;VI;25 a 29;55,0;2,0;1,1;1,0
03/2025;HAC;2025,0;3,0;VII;30 a 34;75,0;2,0;1,5;2,0
03/2025;HAC;2025,0;3,0;VIII;> 34;85,0;0,0;0,0;0,0
03/2025;HEM;2025,0;3,0;I;0 a 4;4,0;3,0;0,12;0,0
03/2025;HEM;2025,0;3,0;II;5 a 9;8,0;12,0;0,96;0,0
03/2025;HEM;2025,0;3,0;III;10 a 14;15,0;7,0;1,05;0,0
03/2025;HEM;2025,0;3,0;IV;15 a 19;25,0;5,0;1,25;1,0
03/2025;HEM;2025,0;3,0;V;20 a 24;40,0;2,0;0,8;1,0
03/2025;HEM;2025,0;3,0;VI;25 a 29;55,0;4,0;2,2;4,0
03/2025;HEM;2025,0;3,0;VII;30 a 34;75,0;3,0;2,25;3,0
03/2025;HEM;2025,0;3,0;VIII;> 34;85,0;1,0;0,85;0,0
03/2025;HJK;2025,0;3,0;I;0 a 4;4,0;118,0;4,74;8,0
03/2025;HJK;2025,0;3,0;II;5 a 9;8,0;248,0;19,86;24,0
03/2025;HJK;2025,0;3,0;III;10 a 14;15,0;324,0;48,75;20,0
03/2025;HJK;2025,0;3,0;IV;15 a 19;25,0;282,0;70,6;35,0
03/2025;HJK;2025,0;3,0;V;20 a 24;40,0;172,0;68,8;35,0
03/2025;HJK;2025,0;3,0;VI;25 a 29;55,0;75,0;41,349999999999994;25,0
03/2025;HJK;2025,0;3,0;VII;30 a 34;75,0;39,0;29,35;19,0
03/2025;HJK;2025,0;3,0;VIII;> 34;85,0;21,0;17,95;15,0
03/2025;HJXXIII;2025,0;3,0;I;0 a 4;4,0;11,0;0,44;0,0
03/2025;HJXXIII;2025,0;3,0;II;5 a 9;8,0;31,0;2,48;0,0
03/2025;HJXXIII;2025,0;3,0;III;10 a 14;15,0;36,0;5,4;3,0
03/2025;HJXXIII;2025,0;3,0;IV;15 a 19;25,0;44,0;11,0;4,0
03/2025;HJXXIII;2025,0;3,0;V;20 a 24;40,0;23,0;9,2;8,0
03/2025;HJXXIII;2025,0;3,0;VI;25 a 29;55,0;11,0;6,05;10,0
03/2025;HJXXIII;2025,0;3,0;VII;30 a 34;75,0;8,0;6,0;6,0
03/2025;HJXXIII;2025,0;3,0;VIII;> 34;85,0;0,0;0,0;0,0
03/2025;HRAD;2025,0;3,0;I;0 a 4;4,0;0,0;0,0;0,0
03/2025;HRAD;2025,0;3,0;II;5 a 9;8,0;0,0;0,0;0,0
03/2025;HRAD;2025,0;3,0;III;10 a 14;15,0;4,0;0,6;0,0
03/2025;HRAD;2025,0;3,0;IV;15 a 19;25,0;9,0;2,25;0,0
03/2025;HRAD;2025,0;3,0;V;20 a 24;40,0;3,0;1,2;0,0
03/2025;HRAD;2025,0;3,0;VI;25 a 29;55,0;9,0;4,95;1,0
03/2025;HRAD;2025,0;3,0;VII;30 a 34;75,0;9,0;6,75;1,0
03/2025;HRAD;2025,0;3,0;VIII;> 34;85,0;12,0;10,2;4,0
03/2025;HRBJA;2025,0;3,0;I;0 a 4;4,0;7,0;0,28;0,0
03/2025;HRBJA;2025,0;3,0;II;5 a 9;8,0;13,0;1,04;0,0
03/2025;HRBJA;2025,0;3,0;III;10 a 14;15,0;15,0;2,25;1,0
03/2025;HRBJA;2025,0;3,0;IV;15 a 19;25,0;15,0;3,75;2,0
03/2025;HRBJA;2025,0;3,0;V;20 a 24;40,0;17,0;6,8;6,0
03/2025;HRBJA;2025,0;3,0;VI;25 a 29;55,0;9,0;4,95;6,0
03/2025;HRBJA;2025,0;3,0;VII;30 a 34;75,0;4,0;3,0;3,0
03/2025;HRBJA;2025,0;3,0;VIII;> 34;85,0;3,0;2,55;3,0
03/2025;HRJP;2025,0;3,0;I;0 a 4;4,0;1,0;0,04;0,0
03/2025;HRJP;2025,0;3,0;II;5 a 9;8,0;7,0;0,56;1,0
03/2025;HRJP;2025,0;3,0;III;10 a 14;15,0;18,0;2,7;1,0
03/2025;HRJP;2025,0;3,0;IV;15 a 19;25,0;7,0;1,75;2,0
03/2025;HRJP;2025,0;3,0;V;20 a 24;40,0;1,0;0,4;1,0
03/2025;HRJP;2025,0;3,0;VI;25 a 29;55,0;2,0;1,1;2,0
03/2025;HRJP;2025,0;3,0;VII;30 a 34;75,0;1,0;0,75;1,0
03/2025;HRJP;2025,0;3,0;VIII;> 34;85,0;1,0;0,85;1,0
03/2025;MOV;2025,0;3,0;I;0 a 4;4,0;2,0;0,08;0,0
03/2025;MOV;2025,0;3,0;II;5 a 9;8,0;8,0;0,64;0,0
03/2025;MOV;2025,0;3,0;III;10 a 14;15,0;9,0;1,35;0,0
03/2025;MOV;2025,0;3,0;IV;15 a 19;25,0;7,0;1,75;1,0
03/2025;MOV;2025,0;3,0;V;20 a 24;40,0;0,0;0,0;0,0
03/2025;MOV;2025,0;3,0;VI;25 a 29;55,0;1,0;0,55;0,0
03/2025;MOV;2025,0;3,0;VII;30 a 34;75,0;0,0;0,0;0,0
03/2025;MOV;2025,0;3,0;VIII;> 34;85,0;0,0;0,0;0,0
04/2025;HAC;2025,0;4,0;I;0 a 4;4,0;0,0;0,0;0,0
04/2025;HAC;2025,0;4,0;II;5 a 9;8,0;3,0;0,24;0,0
04/2025;HAC;2025,0;4,0;III;10 a 14;15,0;7,0;1,05;1,0
04/2025;HAC;2025,0;4,0;IV;15 a 19;25,0;10,0;2,5;2,0
04/2025;HAC;2025,0;4,0;V;20 a 24;40,0;4,0;1,6;0,0
04/2025;HAC;2025,0;4,0;VI;25 a 29;55,0;1,0;0,55;1,0
04/2025;HAC;2025,0;4,0;VII;30 a 34;75,0;0,0;0,0;0,0
04/2025;HAC;2025,0;4,0;VIII;> 34;85,0;2,0;1,7;2,0
04/2025;HEM;2025,0;4,0;I;0 a 4;4,0;4,0;0,16;0,0
04/2025;HEM;2025,0;4,0;II;5 a 9;8,0;8,0;0,64;2,0
04/2025;HEM;2025,0;4,0;III;10 a 14;15,0;9,0;1,35;1,0
04/2025;HEM;2025,0;4,0;IV;15 a 19;25,0;4,0;1,0;0,0
04/2025;HEM;2025,0;4,0;V;20 a 24;40,0;4,0;1,6;3,0
04/2025;HEM;2025,0;4,0;VI;25 a 29;55,0;3,0;1,65;2,0
04/2025;HEM;2025,0;4,0;VII;30 a 34;75,0;3,0;2,25;2,0
04/2025;HEM;2025,0;4,0;VIII;> 34;85,0;0,0;0,0;0,0
04/2025;HJK;2025,0;4,0;I;0 a 4;4,0;122,0;4,9;8,0
04/2025;HJK;2025,0;4,0;II;5 a 9;8,0;255,0;20,419999999999998;25,0
04/2025;HJK;2025,0;4,0;III;10 a 14;15,0;282,0;42,45;20,0
04/2025;HJK;2025,0;4,0;IV;15 a 19;25,0;275,0;68,85;35,0
04/2025;HJK;2025,0;4,0;V;20 a 24;40,0;176,0;70,4;36,0
04/2025;HJK;2025,0;4,0;VI;25 a 29;55,0;78,0;43,0;29,0
04/2025;HJK;2025,0;4,0;VII;30 a 34;75,0;42,0;31,6;20,0
04/2025;HJK;2025,0;4,0;VIII;> 34;85,0;20,0;17,1;16,0
04/2025;HJXXIII;2025,0;4,0;I;0 a 4;4,0;11,0;0,44;0,0
04/2025;HJXXIII;2025,0;4,0;II;5 a 9;8,0;34,0;2,72;0,0
04/2025;HJXXIII;2025,0;4,0;III;10 a 14;15,0;34,0;5,1;1,0
04/2025;HJXXIII;2025,0;4,0;IV;15 a 19;25,0;39,0;9,75;6,0
04/2025;HJXXIII;2025,0;4,0;V;20 a 24;40,0;28,0;11,2;8,0
04/2025;HJXXIII;2025,0;4,0;VI;25 a 29;55,0;10,0;5,5;4,0
04/2025;HJXXIII;2025,0;4,0;VII;30 a 34;75,0;5,0;3,75;4,0
04/2025;HJXXIII;2025,0;4,0;VIII;> 34;85,0;1,0;0,85;1,0
04/2025;HRAD;2025,0;4,0;I;0 a 4;4,0;0,0;0,0;0,0
04/2025;HRAD;2025,0;4,0;II;5 a 9;8,0;0,0;0,0;0,0
04/2025;HRAD;2025,0;4,0;III;10 a 14;15,0;0,0;0,0;0,0
04/2025;HRAD;2025,0;4,0;IV;15 a 19;25,0;3,0;0,75;0,0
04/2025;HRAD;2025,0;4,0;V;20 a 24;40,0;8,0;3,2;1,0
04/2025;HRAD;2025,0;4,0;VI;25 a 29;55,0;6,0;3,3;1,0
04/2025;HRAD;2025,0;4,0;VII;30 a 34;75,0;12,0;9,0;4,0
04/2025;HRAD;2025,0;4,0;VIII;> 34;85,0;12,0;10,2;6,0
04/2025;HRBJA;2025,0;4,0;I;0 a 4;4,0;4,0;0,16;0,0
04/2025;HRBJA;2025,0;4,0;II;5 a 9;8,0;11,0;0,88;0,0
04/2025;HRBJA;2025,0;4,0;III;10 a 14;15,0;12,0;1,8;0,0
04/2025;HRBJA;2025,0;4,0;IV;15 a 19;25,0;18,0;4,5;2,0
04/2025;HRBJA;2025,0;4,0;V;20 a 24;40,0;11,0;4,4;2,0
04/2025;HRBJA;2025,0;4,0;VI;25 a 29;55,0;11,0;6,05;3,0
04/2025;HRBJA;2025,0;4,0;VII;30 a 34;75,0;5,0;3,75;2,0
04/2025;HRBJA;2025,0;4,0;VIII;> 34;85,0;4,0;3,4;2,0
04/2025;HRJP;2025,0;4,0;I;0 a 4;4,0;0,0;0,0;0,0
04/2025;HRJP;2025,0;4,0;II;5 a 9;8,0;3,0;0,24;1,0
04/2025;HRJP;2025,0;4,0;III;10 a 14;15,0;9,0;1,35;2,0
04/2025;HRJP;2025,0;4,0;IV;15 a 19;25,0;10,0;2,5;2,0
04/2025;HRJP;2025,0;4,0;V;20 a 24;40,0;3,0;1,2;1,0
04/2025;HRJP;2025,0;4,0;VI;25 a 29;55,0;3,0;1,65;1,0
04/2025;HRJP;2025,0;4,0;VII;30 a 34;75,0;1,0;0,75;1,0
04/2025;HRJP;2025,0;4,0;VIII;> 34;85,0;1,0;0,85;1,0
04/2025;MOV;2025,0;4,0;I;0 a 4;4,0;0,0;0,0;0,0
04/2025;MOV;2025,0;4,0;II;5 a 9;8,0;5,0;0,4;0,0
04/2025;MOV;2025,0;4,0;III;10 a 14;15,0;9,0;1,35;0,0
04/2025;MOV;2025,0;4,0;IV;15 a 19;25,0;8,0;2,0;1,0
04/2025;MOV;2025,0;4,0;V;20 a 24;40,0;1,0;0,4;0,0
04/2025;MOV;2025,0;4,0;VI;25 a 29;55,0;0,0;0,0;0,0
04/2025;MOV;2025,0;4,0;VII;30 a 34;75,0;0,0;0,0;0,0
04/2025;MOV;2025,0;4,0;VIII;> 34;85,0;1,0;0,85;1,0
05/2025;HAC;2025,0;5,0;I;0 a 4;4,0;1,0;0,04;0,0
05/2025;HAC;2025,0;5,0;II;5 a 9;8,0;6,0;0,48;1,0
05/2025;HAC;2025,0;5,0;III;10 a 14;15,0;17,0;2,55;2,0
05/2025;HAC;2025,0;5,0;IV;15 a 19;25,0;13,0;3,25;0,0
05/2025;HAC;2025,0;5,0;V;20 a 24;40,0;4,0;1,6;3,0
05/2025;HAC;2025,0;5,0;VI;25 a 29;55,0;0,0;0,0;0,0
05/2025;HAC;2025,0;5,0;VII;30 a 34;75,0;1,0;0,75;1,0
05/2025;HAC;2025,0;5,0;VIII;> 34;85,0;1,0;0,85;1,0
05/2025;HEM;2025,0;5,0;I;0 a 4;4,0;4,0;0,16;1,0
05/2025;HEM;2025,0;5,0;II;5 a 9;8,0;6,0;0,48;0,0
05/2025;HEM;2025,0;5,0;III;10 a 14;15,0;7,0;1,05;0,0
05/2025;HEM;2025,0;5,0;IV;15 a 19;25,0;7,0;1,75;0,0
05/2025;HEM;2025,0;5,0;V;20 a 24;40,0;1,0;0,4;0,0
05/2025;HEM;2025,0;5,0;VI;25 a 29;55,0;3,0;1,65;2,0
05/2025;HEM;2025,0;5,0;VII;30 a 34;75,0;4,0;3,0;4,0
05/2025;HEM;2025,0;5,0;VIII;> 34;85,0;3,0;2,55;1,0
05/2025;HJK;2025,0;5,0;I;0 a 4;4,0;120,0;4,82;8,0
05/2025;HJK;2025,0;5,0;II;5 a 9;8,0;250,0;20,02;23,0
05/2025;HJK;2025,0;5,0;III;10 a 14;15,0;295,0;44,400000000000006;18,0
05/2025;HJK;2025,0;5,0;IV;15 a 19;25,0;288,0;72,1;38,0
05/2025;HJK;2025,0;5,0;V;20 a 24;40,0;184,0;73,6;39,0
05/2025;HJK;2025,0;5,0;VI;25 a 29;55,0;84,0;46,3;32,0
05/2025;HJK;2025,0;5,0;VII;30 a 34;75,0;44,0;33,1;19,0
05/2025;HJK;2025,0;5,0;VIII;> 34;85,0;20,0;17,1;15,0
05/2025;HJXXIII;2025,0;5,0;I;0 a 4;4,0;11,0;0,44;0,0
05/2025;HJXXIII;2025,0;5,0;II;5 a 9;8,0;18,0;1,44;0,0
05/2025;HJXXIII;2025,0;5,0;III;10 a 14;15,0;43,0;6,45;2,0
05/2025;HJXXIII;2025,0;5,0;IV;15 a 19;25,0;40,0;10,0;4,0
05/2025;HJXXIII;2025,0;5,0;V;20 a 24;40,0;24,0;9,6;4,0
05/2025;HJXXIII;2025,0;5,0;VI;25 a 29;55,0;7,0;3,85;4,0
05/2025;HJXXIII;2025,0;5,0;VII;30 a 34;75,0;7,0;5,25;5,0
05/2025;HJXXIII;2025,0;5,0;VIII;> 34;85,0;5,0;4,25;3,0
05/2025;HRAD;2025,0;5,0;I;0 a 4;4,0;0,0;0,0;0,0
05/2025;HRAD;2025,0;5,0;II;5 a 9;8,0;0,0;0,0;0,0
05/2025;HRAD;2025,0;5,0;III;10 a 14;15,0;1,0;0,15;0,0
05/2025;HRAD;2025,0;5,0;IV;15 a 19;25,0;1,0;0,25;0,0
05/2025;HRAD;2025,0;5,0;V;20 a 24;40,0;5,0;2,0;0,0
05/2025;HRAD;2025,0;5,0;VI;25 a 29;55,0;15,0;8,25;4,0
05/2025;HRAD;2025,0;5,0;VII;30 a 34;75,0;10,0;7,5;1,0
05/2025;HRAD;2025,0;5,0;VIII;> 34;85,0;9,0;7,65;6,0
05/2025;HRBJA;2025,0;5,0;I;0 a 4;4,0;4,0;0,16;0,0
05/2025;HRBJA;2025,0;5,0;II;5 a 9;8,0;8,0;0,64;2,0
05/2025;HRBJA;2025,0;5,0;III;10 a 14;15,0;7,0;1,05;0,0
05/2025;HRBJA;2025,0;5,0;IV;15 a 19;25,0;15,0;3,75;5,0
05/2025;HRBJA;2025,0;5,0;V;20 a 24;40,0;14,0;5,6;4,0
05/2025;HRBJA;2025,0;5,0;VI;25 a 29;55,0;11,0;6,05;4,0
05/2025;HRBJA;2025,0;5,0;VII;30 a 34;75,0;6,0;4,5;4,0
05/2025;HRBJA;2025,0;5,0;VIII;> 34;85,0;1,0;0,85;1,0
05/2025;HRJP;2025,0;5,0;I;0 a 4;4,0;0,0;0,0;0,0
05/2025;HRJP;2025,0;5,0;II;5 a 9;8,0;6,0;0,48;0,0
05/2025;HRJP;2025,0;5,0;III;10 a 14;15,0;7,0;1,05;1,0
05/2025;HRJP;2025,0;5,0;IV;15 a 19;25,0;2,0;0,5;1,0
05/2025;HRJP;2025,0;5,0;V;20 a 24;40,0;2,0;0,8;0,0
05/2025;HRJP;2025,0;5,0;VI;25 a 29;55,0;7,0;3,85;2,0
05/2025;HRJP;2025,0;5,0;VII;30 a 34;75,0;0,0;0,0;0,0
05/2025;HRJP;2025,0;5,0;VIII;> 34;85,0;2,0;1,7;2,0
05/2025;MOV;2025,0;5,0;I;0 a 4;4,0;0,0;0,0;0,0
05/2025;MOV;2025,0;5,0;II;5 a 9;8,0;2,0;0,16;0,0
05/2025;MOV;2025,0;5,0;III;10 a 14;15,0;6,0;0,9;0,0
05/2025;MOV;2025,0;5,0;IV;15 a 19;25,0;5,0;1,25;0,0
05/2025;MOV;2025,0;5,0;V;20 a 24;40,0;3,0;1,2;0,0
05/2025;MOV;2025,0;5,0;VI;25 a 29;55,0;3,0;1,65;1,0
05/2025;MOV;2025,0;5,0;VII;30 a 34;75,0;1,0;0,75;1,0
05/2025;MOV;2025,0;5,0;VIII;> 34;85,0;0,0;0,0;0,0
06/2025;HAC;2025,0;6,0;I;0 a 4;4,0;0,0;0,0;0,0
06/2025;HAC;2025,0;6,0;II;5 a 9;8,0;9,0;0,72;0,0
06/2025;HAC;2025,0;6,0;III;10 a 14;15,0;9,0;1,35;0,0
06/2025;HAC;2025,0;6,0;IV;15 a 19;25,0;7,0;1,75;1,0
06/2025;HAC;2025,0;6,0;V;20 a 24;40,0;5,0;2,0;3,0
06/2025;HAC;2025,0;6,0;VI;25 a 29;55,0;2,0;1,1;1,0
06/2025;HAC;2025,0;6,0;VII;30 a 34;75,0;3,0;2,25;1,0
06/2025;HAC;2025,0;6,0;VIII;> 34;85,0;0,0;0,0;0,0
06/2025;HEM;2025,0;6,0;I;0 a 4;4,0;3,0;0,12;0,0
06/2025;HEM;2025,0;6,0;II;5 a 9;8,0;13,0;1,04;1,0
06/2025;HEM;2025,0;6,0;III;10 a 14;15,0;14,0;2,1;3,0
06/2025;HEM;2025,0;6,0;IV;15 a 19;25,0;3,0;0,75;2,0
06/2025;HEM;2025,0;6,0;V;20 a 24;40,0;7,0;2,8;1,0
06/2025;HEM;2025,0;6,0;VI;25 a 29;55,0;4,0;2,2;4,0
06/2025;HEM;2025,0;6,0;VII;30 a 34;75,0;4,0;3,0;3,0
06/2025;HEM;2025,0;6,0;VIII;> 34;85,0;0,0;0,0;0,0
06/2025;HJK;2025,0;6,0;I;0 a 4;4,0;122,0;4,9;8,0
06/2025;HJK;2025,0;6,0;II;5 a 9;8,0;262,0;20,979999999999997;23,0
06/2025;HJK;2025,0;6,0;III;10 a 14;15,0;307,0;46,2;19,0
06/2025;HJK;2025,0;6,0;IV;15 a 19;25,0;290,0;72,6;36,0
06/2025;HJK;2025,0;6,0;V;20 a 24;40,0;185,0;74,0;40,0
06/2025;HJK;2025,0;6,0;VI;25 a 29;55,0;86,0;47,4;27,0
06/2025;HJK;2025,0;6,0;VII;30 a 34;75,0;50,0;37,6;25,0
06/2025;HJK;2025,0;6,0;VIII;> 34;85,0;22,0;18,8;16,0
06/2025;HJXXIII;2025,0;6,0;I;0 a 4;4,0;7,0;0,28;0,0
06/2025;HJXXIII;2025,0;6,0;II;5 a 9;8,0;30,0;2,4;0,0
06/2025;HJXXIII;2025,0;6,0;III;10 a 14;15,0;47,0;7,05;1,0
06/2025;HJXXIII;2025,0;6,0;IV;15 a 19;25,0;42,0;10,5;6,0
06/2025;HJXXIII;2025,0;6,0;V;20 a 24;40,0;31,0;12,4;10,0
06/2025;HJXXIII;2025,0;6,0;VI;25 a 29;55,0;5,0;2,75;2,0
06/2025;HJXXIII;2025,0;6,0;VII;30 a 34;75,0;4,0;3,0;3,0
06/2025;HJXXIII;2025,0;6,0;VIII;> 34;85,0;4,0;3,4;4,0
06/2025;HRAD;2025,0;6,0;I;0 a 4;4,0;0,0;0,0;0,0
06/2025;HRAD;2025,0;6,0;II;5 a 9;8,0;1,0;0,08;0,0
06/2025;HRAD;2025,0;6,0;III;10 a 14;15,0;1,0;0,15;0,0
06/2025;HRAD;2025,0;6,0;IV;15 a 19;25,0;6,0;1,5;0,0
06/2025;HRAD;2025,0;6,0;V;20 a 24;40,0;9,0;3,6;0,0
06/2025;HRAD;2025,0;6,0;VI;25 a 29;55,0;8,0;4,4;2,0
06/2025;HRAD;2025,0;6,0;VII;30 a 34;75,0;5,0;3,75;2,0
06/2025;HRAD;2025,0;6,0;VIII;> 34;85,0;16,0;13,6;9,0
06/2025;HRBJA;2025,0;6,0;I;0 a 4;4,0;2,0;0,08;0,0
06/2025;HRBJA;2025,0;6,0;II;5 a 9;8,0;10,0;0,8;0,0
06/2025;HRBJA;2025,0;6,0;III;10 a 14;15,0;22,0;3,3;1,0
06/2025;HRBJA;2025,0;6,0;IV;15 a 19;25,0;22,0;5,5;2,0
06/2025;HRBJA;2025,0;6,0;V;20 a 24;40,0;11,0;4,4;1,0
06/2025;HRBJA;2025,0;6,0;VI;25 a 29;55,0;11,0;6,05;3,0
06/2025;HRBJA;2025,0;6,0;VII;30 a 34;75,0;6,0;4,5;4,0
06/2025;HRBJA;2025,0;6,0;VIII;> 34;85,0;6,0;5,1;4,0
06/2025;HRJP;2025,0;6,0;I;0 a 4;4,0;0,0;0,0;0,0
06/2025;HRJP;2025,0;6,0;II;5 a 9;8,0;4,0;0,32;0,0
06/2025;HRJP;2025,0;6,0;III;10 a 14;15,0;9,0;1,35;0,0
06/2025;HRJP;2025,0;6,0;IV;15 a 19;25,0;8,0;2,0;0,0
06/2025;HRJP;2025,0;6,0;V;20 a 24;40,0;7,0;2,8;1,0
06/2025;HRJP;2025,0;6,0;VI;25 a 29;55,0;5,0;2,75;2,0
06/2025;HRJP;2025,0;6,0;VII;30 a 34;75,0;1,0;0,75;1,0
06/2025;HRJP;2025,0;6,0;VIII;> 34;85,0;2,0;1,7;2,0
06/2025;MOV;2025,0;6,0;I;0 a 4;4,0;0,0;0,0;0,0
06/2025;MOV;2025,0;6,0;II;5 a 9;8,0;3,0;0,24;0,0
06/2025;MOV;2025,0;6,0;III;10 a 14;15,0;8,0;1,2;0,0
06/2025;MOV;2025,0;6,0;IV;15 a 19;25,0;2,0;0,5;0,0
06/2025;MOV;2025,0;6,0;V;20 a 24;40,0;2,0;0,8;0,0
06/2025;MOV;2025,0;6,0;VI;25 a 29;55,0;0,0;0,0;0,0
06/2025;MOV;2025,0;6,0;VII;30 a 34;75,0;0,0;0,0;0,0
06/2025;MOV;2025,0;6,0;VIII;> 34;85,0;0,0;0,0;0,0
07/2025;HAC;2025,0;7,0;I;0 a 4;4,0;2,0;0,08;0,0
07/2025;HAC;2025,0;7,0;II;5 a 9;8,0;6,0;0,48;0,0
07/2025;HAC;2025,0;7,0;III;10 a 14;15,0;11,0;1,65;1,0
07/2025;HAC;2025,0;7,0;IV;15 a 19;25,0;9,0;2,25;0,0
07/2025;HAC;2025,0;7,0;V;20 a 24;40,0;6,0;2,4;1,0
07/2025;HAC;2025,0;7,0;VI;25 a 29;55,0;4,0;2,2;0,0
07/2025;HAC;2025,0;7,0;VII;30 a 34;75,0;0,0;0,0;0,0
07/2025;HAC;2025,0;7,0;VIII;> 34;85,0;1,0;0,85;1,0
07/2025;HEM;2025,0;7,0;I;0 a 4;4,0;0,0;0,0;0,0
07/2025;HEM;2025,0;7,0;II;5 a 9;8,0;7,0;0,56;1,0
07/2025;HEM;2025,0;7,0;III;10 a 14;15,0;15,0;2,25;0,0
07/2025;HEM;2025,0;7,0;IV;15 a 19;25,0;11,0;2,75;0,0
07/2025;HEM;2025,0;7,0;V;20 a 24;40,0;5,0;2,0;0,0
07/2025;HEM;2025,0;7,0;VI;25 a 29;55,0;11,0;6,05;5,0
07/2025;HEM;2025,0;7,0;VII;30 a 34;75,0;3,0;2,25;2,0
07/2025;HEM;2025,0;7,0;VIII;> 34;85,0;0,0;0,0;0,0
07/2025;HJK;2025,0;7,0;I;0 a 4;4,0;123,0;4,9399999999999995;8,0
07/2025;HJK;2025,0;7,0;II;5 a 9;8,0;255,0;20,419999999999998;26,0
07/2025;HJK;2025,0;7,0;III;10 a 14;15,0;306,0;46,05;23,0
07/2025;HJK;2025,0;7,0;IV;15 a 19;25,0;303,0;75,85;40,0
07/2025;HJK;2025,0;7,0;V;20 a 24;40,0;178,0;71,2;39,0
07/2025;HJK;2025,0;7,0;VI;25 a 29;55,0;82,0;45,2;28,0
07/2025;HJK;2025,0;7,0;VII;30 a 34;75,0;46,0;34,6;22,0
07/2025;HJK;2025,0;7,0;VIII;> 34;85,0;23,0;19,65;18,0
07/2025;HJXXIII;2025,0;7,0;I;0 a 4;4,0;13,0;0,52;0,0
07/2025;HJXXIII;2025,0;7,0;II;5 a 9;8,0;38,0;3,04;0,0
07/2025;HJXXIII;2025,0;7,0;III;10 a 14;15,0;40,0;6,0;0,0
07/2025;HJXXIII;2025,0;7,0;IV;15 a 19;25,0;37,0;9,25;5,0
07/2025;HJXXIII;2025,0;7,0;V;20 a 24;40,0;13,0;5,2;6,0
07/2025;HJXXIII;2025,0;7,0;VI;25 a 29;55,0;8,0;4,4;5,0
07/2025;HJXXIII;2025,0;7,0;VII;30 a 34;75,0;2,0;1,5;0,0
07/2025;HJXXIII;2025,0;7,0;VIII;> 34;85,0;1,0;0,85;1,0
07/2025;HRAD;2025,0;7,0;I;0 a 4;4,0;0,0;0,0;0,0
07/2025;HRAD;2025,0;7,0;II;5 a 9;8,0;0,0;0,0;0,0
07/2025;HRAD;2025,0;7,0;III;10 a 14;15,0;1,0;0,15;0,0
07/2025;HRAD;2025,0;7,0;IV;15 a 19;25,0;2,0;0,5;0,0
07/2025;HRAD;2025,0;7,0;V;20 a 24;40,0;7,0;2,8;2,0
07/2025;HRAD;2025,0;7,0;VI;25 a 29;55,0;10,0;5,5;1,0
07/2025;HRAD;2025,0;7,0;VII;30 a 34;75,0;11,0;8,25;3,0
07/2025;HRAD;2025,0;7,0;VIII;> 34;85,0;11,0;9,35;4,0
07/2025;HRBJA;2025,0;7,0;I;0 a 4;4,0;0,0;0,0;0,0
07/2025;HRBJA;2025,0;7,0;II;5 a 9;8,0;3,0;0,24;0,0
07/2025;HRBJA;2025,0;7,0;III;10 a 14;15,0;13,0;1,95;2,0
07/2025;HRBJA;2025,0;7,0;IV;15 a 19;25,0;15,0;3,75;1,0
07/2025;HRBJA;2025,0;7,0;V;20 a 24;40,0;8,0;3,2;0,0
07/2025;HRBJA;2025,0;7,0;VI;25 a 29;55,0;8,0;4,4;1,0
07/2025;HRBJA;2025,0;7,0;VII;30 a 34;75,0;10,0;7,5;7,0
07/2025;HRBJA;2025,0;7,0;VIII;> 34;85,0;7,0;5,95;4,0
07/2025;HRJP;2025,0;7,0;I;0 a 4;4,0;2,0;0,08;0,0
07/2025;HRJP;2025,0;7,0;II;5 a 9;8,0;7,0;0,56;0,0
07/2025;HRJP;2025,0;7,0;III;10 a 14;15,0;6,0;0,9;0,0
07/2025;HRJP;2025,0;7,0;IV;15 a 19;25,0;3,0;0,75;0,0
07/2025;HRJP;2025,0;7,0;V;20 a 24;40,0;5,0;2,0;2,0
07/2025;HRJP;2025,0;7,0;VI;25 a 29;55,0;1,0;0,55;1,0
07/2025;HRJP;2025,0;7,0;VII;30 a 34;75,0;2,0;1,5;0,0
07/2025;HRJP;2025,0;7,0;VIII;> 34;85,0;3,0;2,55;1,0
07/2025;MOV;2025,0;7,0;I;0 a 4;4,0;0,0;0,0;0,0
07/2025;MOV;2025,0;7,0;II;5 a 9;8,0;1,0;0,08;0,0
07/2025;MOV;2025,0;7,0;III;10 a 14;15,0;3,0;0,45;0,0
07/2025;MOV;2025,0;7,0;IV;15 a 19;25,0;2,0;0,5;0,0
07/2025;MOV;2025,0;7,0;V;20 a 24;40,0;2,0;0,8;0,0
07/2025;MOV;2025,0;7,0;VI;25 a 29;55,0;4,0;2,2;0,0
07/2025;MOV;2025,0;7,0;VII;30 a 34;75,0;1,0;0,75;0,0
07/2025;MOV;2025,0;7,0;VIII;> 34;85,0;0,0;0,0;1,0
08/2025;HAC;2025,0;8,0;I;0 a 4;4,0;2,0;0,08;0,0
08/2025;HAC;2025,0;8,0;II;5 a 9;8,0;7,0;0,56;0,0
08/2025;HAC;2025,0;8,0;III;10 a 14;15,0;17,0;2,55;2,0
08/2025;HAC;2025,0;8,0;IV;15 a 19;25,0;9,0;2,25;2,0
08/2025;HAC;2025,0;8,0;V;20 a 24;40,0;5,0;2,0;4,0
08/2025;HAC;2025,0;8,0;VI;25 a 29;55,0;1,0;0,55;1,0
08/2025;HAC;2025,0;8,0;VII;30 a 34;75,0;0,0;0,0;0,0
08/2025;HAC;2025,0;8,0;VIII;> 34;85,0;0,0;0,0;0,0
08/2025;HEM;2025,0;8,0;I;0 a 4;4,0;2,0;0,08;0,0
08/2025;HEM;2025,0;8,0;II;5 a 9;8,0;12,0;0,96;0,0
08/2025;HEM;2025,0;8,0;III;10 a 14;15,0;18,0;2,7;2,0
08/2025;HEM;2025,0;8,0;IV;15 a 19;25,0;6,0;1,5;1,0
08/2025;HEM;2025,0;8,0;V;20 a 24;40,0;6,0;2,4;3,0
08/2025;HEM;2025,0;8,0;VI;25 a 29;55,0;4,0;2,2;2,0
08/2025;HEM;2025,0;8,0;VII;30 a 34;75,0;1,0;0,75;1,0
08/2025;HEM;2025,0;8,0;VIII;> 34;85,0;1,0;0,85;1,0
08/2025;HJK;2025,0;8,0;I;0 a 4;4,0;121,0;4,859999999999999;8,0
08/2025;HJK;2025,0;8,0;II;5 a 9;8,0;246,0;19,7;24,0
08/2025;HJK;2025,0;8,0;III;10 a 14;15,0;312,0;46,95;22,0
08/2025;HJK;2025,0;8,0;IV;15 a 19;25,0;293,0;73,35;34,0
08/2025;HJK;2025,0;8,0;V;20 a 24;40,0;182,0;72,8;38,0
08/2025;HJK;2025,0;8,0;VI;25 a 29;55,0;80,0;44,099999999999994;28,0
08/2025;HJK;2025,0;8,0;VII;30 a 34;75,0;48,0;36,1;25,0
08/2025;HJK;2025,0;8,0;VIII;> 34;85,0;20,0;17,1;15,0
08/2025;HJXXIII;2025,0;8,0;I;0 a 4;4,0;6,0;0,24;0,0
08/2025;HJXXIII;2025,0;8,0;II;5 a 9;8,0;18,0;1,44;0,0
08/2025;HJXXIII;2025,0;8,0;III;10 a 14;15,0;37,0;5,55;0,0
08/2025;HJXXIII;2025,0;8,0;IV;15 a 19;25,0;48,0;12,0;5,0
08/2025;HJXXIII;2025,0;8,0;V;20 a 24;40,0;23,0;9,2;4,0
08/2025;HJXXIII;2025,0;8,0;VI;25 a 29;55,0;8,0;4,4;0,0
08/2025;HJXXIII;2025,0;8,0;VII;30 a 34;75,0;3,0;2,25;1,0
08/2025;HJXXIII;2025,0;8,0;VIII;> 34;85,0;2,0;1,7;2,0
08/2025;HRAD;2025,0;8,0;I;0 a 4;4,0;0,0;0,0;0,0
08/2025;HRAD;2025,0;8,0;II;5 a 9;8,0;0,0;0,0;0,0
08/2025;HRAD;2025,0;8,0;III;10 a 14;15,0;4,0;0,6;0,0
08/2025;HRAD;2025,0;8,0;IV;15 a 19;25,0;5,0;1,25;0,0
08/2025;HRAD;2025,0;8,0;V;20 a 24;40,0;7,0;2,8;1,0
08/2025;HRAD;2025,0;8,0;VI;25 a 29;55,0;14,0;7,7;1,0
08/2025;HRAD;2025,0;8,0;VII;30 a 34;75,0;8,0;6,0;3,0
08/2025;HRAD;2025,0;8,0;VIII;> 34;85,0;9,0;7,65;4,0
08/2025;HRBJA;2025,0;8,0;I;0 a 4;4,0;0,0;0,0;0,0
08/2025;HRBJA;2025,0;8,0;II;5 a 9;8,0;11,0;0,88;0,0
08/2025;HRBJA;2025,0;8,0;III;10 a 14;15,0;14,0;2,1;0,0
08/2025;HRBJA;2025,0;8,0;IV;15 a 19;25,0;25,0;6,25;3,0
08/2025;HRBJA;2025,0;8,0;V;20 a 24;40,0;11,0;4,4;1,0
08/2025;HRBJA;2025,0;8,0;VI;25 a 29;55,0;7,0;3,85;4,0
08/2025;HRBJA;2025,0;8,0;VII;30 a 34;75,0;7,0;5,25;3,0
08/2025;HRBJA;2025,0;8,0;VIII;> 34;85,0;15,0;12,75;8,0
08/2025;HRJP;2025,0;8,0;I;0 a 4;4,0;2,0;0,08;0,0
08/2025;HRJP;2025,0;8,0;II;5 a 9;8,0;10,0;0,8;0,0
08/2025;HRJP;2025,0;8,0;III;10 a 14;15,0;8,0;1,2;1,0
08/2025;HRJP;2025,0;8,0;IV;15 a 19;25,0;1,0;0,25;0,0
08/2025;HRJP;2025,0;8,0;V;20 a 24;40,0;1,0;0,4;1,0
08/2025;HRJP;2025,0;8,0;VI;25 a 29;55,0;3,0;1,65;0,0
08/2025;HRJP;2025,0;8,0;VII;30 a 34;75,0;0,0;0,0;0,0
08/2025;HRJP;2025,0;8,0;VIII;> 34;85,0;0,0;0,0;0,0
08/2025;MOV;2025,0;8,0;I;0 a 4;4,0;0,0;0,0;0,0
08/2025;MOV;2025,0;8,0;II;5 a 9;8,0;1,0;0,08;0,0
08/2025;MOV;2025,0;8,0;III;10 a 14;15,0;2,0;0,3;0,0
08/2025;MOV;2025,0;8,0;IV;15 a 19;25,0;2,0;0,5;0,0
08/2025;MOV;2025,0;8,0;V;20 a 24;40,0;1,0;0,4;0,0
08/2025;MOV;2025,0;8,0;VI;25 a 29;55,0;0,0;0,0;0,0
08/2025;MOV;2025,0;8,0;VII;30 a 34;75,0;2,0;1,5;0,0
08/2025;MOV;2025,0;8,0;VIII;> 34;85,0;0,0;0,0;0,0
09/2025;HAC;2025,0;9,0;I;0 a 4;4,0;2,0;0,08;0,0
09/2025;HAC;2025,0;9,0;II;5 a 9;8,0;9,0;0,72;0,0
09/2025;HAC;2025,0;9,0;III;10 a 14;15,0;20,0;3,0;2,0
09/2025;HAC;2025,0;9,0;IV;15 a 19;25,0;6,0;1,5;0,0
09/2025;HAC;2025,0;9,0;V;20 a 24;40,0;7,0;2,8;1,0
09/2025;HAC;2025,0;9,0;VI;25 a 29;55,0;1,0;0,55;1,0
09/2025;HAC;2025,0;9,0;VII;30 a 34;75,0;0,0;0,0;0,0
09/2025;HAC;2025,0;9,0;VIII;> 34;85,0;1,0;0,85;1,0
09/2025;HEM;2025,0;9,0;I;0 a 4;4,0;0,0;0,0;0,0
09/2025;HEM;2025,0;9,0;II;5 a 9;8,0;8,0;0,64;0,0
09/2025;HEM;2025,0;9,0;III;10 a 14;15,0;20,0;3,0;3,0
09/2025;HEM;2025,0;9,0;IV;15 a 19;25,0;12,0;3,0;1,0
09/2025;HEM;2025,0;9,0;V;20 a 24;40,0;1,0;0,4;0,0
09/2025;HEM;2025,0;9,0;VI;25 a 29;55,0;5,0;2,75;2,0
09/2025;HEM;2025,0;9,0;VII;30 a 34;75,0;2,0;1,5;2,0
09/2025;HEM;2025,0;9,0;VIII;> 34;85,0;1,0;0,85;1,0
09/2025;HJK;2025,0;9,0;I;0 a 4;4,0;116,0;4,66;8,0
09/2025;HJK;2025,0;9,0;II;5 a 9;8,0;247,0;19,78;23,0
09/2025;HJK;2025,0;9,0;III;10 a 14;15,0;318,0;47,85;18,0
09/2025;HJK;2025,0;9,0;IV;15 a 19;25,0;302,0;75,6;37,0
09/2025;HJK;2025,0;9,0;V;20 a 24;40,0;186,0;74,4;37,0
09/2025;HJK;2025,0;9,0;VI;25 a 29;55,0;85,0;46,849999999999994;28,0
09/2025;HJK;2025,0;9,0;VII;30 a 34;75,0;43,0;32,35;23,0
09/2025;HJK;2025,0;9,0;VIII;> 34;85,0;24,0;20,5;17,0
09/2025;HJXXIII;2025,0;9,0;I;0 a 4;4,0;12,0;0,48;0,0
09/2025;HJXXIII;2025,0;9,0;II;5 a 9;8,0;21,0;1,68;0,0
09/2025;HJXXIII;2025,0;9,0;III;10 a 14;15,0;47,0;7,05;2,0
09/2025;HJXXIII;2025,0;9,0;IV;15 a 19;25,0;46,0;11,5;4,0
09/2025;HJXXIII;2025,0;9,0;V;20 a 24;40,0;27,0;10,8;4,0
09/2025;HJXXIII;2025,0;9,0;VI;25 a 29;55,0;14,0;7,7;2,0
09/2025;HJXXIII;2025,0;9,0;VII;30 a 34;75,0;10,0;7,5;4,0
09/2025;HJXXIII;2025,0;9,0;VIII;> 34;85,0;1,0;0,85;0,0
09/2025;HRAD;2025,0;9,0;I;0 a 4;4,0;0,0;0,0;0,0
09/2025;HRAD;2025,0;9,0;II;5 a 9;8,0;0,0;0,0;0,0
09/2025;HRAD;2025,0;9,0;III;10 a 14;15,0;1,0;0,15;0,0
09/2025;HRAD;2025,0;9,0;IV;15 a 19;25,0;8,0;2,0;0,0
09/2025;HRAD;2025,0;9,0;V;20 a 24;40,0;8,0;3,2;0,0
09/2025;HRAD;2025,0;9,0;VI;25 a 29;55,0;10,0;5,5;2,0
09/2025;HRAD;2025,0;9,0;VII;30 a 34;75,0;11,0;8,25;5,0
09/2025;HRAD;2025,0;9,0;VIII;> 34;85,0;5,0;4,25;2,0
09/2025;HRBJA;2025,0;9,0;I;0 a 4;4,0;0,0;0,0;0,0
09/2025;HRBJA;2025,0;9,0;II;5 a 9;8,0;8,0;0,64;0,0
09/2025;HRBJA;2025,0;9,0;III;10 a 14;15,0;16,0;2,4;0,0
09/2025;HRBJA;2025,0;9,0;IV;15 a 19;25,0;14,0;3,5;1,0
09/2025;HRBJA;2025,0;9,0;V;20 a 24;40,0;13,0;5,2;2,0
09/2025;HRBJA;2025,0;9,0;VI;25 a 29;55,0;9,0;4,95;5,0
09/2025;HRBJA;2025,0;9,0;VII;30 a 34;75,0;9,0;6,75;1,0
09/2025;HRBJA;2025,0;9,0;VIII;> 34;85,0;6,0;5,1;6,0
09/2025;HRJP;2025,0;9,0;I;0 a 4;4,0;0,0;0,0;0,0
09/2025;HRJP;2025,0;9,0;II;5 a 9;8,0;2,0;0,16;0,0
09/2025;HRJP;2025,0;9,0;III;10 a 14;15,0;9,0;1,35;1,0
09/2025;HRJP;2025,0;9,0;IV;15 a 19;25,0;5,0;1,25;1,0
09/2025;HRJP;2025,0;9,0;V;20 a 24;40,0;9,0;3,6;2,0
09/2025;HRJP;2025,0;9,0;VI;25 a 29;55,0;4,0;2,2;3,0
09/2025;HRJP;2025,0;9,0;VII;30 a 34;75,0;1,0;0,75;1,0
09/2025;HRJP;2025,0;9,0;VIII;> 34;85,0;1,0;0,85;0,0
09/2025;MOV;2025,0;9,0;I;0 a 4;4,0;1,0;0,04;0,0
09/2025;MOV;2025,0;9,0;II;5 a 9;8,0;14,0;1,12;0,0
09/2025;MOV;2025,0;9,0;III;10 a 14;15,0;9,0;1,35;0,0
09/2025;MOV;2025,0;9,0;IV;15 a 19;25,0;4,0;1,0;0,0
09/2025;MOV;2025,0;9,0;V;20 a 24;40,0;2,0;0,8;0,0
09/2025;MOV;2025,0;9,0;VI;25 a 29;55,0;2,0;1,1;0,0
09/2025;MOV;2025,0;9,0;VII;30 a 34;75,0;0,0;0,0;0,0
09/2025;MOV;2025,0;9,0;VIII;> 34;85,0;0,0;0,0;0,0
10/2025;HAC;2025,0;10,0;I;0 a 4;4,0;2,0;0,08;0,0
10/2025;HAC;2025,0;10,0;II;5 a 9;8,0;17,0;1,36;0,0
10/2025;HAC;2025,0;10,0;III;10 a 14;15,0;20,0;3,0;1,0
10/2025;HAC;2025,0;10,0;IV;15 a 19;25,0;10,0;2,5;1,0
10/2025;HAC;2025,0;10,0;V;20 a 24;40,0;3,0;1,2;2,0
10/2025;HAC;2025,0;10,0;VI;25 a 29;55,0;2,0;1,1;2,0
10/2025;HAC;2025,0;10,0;VII;30 a 34;75,0;0,0;0,0;0,0
10/2025;HAC;2025,0;10,0;VIII;> 34;85,0;0,0;0,0;0,0
10/2025;HEM;2025,0;10,0;I;0 a 4;4,0;2,0;0,08;0,0
10/2025;HEM;2025,0;10,0;II;5 a 9;8,0;11,0;0,88;2,0
10/2025;HEM;2025,0;10,0;III;10 a 14;15,0;12,0;1,8;2,0
10/2025;HEM;2025,0;10,0;IV;15 a 19;25,0;8,0;2,0;3,0
10/2025;HEM;2025,0;10,0;V;20 a 24;40,0;6,0;2,4;3,0
10/2025;HEM;2025,0;10,0;VI;25 a 29;55,0;2,0;1,1;1,0
10/2025;HEM;2025,0;10,0;VII;30 a 34;75,0;1,0;0,75;1,0
10/2025;HEM;2025,0;10,0;VIII;> 34;85,0;0,0;0,0;0,0
10/2025;HJK;2025,0;10,0;I;0 a 4;4,0;126,0;5,06;8,0
10/2025;HJK;2025,0;10,0;II;5 a 9;8,0;265,0;21,22;26,0
10/2025;HJK;2025,0;10,0;III;10 a 14;15,0;323,0;48,6;18,0
10/2025;HJK;2025,0;10,0;IV;15 a 19;25,0;305,0;76,35;42,0
10/2025;HJK;2025,0;10,0;V;20 a 24;40,0;179,0;71,6;35,0
10/2025;HJK;2025,0;10,0;VI;25 a 29;55,0;83,0;45,75;30,0
10/2025;HJK;2025,0;10,0;VII;30 a 34;75,0;41,0;30,85;20,0
10/2025;HJK;2025,0;10,0;VIII;> 34;85,0;20,0;17,1;15,0
10/2025;HJXXIII;2025,0;10,0;I;0 a 4;4,0;8,0;0,32;1,0
10/2025;HJXXIII;2025,0;10,0;II;5 a 9;8,0;34,0;2,72;1,0
10/2025;HJXXIII;2025,0;10,0;III;10 a 14;15,0;52,0;7,8;3,0
10/2025;HJXXIII;2025,0;10,0;IV;15 a 19;25,0;36,0;9,0;5,0
10/2025;HJXXIII;2025,0;10,0;V;20 a 24;40,0;22,0;8,8;4,0
10/2025;HJXXIII;2025,0;10,0;VI;25 a 29;55,0;10,0;5,5;4,0
10/2025;HJXXIII;2025,0;10,0;VII;30 a 34;75,0;5,0;3,75;4,0
10/2025;HJXXIII;2025,0;10,0;VIII;> 34;85,0;2,0;1,7;2,0
10/2025;HRAD;2025,0;10,0;I;0 a 4;4,0;0,0;0,0;0,0
10/2025;HRAD;2025,0;10,0;II;5 a 9;8,0;1,0;0,08;0,0
10/2025;HRAD;2025,0;10,0;III;10 a 14;15,0;10,0;1,5;0,0
10/2025;HRAD;2025,0;10,0;IV;15 a 19;25,0;9,0;2,25;2,0
10/2025;HRAD;2025,0;10,0;V;20 a 24;40,0;8,0;3,2;1,0
10/2025;HRAD;2025,0;10,0;VI;25 a 29;55,0;13,0;7,15;2,0
10/2025;HRAD;2025,0;10,0;VII;30 a 34;75,0;7,0;5,25;2,0
10/2025;HRAD;2025,0;10,0;VIII;> 34;85,0;9,0;7,65;7,0
10/2025;HRBJA;2025,0;10,0;I;0 a 4;4,0;0,0;0,0;0,0
10/2025;HRBJA;2025,0;10,0;II;5 a 9;8,0;4,0;0,32;0,0
10/2025;HRBJA;2025,0;10,0;III;10 a 14;15,0;20,0;3,0;2,0
10/2025;HRBJA;2025,0;10,0;IV;15 a 19;25,0;27,0;6,75;3,0
10/2025;HRBJA;2025,0;10,0;V;20 a 24;40,0;18,0;7,2;1,0
10/2025;HRBJA;2025,0;10,0;VI;25 a 29;55,0;8,0;4,4;2,0
10/2025;HRBJA;2025,0;10,0;VII;30 a 34;75,0;8,0;6,0;6,0
10/2025;HRBJA;2025,0;10,0;VIII;> 34;85,0;4,0;3,4;2,0
10/2025;HRJP;2025,0;10,0;I;0 a 4;4,0;0,0;0,0;0,0
10/2025;HRJP;2025,0;10,0;II;5 a 9;8,0;1,0;0,08;0,0
10/2025;HRJP;2025,0;10,0;III;10 a 14;15,0;13,0;1,95;1,0
10/2025;HRJP;2025,0;10,0;IV;15 a 19;25,0;12,0;3,0;5,0
10/2025;HRJP;2025,0;10,0;V;20 a 24;40,0;6,0;2,4;4,0
10/2025;HRJP;2025,0;10,0;VI;25 a 29;55,0;7,0;3,85;3,0
10/2025;HRJP;2025,0;10,0;VII;30 a 34;75,0;4,0;3,0;3,0
10/2025;HRJP;2025,0;10,0;VIII;> 34;85,0;0,0;0,0;0,0
10/2025;MOV;2025,0;10,0;I;0 a 4;4,0;5,0;0,2;0,0
10/2025;MOV;2025,0;10,0;II;5 a 9;8,0;9,0;0,72;0,0
10/2025;MOV;2025,0;10,0;III;10 a 14;15,0;11,0;1,65;0,0
10/2025;MOV;2025,0;10,0;IV;15 a 19;25,0;6,0;1,5;0,0
10/2025;MOV;2025,0;10,0;V;20 a 24;40,0;0,0;0,0;0,0
10/2025;MOV;2025,0;10,0;VI;25 a 29;55,0;1,0;0,55;0,0
10/2025;MOV;2025,0;10,0;VII;30 a 34;75,0;0,0;0,0;0,0
10/2025;MOV;2025,0;10,0;VIII;> 34;85,0;0,0;0,0;0,0
11/2025;HAC;2025,0;11,0;I;0 a 4;4,0;0,0;0,0;0,0
11/2025;HAC;2025,0;11,0;II;5 a 9;8,0;8,0;0,64;0,0
11/2025;HAC;2025,0;11,0;III;10 a 14;15,0;12,0;1,8;1,0
11/2025;HAC;2025,0;11,0;IV;15 a 19;25,0;11,0;2,75;1,0
11/2025;HAC;2025,0;11,0;V;20 a 24;40,0;3,0;1,2;1,0
11/2025;HAC;2025,0;11,0;VI;25 a 29;55,0;0,0;0,0;0,0
11/2025;HAC;2025,0;11,0;VII;30 a 34;75,0;0,0;0,0;0,0
11/2025;HAC;2025,0;11,0;VIII;> 34;85,0;0,0;0,0;0,0
11/2025;HEM;2025,0;11,0;I;0 a 4;4,0;0,0;0,0;0,0
11/2025;HEM;2025,0;11,0;II;5 a 9;8,0;7,0;0,56;0,0
11/2025;HEM;2025,0;11,0;III;10 a 14;15,0;11,0;1,65;2,0
11/2025;HEM;2025,0;11,0;IV;15 a 19;25,0;3,0;0,75;0,0
11/2025;HEM;2025,0;11,0;V;20 a 24;40,0;5,0;2,0;2,0
11/2025;HEM;2025,0;11,0;VI;25 a 29;55,0;3,0;1,65;3,0
11/2025;HEM;2025,0;11,0;VII;30 a 34;75,0;2,0;1,5;1,0
11/2025;HEM;2025,0;11,0;VIII;> 34;85,0;0,0;0,0;0,0
11/2025;HJK;2025,0;11,0;I;0 a 4;4,0;129,0;5,18;8,0
11/2025;HJK;2025,0;11,0;II;5 a 9;8,0;255,0;20,419999999999998;23,0
11/2025;HJK;2025,0;11,0;III;10 a 14;15,0;315,0;47,400000000000006;18,0
11/2025;HJK;2025,0;11,0;IV;15 a 19;25,0;289,0;72,35;38,0
11/2025;HJK;2025,0;11,0;V;20 a 24;40,0;169,0;67,6;37,0
11/2025;HJK;2025,0;11,0;VI;25 a 29;55,0;87,0;47,95;32,0
11/2025;HJK;2025,0;11,0;VII;30 a 34;75,0;47,0;35,35;24,0
11/2025;HJK;2025,0;11,0;VIII;> 34;85,0;19,0;16,25;15,0
11/2025;HJXXIII;2025,0;11,0;I;0 a 4;4,0;6,0;0,24;1,0
11/2025;HJXXIII;2025,0;11,0;II;5 a 9;8,0;28,0;2,24;2,0
11/2025;HJXXIII;2025,0;11,0;III;10 a 14;15,0;39,0;5,85;3,0
11/2025;HJXXIII;2025,0;11,0;IV;15 a 19;25,0;52,0;13,0;6,0
11/2025;HJXXIII;2025,0;11,0;V;20 a 24;40,0;19,0;7,6;5,0
11/2025;HJXXIII;2025,0;11,0;VI;25 a 29;55,0;11,0;6,05;3,0
11/2025;HJXXIII;2025,0;11,0;VII;30 a 34;75,0;6,0;4,5;4,0
11/2025;HJXXIII;2025,0;11,0;VIII;> 34;85,0;1,0;0,85;0,0
11/2025;HRAD;2025,0;11,0;I;0 a 4;4,0;0,0;0,0;0,0
11/2025;HRAD;2025,0;11,0;II;5 a 9;8,0;0,0;0,0;0,0
11/2025;HRAD;2025,0;11,0;III;10 a 14;15,0;5,0;0,75;0,0
11/2025;HRAD;2025,0;11,0;IV;15 a 19;25,0;4,0;1,0;0,0
11/2025;HRAD;2025,0;11,0;V;20 a 24;40,0;9,0;3,6;1,0
11/2025;HRAD;2025,0;11,0;VI;25 a 29;55,0;8,0;4,4;1,0
11/2025;HRAD;2025,0;11,0;VII;30 a 34;75,0;10,0;7,5;2,0
11/2025;HRAD;2025,0;11,0;VIII;> 34;85,0;21,0;17,85;12,0
11/2025;HRBJA;2025,0;11,0;I;0 a 4;4,0;0,0;0,0;0,0
11/2025;HRBJA;2025,0;11,0;II;5 a 9;8,0;13,0;1,04;0,0
11/2025;HRBJA;2025,0;11,0;III;10 a 14;15,0;11,0;1,65;0,0
11/2025;HRBJA;2025,0;11,0;IV;15 a 19;25,0;22,0;5,5;1,0
11/2025;HRBJA;2025,0;11,0;V;20 a 24;40,0;11,0;4,4;3,0
11/2025;HRBJA;2025,0;11,0;VI;25 a 29;55,0;5,0;2,75;1,0
11/2025;HRBJA;2025,0;11,0;VII;30 a 34;75,0;7,0;5,25;1,0
11/2025;HRBJA;2025,0;11,0;VIII;> 34;85,0;9,0;7,65;7,0
11/2025;HRJP;2025,0;11,0;I;0 a 4;4,0;0,0;0,0;0,0
11/2025;HRJP;2025,0;11,0;II;5 a 9;8,0;4,0;0,32;0,0
11/2025;HRJP;2025,0;11,0;III;10 a 14;15,0;8,0;1,2;1,0
11/2025;HRJP;2025,0;11,0;IV;15 a 19;25,0;10,0;2,5;3,0
11/2025;HRJP;2025,0;11,0;V;20 a 24;40,0;2,0;0,8;1,0
11/2025;HRJP;2025,0;11,0;VI;25 a 29;55,0;1,0;0,55;0,0
11/2025;HRJP;2025,0;11,0;VII;30 a 34;75,0;2,0;1,5;2,0
11/2025;HRJP;2025,0;11,0;VIII;> 34;85,0;2,0;1,7;0,0
11/2025;MOV;2025,0;11,0;I;0 a 4;4,0;3,0;0,12;0,0
11/2025;MOV;2025,0;11,0;II;5 a 9;8,0;5,0;0,4;0,0
11/2025;MOV;2025,0;11,0;III;10 a 14;15,0;16,0;2,4;0,0
11/2025;MOV;2025,0;11,0;IV;15 a 19;25,0;2,0;0,5;0,0
11/2025;MOV;2025,0;11,0;V;20 a 24;40,0;4,0;1,6;0,0
11/2025;MOV;2025,0;11,0;VI;25 a 29;55,0;2,0;1,1;0,0
11/2025;MOV;2025,0;11,0;VII;30 a 34;75,0;1,0;0,75;0,0
11/2025;MOV;2025,0;11,0;VIII;> 34;85,0;0,0;0,0;0,0
12/2025;HAC;2025,0;12,0;I;0 a 4;4,0;0,0;0,0;0,0
12/2025;HAC;2025,0;12,0;II;5 a 9;8,0;2,0;0,16;0,0
12/2025;HAC;2025,0;12,0;III;10 a 14;15,0;11,0;1,65;3,0
12/2025;HAC;2025,0;12,0;IV;15 a 19;25,0;5,0;1,25;2,0
12/2025;HAC;2025,0;12,0;V;20 a 24;40,0;1,0;0,4;0,0
12/2025;HAC;2025,0;12,0;VI;25 a 29;55,0;1,0;0,55;0,0
12/2025;HAC;2025,0;12,0;VII;30 a 34;75,0;0,0;0,0;0,0
12/2025;HAC;2025,0;12,0;VIII;> 34;85,0;1,0;0,85;1,0
12/2025;HEM;2025,0;12,0;I;0 a 4;4,0;0,0;0,0;0,0
12/2025;HEM;2025,0;12,0;II;5 a 9;8,0;10,0;0,8;1,0
12/2025;HEM;2025,0;12,0;III;10 a 14;15,0;10,0;1,5;1,0
12/2025;HEM;2025,0;12,0;IV;15 a 19;25,0;7,0;1,75;1,0
12/2025;HEM;2025,0;12,0;V;20 a 24;40,0;3,0;1,2;1,0
12/2025;HEM;2025,0;12,0;VI;25 a 29;55,0;5,0;2,75;3,0
12/2025;HEM;2025,0;12,0;VII;30 a 34;75,0;1,0;0,75;1,0
12/2025;HEM;2025,0;12,0;VIII;> 34;85,0;0,0;0,0;0,0
12/2025;HJK;2025,0;12,0;I;0 a 4;4,0;125,0;5,02;8,0
12/2025;HJK;2025,0;12,0;II;5 a 9;8,0;263,0;21,06;25,0
12/2025;HJK;2025,0;12,0;III;10 a 14;15,0;299,0;45,0;21,0
12/2025;HJK;2025,0;12,0;IV;15 a 19;25,0;305,0;76,35;40,0
12/2025;HJK;2025,0;12,0;V;20 a 24;40,0;172,0;68,8;36,0
12/2025;HJK;2025,0;12,0;VI;25 a 29;55,0;86,0;47,4;33,0
12/2025;HJK;2025,0;12,0;VII;30 a 34;75,0;46,0;34,6;24,0
12/2025;HJK;2025,0;12,0;VIII;> 34;85,0;20,0;17,1;15,0
12/2025;HJXXIII;2025,0;12,0;I;0 a 4;4,0;8,0;0,32;0,0
12/2025;HJXXIII;2025,0;12,0;II;5 a 9;8,0;18,0;1,44;0,0
12/2025;HJXXIII;2025,0;12,0;III;10 a 14;15,0;26,0;3,9;1,0
12/2025;HJXXIII;2025,0;12,0;IV;15 a 19;25,0;34,0;8,5;6,0
12/2025;HJXXIII;2025,0;12,0;V;20 a 24;40,0;23,0;9,2;4,0
12/2025;HJXXIII;2025,0;12,0;VI;25 a 29;55,0;13,0;7,15;3,0
12/2025;HJXXIII;2025,0;12,0;VII;30 a 34;75,0;2,0;1,5;1,0
12/2025;HJXXIII;2025,0;12,0;VIII;> 34;85,0;1,0;0,85;1,0
12/2025;HRAD;2025,0;12,0;I;0 a 4;4,0;2,0;0,08;0,0
12/2025;HRAD;2025,0;12,0;II;5 a 9;8,0;1,0;0,08;0,0
12/2025;HRAD;2025,0;12,0;III;10 a 14;15,0;12,0;1,8;0,0
12/2025;HRAD;2025,0;12,0;IV;15 a 19;25,0;2,0;0,5;0,0
12/2025;HRAD;2025,0;12,0;V;20 a 24;40,0;4,0;1,6;0,0
12/2025;HRAD;2025,0;12,0;VI;25 a 29;55,0;2,0;1,1;1,0
12/2025;HRAD;2025,0;12,0;VII;30 a 34;75,0;8,0;6,0;5,0
12/2025;HRAD;2025,0;12,0;VIII;> 34;85,0;5,0;4,25;3,0
12/2025;HRBJA;2025,0;12,0;I;0 a 4;4,0;0,0;0,0;0,0
12/2025;HRBJA;2025,0;12,0;II;5 a 9;8,0;5,0;0,4;0,0
12/2025;HRBJA;2025,0;12,0;III;10 a 14;15,0;14,0;2,1;0,0
12/2025;HRBJA;2025,0;12,0;IV;15 a 19;25,0;18,0;4,5;4,0
12/2025;HRBJA;2025,0;12,0;V;20 a 24;40,0;18,0;7,2;2,0
12/2025;HRBJA;2025,0;12,0;VI;25 a 29;55,0;9,0;4,95;5,0
12/2025;HRBJA;2025,0;12,0;VII;30 a 34;75,0;5,0;3,75;2,0
12/2025;HRBJA;2025,0;12,0;VIII;> 34;85,0;6,0;5,1;4,0
12/2025;HRJP;2025,0;12,0;I;0 a 4;4,0;0,0;0,0;0,0
12/2025;HRJP;2025,0;12,0;II;5 a 9;8,0;7,0;0,56;1,0
12/2025;HRJP;2025,0;12,0;III;10 a 14;15,0;10,0;1,5;1,0
12/2025;HRJP;2025,0;12,0;IV;15 a 19;25,0;4,0;1,0;0,0
12/2025;HRJP;2025,0;12,0;V;20 a 24;40,0;6,0;2,4;1,0
12/2025;HRJP;2025,0;12,0;VI;25 a 29;55,0;4,0;2,2;2,0
12/2025;HRJP;2025,0;12,0;VII;30 a 34;75,0;3,0;2,25;3,0
12/2025;HRJP;2025,0;12,0;VIII;> 34;85,0;2,0;1,7;2,0
12/2025;MOV;2025,0;12,0;I;0 a 4;4,0;1,0;0,04;0,0
12/2025;MOV;2025,0;12,0;II;5 a 9;8,0;4,0;0,32;0,0
12/2025;MOV;2025,0;12,0;III;10 a 14;15,0;10,0;1,5;0,0
12/2025;MOV;2025,0;12,0;IV;15 a 19;25,0;11,0;2,75;1,0
12/2025;MOV;2025,0;12,0;V;20 a 24;40,0;5,0;2,0;0,0
12/2025;MOV;2025,0;12,0;VI;25 a 29;55,0;0,0;0,0;0,0
12/2025;MOV;2025,0;12,0;VII;30 a 34;75,0;0,0;0,0;0,0
12/2025;MOV;2025,0;12,0;VIII;> 34;85,0;0,0;0,0;0,0
01/2026;HAC;2026,0;1,0;I;0 a 4;4,0;4,0;0,2;0,0
01/2026;HAC;2026,0;1,0;II;5 a 9;8,0;5,0;0,4;0,0
01/2026;HAC;2026,0;1,0;III;10 a 14;15,0;7,0;1,1;0,0
01/2026;HAC;2026,0;1,0;IV;15 a 19;25,0;5,0;1,3;0,0
01/2026;HAC;2026,0;1,0;V;20 a 24;40,0;3,0;1,2;2,0
01/2026;HAC;2026,0;1,0;VI;25 a 29;55,0;2,0;1,1;2,0
01/2026;HAC;2026,0;1,0;VII;30 a 34;75,0;3,0;2,3;0,0
01/2026;HAC;2026,0;1,0;VIII;> 34;85,0;1,0;0,9;0,0
01/2026;HEM;2026,0;1,0;I;0 a 4;4,0;0,0;0,0;0,0
01/2026;HEM;2026,0;1,0;II;5 a 9;8,0;4,0;0,3;0,0
01/2026;HEM;2026,0;1,0;III;10 a 14;15,0;8,0;1,2;0,0
01/2026;HEM;2026,0;1,0;IV;15 a 19;25,0;5,0;1,3;0,0
01/2026;HEM;2026,0;1,0;V;20 a 24;40,0;6,0;2,4;5,0
01/2026;HEM;2026,0;1,0;VI;25 a 29;55,0;3,0;1,7;1,0
01/2026;HEM;2026,0;1,0;VII;30 a 34;75,0;1,0;0,8;0,0
01/2026;HEM;2026,0;1,0;VIII;> 34;85,0;0,0;0,0;0,0
01/2026;HJK;2026,0;1,0;I;0 a 4;4,0;112,0;4,5;8,0
01/2026;HJK;2026,0;1,0;II;5 a 9;8,0;220,0;17,619999999999997;23,0
01/2026;HJK;2026,0;1,0;III;10 a 14;15,0;260,0;39,150000000000006;15,0
01/2026;HJK;2026,0;1,0;IV;15 a 19;25,0;253,0;63,35;32,0
01/2026;HJK;2026,0;1,0;V;20 a 24;40,0;157,0;62,8;33,0
01/2026;HJK;2026,0;1,0;VI;25 a 29;55,0;71,0;39,15;24,0
01/2026;HJK;2026,0;1,0;VII;30 a 34;75,0;38,0;28,6;18,0
01/2026;HJK;2026,0;1,0;VIII;> 34;85,0;19,0;16,25;15,0
01/2026;HJXXIII;2026,0;1,0;I;0 a 4;4,0;16,0;0,64;0,0
01/2026;HJXXIII;2026,0;1,0;II;5 a 9;8,0;25,0;2,0;1,0
01/2026;HJXXIII;2026,0;1,0;III;10 a 14;15,0;44,0;6,6;2,0
01/2026;HJXXIII;2026,0;1,0;IV;15 a 19;25,0;38,0;9,5;4,0
01/2026;HJXXIII;2026,0;1,0;V;20 a 24;40,0;25,0;10,0;3,0
01/2026;HJXXIII;2026,0;1,0;VI;25 a 29;55,0;12,0;6,6;2,0
01/2026;HJXXIII;2026,0;1,0;VII;30 a 34;75,0;4,0;3,0;3,0
01/2026;HJXXIII;2026,0;1,0;VIII;> 34;85,0;3,0;2,55;2,0
01/2026;HRAD;2026,0;1,0;I;0 a 4;4,0;1,0;0,04;0,0
01/2026;HRAD;2026,0;1,0;II;5 a 9;8,0;8,0;0,64;0,0
01/2026;HRAD;2026,0;1,0;III;10 a 14;15,0;9,0;1,35;0,0
01/2026;HRAD;2026,0;1,0;IV;15 a 19;25,0;7,0;1,75;1,0
01/2026;HRAD;2026,0;1,0;V;20 a 24;40,0;7,0;2,8;1,0
01/2026;HRAD;2026,0;1,0;VI;25 a 29;55,0;8,0;4,4;4,0
01/2026;HRAD;2026,0;1,0;VII;30 a 34;75,0;2,0;1,5;1,0
01/2026;HRAD;2026,0;1,0;VIII;> 34;85,0;4,0;3,4;3,0
01/2026;HRBJA;2026,0;1,0;I;0 a 4;4,0;0,0;0,0;0,0
01/2026;HRBJA;2026,0;1,0;II;5 a 9;8,0;11,0;0,9;1,0
01/2026;HRBJA;2026,0;1,0;III;10 a 14;15,0;13,0;2,0;1,0
01/2026;HRBJA;2026,0;1,0;IV;15 a 19;25,0;20,0;5,0;4,0
01/2026;HRBJA;2026,0;1,0;V;20 a 24;40,0;9,0;3,6;3,0
01/2026;HRBJA;2026,0;1,0;VI;25 a 29;55,0;10,0;5,5;2,0
01/2026;HRBJA;2026,0;1,0;VII;30 a 34;75,0;4,0;3,0;3,0
01/2026;HRBJA;2026,0;1,0;VIII;> 34;85,0;5,0;4,3;4,0
01/2026;HRJP;2026,0;1,0;I;0 a 4;4,0;0,0;0,0;0,0
01/2026;HRJP;2026,0;1,0;II;5 a 9;8,0;2,0;0,2;0,0
01/2026;HRJP;2026,0;1,0;III;10 a 14;15,0;8,0;1,2;1,0
01/2026;HRJP;2026,0;1,0;IV;15 a 19;25,0;14,0;3,5;4,0
01/2026;HRJP;2026,0;1,0;V;20 a 24;40,0;5,0;2,0;0,0
01/2026;HRJP;2026,0;1,0;VI;25 a 29;55,0;4,0;2,2;0,0
01/2026;HRJP;2026,0;1,0;VII;30 a 34;75,0;2,0;1,5;1,0
01/2026;HRJP;2026,0;1,0;VIII;> 34;85,0;1,0;0,9;1,0
01/2026;MOV;2026,0;1,0;I;0 a 4;4,0;4,0;0,2;0,0
01/2026;MOV;2026,0;1,0;II;5 a 9;8,0;9,0;0,7;0,0
01/2026;MOV;2026,0;1,0;III;10 a 14;15,0;11,0;1,7;0,0
01/2026;MOV;2026,0;1,0;IV;15 a 19;25,0;7,0;1,8;0,0
01/2026;MOV;2026,0;1,0;V;20 a 24;40,0;4,0;1,6;1,0
01/2026;MOV;2026,0;1,0;VI;25 a 29;55,0;1,0;0,6;0,0
01/2026;MOV;2026,0;1,0;VII;30 a 34;75,0;1,0;0,8;0,0
01/2026;MOV;2026,0;1,0;VIII;> 34;85,0;1,0;0,9;1,0
02/2026;HAC;2026,0;2,0;I;0 a 4;4,0;0,0;0,0;0,0
02/2026;HAC;2026,0;2,0;II;5 a 9;8,0;3,0;0,2;0,0
02/2026;HAC;2026,0;2,0;III;10 a 14;15,0;10,0;1,5;0,0
02/2026;HAC;2026,0;2,0;IV;15 a 19;25,0;6,0;1,5;0,0
02/2026;HAC;2026,0;2,0;V;20 a 24;40,0;5,0;2,0;1,0
02/2026;HAC;2026,0;2,0;VI;25 a 29;55,0;1,0;0,6;1,0
02/2026;HAC;2026,0;2,0;VII;30 a 34;75,0;1,0;0,8;1,0
02/2026;HAC;2026,0;2,0;VIII;> 34;85,0;0,0;0,0;0,0
02/2026;HEM;2026,0;2,0;I;0 a 4;4,0;0,0;0,0;0,0
02/2026;HEM;2026,0;2,0;II;5 a 9;8,0;2,0;0,2;0,0
02/2026;HEM;2026,0;2,0;III;10 a 14;15,0;8,0;1,2;1,0
02/2026;HEM;2026,0;2,0;IV;15 a 19;25,0;4,0;1,0;0,0
02/2026;HEM;2026,0;2,0;V;20 a 24;40,0;6,0;2,4;2,0
02/2026;HEM;2026,0;2,0;VI;25 a 29;55,0;3,0;1,7;2,0
02/2026;HEM;2026,0;2,0;VII;30 a 34;75,0;1,0;0,8;0,0
02/2026;HEM;2026,0;2,0;VIII;> 34;85,0;0,0;0,0;0,0
02/2026;HJK;2026,0;2,0;I;0 a 4;4,0;112,0;4,5;8,0
02/2026;HJK;2026,0;2,0;II;5 a 9;8,0;220,0;17,619999999999997;23,0
02/2026;HJK;2026,0;2,0;III;10 a 14;15,0;260,0;39,150000000000006;15,0
02/2026;HJK;2026,0;2,0;IV;15 a 19;25,0;253,0;63,35;32,0
02/2026;HJK;2026,0;2,0;V;20 a 24;40,0;157,0;62,8;33,0
02/2026;HJK;2026,0;2,0;VI;25 a 29;55,0;71,0;39,15;24,0
02/2026;HJK;2026,0;2,0;VII;30 a 34;75,0;38,0;28,6;18,0
02/2026;HJK;2026,0;2,0;VIII;> 34;85,0;19,0;16,25;15,0
02/2026;HJXXIII;2026,0;2,0;I;0 a 4;4,0;3,0;0,12;1,0
02/2026;HJXXIII;2026,0;2,0;II;5 a 9;8,0;16,0;1,28;0,0
02/2026;HJXXIII;2026,0;2,0;III;10 a 14;15,0;17,0;2,55;0,0
02/2026;HJXXIII;2026,0;2,0;IV;15 a 19;25,0;18,0;4,5;4,0
02/2026;HJXXIII;2026,0;2,0;V;20 a 24;40,0;20,0;8,0;7,0
02/2026;HJXXIII;2026,0;2,0;VI;25 a 29;55,0;12,0;6,6;1,0
02/2026;HJXXIII;2026,0;2,0;VII;30 a 34;75,0;3,0;2,25;2,0
02/2026;HJXXIII;2026,0;2,0;VIII;> 34;85,0;2,0;1,7;2,0
02/2026;HRAD;2026,0;2,0;I;0 a 4;4,0;2,0;0,08;0,0
02/2026;HRAD;2026,0;2,0;II;5 a 9;8,0;7,0;0,56;0,0
02/2026;HRAD;2026,0;2,0;III;10 a 14;15,0;5,0;0,75;0,0
02/2026;HRAD;2026,0;2,0;IV;15 a 19;25,0;4,0;1,0;0,0
02/2026;HRAD;2026,0;2,0;V;20 a 24;40,0;6,0;2,4;1,0
02/2026;HRAD;2026,0;2,0;VI;25 a 29;55,0;8,0;4,4;3,0
02/2026;HRAD;2026,0;2,0;VII;30 a 34;75,0;0,0;0,0;0,0
02/2026;HRAD;2026,0;2,0;VIII;> 34;85,0;4,0;3,4;3,0
02/2026;HRBJA;2026,0;2,0;I;0 a 4;4,0;2,0;0,1;1,0
02/2026;HRBJA;2026,0;2,0;II;5 a 9;8,0;8,0;0,6;1,0
02/2026;HRBJA;2026,0;2,0;III;10 a 14;15,0;13,0;2,0;3,0
02/2026;HRBJA;2026,0;2,0;IV;15 a 19;25,0;13,0;3,3;1,0
02/2026;HRBJA;2026,0;2,0;V;20 a 24;40,0;6,0;2,4;2,0
02/2026;HRBJA;2026,0;2,0;VI;25 a 29;55,0;8,0;4,4;5,0
02/2026;HRBJA;2026,0;2,0;VII;30 a 34;75,0;5,0;3,8;3,0
02/2026;HRBJA;2026,0;2,0;VIII;> 34;85,0;5,0;4,3;2,0
02/2026;HRJP;2026,0;2,0;I;0 a 4;4,0;0,0;0,0;0,0
02/2026;HRJP;2026,0;2,0;II;5 a 9;8,0;4,0;0,3;0,0
02/2026;HRJP;2026,0;2,0;III;10 a 14;15,0;10,0;1,5;2,0
02/2026;HRJP;2026,0;2,0;IV;15 a 19;25,0;9,0;2,3;2,0
02/2026;HRJP;2026,0;2,0;V;20 a 24;40,0;7,0;2,8;1,0
02/2026;HRJP;2026,0;2,0;VI;25 a 29;55,0;2,0;1,1;1,0
02/2026;HRJP;2026,0;2,0;VII;30 a 34;75,0;2,0;1,5;2,0
02/2026;HRJP;2026,0;2,0;VIII;> 34;85,0;1,0;0,9;1,0
02/2026;MOV;2026,0;2,0;I;0 a 4;4,0;3,0;0,1;0,0
02/2026;MOV;2026,0;2,0;II;5 a 9;8,0;8,0;0,6;0,0
02/2026;MOV;2026,0;2,0;III;10 a 14;15,0;11,0;1,7;0,0
02/2026;MOV;2026,0;2,0;IV;15 a 19;25,0;7,0;1,8;0,0
02/2026;MOV;2026,0;2,0;V;20 a 24;40,0;2,0;0,8;0,0
02/2026;MOV;2026,0;2,0;VI;25 a 29;55,0;0,0;0,0;0,0
02/2026;MOV;2026,0;2,0;VII;30 a 34;75,0;1,0;0,8;1,0
02/2026;MOV;2026,0;2,0;VIII;> 34;85,0;1,0;0,9;1,0
03/2026;HAC;2026,0;3,0;I;0 a 4;4,0;0,0;0,0;0,0
03/2026;HAC;2026,0;3,0;II;5 a 9;8,0;2,0;0,2;0,0
03/2026;HAC;2026,0;3,0;III;10 a 14;15,0;12,0;1,8;1,0
03/2026;HAC;2026,0;3,0;IV;15 a 19;25,0;12,0;3,0;1,0
03/2026;HAC;2026,0;3,0;V;20 a 24;40,0;7,0;2,8;1,0
03/2026;HAC;2026,0;3,0;VI;25 a 29;55,0;4,0;2,2;2,0
03/2026;HAC;2026,0;3,0;VII;30 a 34;75,0;1,0;0,8;1,0
03/2026;HAC;2026,0;3,0;VIII;> 34;85,0;0,0;0,0;0,0
03/2026;HEM;2026,0;3,0;I;0 a 4;4,0;0,0;0,0;0,0
03/2026;HEM;2026,0;3,0;II;5 a 9;8,0;0,0;0,0;0,0
03/2026;HEM;2026,0;3,0;III;10 a 14;15,0;11,0;1,7;4,0
03/2026;HEM;2026,0;3,0;IV;15 a 19;25,0;7,0;1,8;2,0
03/2026;HEM;2026,0;3,0;V;20 a 24;40,0;3,0;1,2;0,0
03/2026;HEM;2026,0;3,0;VI;25 a 29;55,0;6,0;3,3;4,0
03/2026;HEM;2026,0;3,0;VII;30 a 34;75,0;1,0;0,8;1,0
03/2026;HEM;2026,0;3,0;VIII;> 34;85,0;0,0;0,0;0,0
03/2026;HJK;2026,0;3,0;I;0 a 4;4,0;112,0;4,5;8,0
03/2026;HJK;2026,0;3,0;II;5 a 9;8,0;220,0;17,619999999999997;23,0
03/2026;HJK;2026,0;3,0;III;10 a 14;15,0;260,0;39,150000000000006;15,0
03/2026;HJK;2026,0;3,0;IV;15 a 19;25,0;253,0;63,35;32,0
03/2026;HJK;2026,0;3,0;V;20 a 24;40,0;157,0;62,8;33,0
03/2026;HJK;2026,0;3,0;VI;25 a 29;55,0;71,0;39,15;24,0
03/2026;HJK;2026,0;3,0;VII;30 a 34;75,0;38,0;28,6;18,0
03/2026;HJK;2026,0;3,0;VIII;> 34;85,0;19,0;16,25;15,0
03/2026;HJXXIII;2026,0;3,0;I;0 a 4;4,0;3,0;0,12;0,0
03/2026;HJXXIII;2026,0;3,0;II;5 a 9;8,0;16,0;1,28;2,0
03/2026;HJXXIII;2026,0;3,0;III;10 a 14;15,0;34,0;5,1;1,0
03/2026;HJXXIII;2026,0;3,0;IV;15 a 19;25,0;16,0;4,0;3,0
03/2026;HJXXIII;2026,0;3,0;V;20 a 24;40,0;17,0;6,8;3,0
03/2026;HJXXIII;2026,0;3,0;VI;25 a 29;55,0;7,0;3,85;4,0
03/2026;HJXXIII;2026,0;3,0;VII;30 a 34;75,0;4,0;3,0;2,0
03/2026;HJXXIII;2026,0;3,0;VIII;> 34;85,0;4,0;3,4;2,0
03/2026;HRAD;2026,0;3,0;I;0 a 4;4,0;1,0;0,04;0,0
03/2026;HRAD;2026,0;3,0;II;5 a 9;8,0;5,0;0,4;0,0
03/2026;HRAD;2026,0;3,0;III;10 a 14;15,0;9,0;1,35;0,0
03/2026;HRAD;2026,0;3,0;IV;15 a 19;25,0;11,0;2,75;2,0
03/2026;HRAD;2026,0;3,0;V;20 a 24;40,0;6,0;2,4;1,0
03/2026;HRAD;2026,0;3,0;VI;25 a 29;55,0;5,0;2,75;2,0
03/2026;HRAD;2026,0;3,0;VII;30 a 34;75,0;3,0;2,25;2,0
03/2026;HRAD;2026,0;3,0;VIII;> 34;85,0;1,0;0,85;0,0
03/2026;HRBJA;2026,0;3,0;I;0 a 4;4,0;2,0;0,1;0,0
03/2026;HRBJA;2026,0;3,0;II;5 a 9;8,0;13,0;1,0;0,0
03/2026;HRBJA;2026,0;3,0;III;10 a 14;15,0;16,0;2,4;0,0
03/2026;HRBJA;2026,0;3,0;IV;15 a 19;25,0;13,0;3,3;1,0
03/2026;HRBJA;2026,0;3,0;V;20 a 24;40,0;13,0;5,2;5,0
03/2026;HRBJA;2026,0;3,0;VI;25 a 29;55,0;7,0;3,9;3,0
03/2026;HRBJA;2026,0;3,0;VII;30 a 34;75,0;5,0;3,8;3,0
03/2026;HRBJA;2026,0;3,0;VIII;> 34;85,0;10,0;8,5;7,0
03/2026;HRJP;2026,0;3,0;I;0 a 4;4,0;1,0;0,0;0,0
03/2026;HRJP;2026,0;3,0;II;5 a 9;8,0;7,0;0,6;0,0
03/2026;HRJP;2026,0;3,0;III;10 a 14;15,0;9,0;1,4;1,0
03/2026;HRJP;2026,0;3,0;IV;15 a 19;25,0;13,0;3,3;1,0
03/2026;HRJP;2026,0;3,0;V;20 a 24;40,0;8,0;3,2;1,0
03/2026;HRJP;2026,0;3,0;VI;25 a 29;55,0;7,0;3,9;1,0
03/2026;HRJP;2026,0;3,0;VII;30 a 34;75,0;4,0;3,0;3,0
03/2026;HRJP;2026,0;3,0;VIII;> 34;85,0;0,0;0,0;0,0
03/2026;MOV;2026,0;3,0;I;0 a 4;4,0;3,0;0,1;0,0
03/2026;MOV;2026,0;3,0;II;5 a 9;8,0;7,0;0,6;0,0
03/2026;MOV;2026,0;3,0;III;10 a 14;15,0;4,0;0,6;0,0
03/2026;MOV;2026,0;3,0;IV;15 a 19;25,0;5,0;1,3;1,0
03/2026;MOV;2026,0;3,0;V;20 a 24;40,0;2,0;0,8;1,0
03/2026;MOV;2026,0;3,0;VI;25 a 29;55,0;2,0;1,1;0,0
03/2026;MOV;2026,0;3,0;VII;30 a 34;75,0;1,0;0,8;1,0
03/2026;MOV;2026,0;3,0;VIII;> 34;85,0;0,0;0,0;0,0
04/2026;HAC;2026,0;4,0;I;0 a 4;4,0;1,0;0,0;0,0
04/2026;HAC;2026,0;4,0;II;5 a 9;8,0;13,0;1,0;1,0
04/2026;HAC;2026,0;4,0;III;10 a 14;15,0;13,0;2,0;0,0
04/2026;HAC;2026,0;4,0;IV;15 a 19;25,0;11,0;2,8;4,0
04/2026;HAC;2026,0;4,0;V;20 a 24;40,0;2,0;0,8;2,0
04/2026;HAC;2026,0;4,0;VI;25 a 29;55,0;3,0;1,7;1,0
04/2026;HAC;2026,0;4,0;VII;30 a 34;75,0;0,0;0,0;0,0
04/2026;HAC;2026,0;4,0;VIII;> 34;85,0;0,0;0,0;0,0
04/2026;HEM;2026,0;4,0;I;0 a 4;4,0;0,0;0,0;0,0
04/2026;HEM;2026,0;4,0;II;5 a 9;8,0;0,0;0,0;0,0
04/2026;HEM;2026,0;4,0;III;10 a 14;15,0;11,0;1,7;0,0
04/2026;HEM;2026,0;4,0;IV;15 a 19;25,0;8,0;2,0;3,0
04/2026;HEM;2026,0;4,0;V;20 a 24;40,0;2,0;0,8;1,0
04/2026;HEM;2026,0;4,0;VI;25 a 29;55,0;4,0;2,2;1,0
04/2026;HEM;2026,0;4,0;VII;30 a 34;75,0;0,0;0,0;0,0
04/2026;HEM;2026,0;4,0;VIII;> 34;85,0;0,0;0,0;0,0
04/2026;HJK;2026,0;4,0;I;0 a 4;4,0;112,0;4,5;8,0
04/2026;HJK;2026,0;4,0;II;5 a 9;8,0;220,0;17,619999999999997;23,0
04/2026;HJK;2026,0;4,0;III;10 a 14;15,0;260,0;39,150000000000006;15,0
04/2026;HJK;2026,0;4,0;IV;15 a 19;25,0;253,0;63,35;32,0
04/2026;HJK;2026,0;4,0;V;20 a 24;40,0;157,0;62,8;33,0
04/2026;HJK;2026,0;4,0;VI;25 a 29;55,0;71,0;39,15;24,0
04/2026;HJK;2026,0;4,0;VII;30 a 34;75,0;38,0;28,6;18,0
04/2026;HJK;2026,0;4,0;VIII;> 34;85,0;19,0;16,25;15,0
04/2026;HJXXIII;2026,0;4,0;I;0 a 4;4,0;1,0;0,04;0,0
04/2026;HJXXIII;2026,0;4,0;II;5 a 9;8,0;9,0;0,72;0,0
04/2026;HJXXIII;2026,0;4,0;III;10 a 14;15,0;41,0;6,15;2,0
04/2026;HJXXIII;2026,0;4,0;IV;15 a 19;25,0;44,0;11,0;0,0
04/2026;HJXXIII;2026,0;4,0;V;20 a 24;40,0;22,0;8,8;2,0
04/2026;HJXXIII;2026,0;4,0;VI;25 a 29;55,0;13,0;7,15;4,0
04/2026;HJXXIII;2026,0;4,0;VII;30 a 34;75,0;12,0;9,0;6,0
04/2026;HJXXIII;2026,0;4,0;VIII;> 34;85,0;9,0;7,65;5,0
04/2026;HRAD;2026,0;4,0;I;0 a 4;4,0;1,0;0,04;0,0
04/2026;HRAD;2026,0;4,0;II;5 a 9;8,0;7,0;0,56;0,0
04/2026;HRAD;2026,0;4,0;III;10 a 14;15,0;13,0;1,95;1,0
04/2026;HRAD;2026,0;4,0;IV;15 a 19;25,0;9,0;2,25;2,0
04/2026;HRAD;2026,0;4,0;V;20 a 24;40,0;12,0;4,8;4,0
04/2026;HRAD;2026,0;4,0;VI;25 a 29;55,0;3,0;1,65;1,0
04/2026;HRAD;2026,0;4,0;VII;30 a 34;75,0;7,0;5,25;3,0
04/2026;HRAD;2026,0;4,0;VIII;> 34;85,0;2,0;1,7;1,0
04/2026;HRBJA;2026,0;4,0;I;0 a 4;4,0;2,0;0,1;0,0
04/2026;HRBJA;2026,0;4,0;II;5 a 9;8,0;7,0;0,6;0,0
04/2026;HRBJA;2026,0;4,0;III;10 a 14;15,0;21,0;3,2;2,0
04/2026;HRBJA;2026,0;4,0;IV;15 a 19;25,0;18,0;4,5;3,0
04/2026;HRBJA;2026,0;4,0;V;20 a 24;40,0;12,0;4,8;1,0
04/2026;HRBJA;2026,0;4,0;VI;25 a 29;55,0;8,0;4,4;4,0
04/2026;HRBJA;2026,0;4,0;VII;30 a 34;75,0;8,0;6,0;3,0
04/2026;HRBJA;2026,0;4,0;VIII;> 34;85,0;5,0;4,3;4,0
04/2026;HRJP;2026,0;4,0;I;0 a 4;4,0;2,0;0,1;1,0
04/2026;HRJP;2026,0;4,0;II;5 a 9;8,0;1,0;0,1;0,0
04/2026;HRJP;2026,0;4,0;III;10 a 14;15,0;8,0;1,2;1,0
04/2026;HRJP;2026,0;4,0;IV;15 a 19;25,0;9,0;2,3;1,0
04/2026;HRJP;2026,0;4,0;V;20 a 24;40,0;12,0;4,8;4,0
04/2026;HRJP;2026,0;4,0;VI;25 a 29;55,0;8,0;4,4;2,0
04/2026;HRJP;2026,0;4,0;VII;30 a 34;75,0;3,0;2,3;0,0
04/2026;HRJP;2026,0;4,0;VIII;> 34;85,0;3,0;2,6;1,0
04/2026;MOV;2026,0;4,0;I;0 a 4;4,0;2,0;0,1;0,0
04/2026;MOV;2026,0;4,0;II;5 a 9;8,0;7,0;0,6;0,0
04/2026;MOV;2026,0;4,0;III;10 a 14;15,0;10,0;1,5;0,0
04/2026;MOV;2026,0;4,0;IV;15 a 19;25,0;4,0;1,0;0,0
04/2026;MOV;2026,0;4,0;V;20 a 24;40,0;2,0;0,8;0,0
04/2026;MOV;2026,0;4,0;VI;25 a 29;55,0;3,0;1,7;0,0
04/2026;MOV;2026,0;4,0;VII;30 a 34;75,0;1,0;0,8;0,0
04/2026;MOV;2026,0;4,0;VIII;> 34;85,0;3,0;2,6;1,0
05/2026;HAC;2026,0;5,0;I;0 a 4;4,0;2,0;0,1;0,0
05/2026;HAC;2026,0;5,0;II;5 a 9;8,0;7,0;0,6;0,0
05/2026;HAC;2026,0;5,0;III;10 a 14;15,0;15,0;2,3;0,0
05/2026;HAC;2026,0;5,0;IV;15 a 19;25,0;8,0;2,0;2,0
05/2026;HAC;2026,0;5,0;V;20 a 24;40,0;3,0;1,2;1,0
05/2026;HAC;2026,0;5,0;VI;25 a 29;55,0;0,0;0,0;0,0
05/2026;HAC;2026,0;5,0;VII;30 a 34;75,0;0,0;0,0;0,0
05/2026;HAC;2026,0;5,0;VIII;> 34;85,0;0,0;0,0;0,0
05/2026;HEM;2026,0;5,0;I;0 a 4;4,0;1,0;0,0;0,0
05/2026;HEM;2026,0;5,0;II;5 a 9;8,0;6,0;0,5;2,0
05/2026;HEM;2026,0;5,0;III;10 a 14;15,0;6,0;0,9;2,0
05/2026;HEM;2026,0;5,0;IV;15 a 19;25,0;4,0;1,0;2,0
05/2026;HEM;2026,0;5,0;V;20 a 24;40,0;7,0;2,8;4,0
05/2026;HEM;2026,0;5,0;VI;25 a 29;55,0;5,0;2,8;1,0
05/2026;HEM;2026,0;5,0;VII;30 a 34;75,0;0,0;0,0;0,0
05/2026;HEM;2026,0;5,0;VIII;> 34;85,0;0,0;0,0;0,0
05/2026;HJK;2026,0;5,0;I;0 a 4;4,0;112,0;4,5;8,0
05/2026;HJK;2026,0;5,0;II;5 a 9;8,0;220,0;17,619999999999997;23,0
05/2026;HJK;2026,0;5,0;III;10 a 14;15,0;260,0;39,150000000000006;15,0
05/2026;HJK;2026,0;5,0;IV;15 a 19;25,0;253,0;63,35;32,0
05/2026;HJK;2026,0;5,0;V;20 a 24;40,0;157,0;62,8;33,0
05/2026;HJK;2026,0;5,0;VI;25 a 29;55,0;71,0;39,15;24,0
05/2026;HJK;2026,0;5,0;VII;30 a 34;75,0;38,0;28,6;18,0
05/2026;HJK;2026,0;5,0;VIII;> 34;85,0;19,0;16,25;15,0
05/2026;HJXXIII;2026,0;5,0;I;0 a 4;4,0;18,0;0,72;0,0
05/2026;HJXXIII;2026,0;5,0;II;5 a 9;8,0;16,0;1,28;0,0
05/2026;HJXXIII;2026,0;5,0;III;10 a 14;15,0;54,0;8,1;2,0
05/2026;HJXXIII;2026,0;5,0;IV;15 a 19;25,0;52,0;13,0;6,0
05/2026;HJXXIII;2026,0;5,0;V;20 a 24;40,0;33,0;13,2;10,0
05/2026;HJXXIII;2026,0;5,0;VI;25 a 29;55,0;5,0;2,75;3,0
05/2026;HJXXIII;2026,0;5,0;VII;30 a 34;75,0;2,0;1,5;1,0
05/2026;HJXXIII;2026,0;5,0;VIII;> 34;85,0;1,0;0,85;1,0
05/2026;HRAD;2026,0;5,0;I;0 a 4;4,0;0,0;0,0;0,0
05/2026;HRAD;2026,0;5,0;II;5 a 9;8,0;2,0;0,16;0,0
05/2026;HRAD;2026,0;5,0;III;10 a 14;15,0;7,0;1,05;1,0
05/2026;HRAD;2026,0;5,0;IV;15 a 19;25,0;6,0;1,5;1,0
05/2026;HRAD;2026,0;5,0;V;20 a 24;40,0;9,0;3,6;3,0
05/2026;HRAD;2026,0;5,0;VI;25 a 29;55,0;6,0;3,3;3,0
05/2026;HRAD;2026,0;5,0;VII;30 a 34;75,0;4,0;3,0;2,0
05/2026;HRAD;2026,0;5,0;VIII;> 34;85,0;1,0;0,85;0,0
05/2026;HRBJA;2026,0;5,0;I;0 a 4;4,0;1,0;0,0;0,0
05/2026;HRBJA;2026,0;5,0;II;5 a 9;8,0;7,0;0,6;0,0
05/2026;HRBJA;2026,0;5,0;III;10 a 14;15,0;32,0;4,8;3,0
05/2026;HRBJA;2026,0;5,0;IV;15 a 19;25,0;11,0;2,8;2,0
05/2026;HRBJA;2026,0;5,0;V;20 a 24;40,0;8,0;3,2;3,0
05/2026;HRBJA;2026,0;5,0;VI;25 a 29;55,0;7,0;3,9;3,0
05/2026;HRBJA;2026,0;5,0;VII;30 a 34;75,0;7,0;5,3;4,0
05/2026;HRBJA;2026,0;5,0;VIII;> 34;85,0;4,0;3,4;3,0
05/2026;HRJP;2026,0;5,0;I;0 a 4;4,0;0,0;0,0;0,0
05/2026;HRJP;2026,0;5,0;II;5 a 9;8,0;1,0;0,1;0,0
05/2026;HRJP;2026,0;5,0;III;10 a 14;15,0;8,0;1,2;2,0
05/2026;HRJP;2026,0;5,0;IV;15 a 19;25,0;3,0;0,8;1,0
05/2026;HRJP;2026,0;5,0;V;20 a 24;40,0;4,0;1,6;1,0
05/2026;HRJP;2026,0;5,0;VI;25 a 29;55,0;6,0;3,3;3,0
05/2026;HRJP;2026,0;5,0;VII;30 a 34;75,0;3,0;2,3;2,0
05/2026;HRJP;2026,0;5,0;VIII;> 34;85,0;7,0;6,0;4,0
05/2026;MOV;2026,0;5,0;I;0 a 4;4,0;3,0;0,1;0,0
05/2026;MOV;2026,0;5,0;II;5 a 9;8,0;6,0;0,5;0,0
05/2026;MOV;2026,0;5,0;III;10 a 14;15,0;12,0;1,8;0,0
05/2026;MOV;2026,0;5,0;IV;15 a 19;25,0;5,0;1,3;0,0
05/2026;MOV;2026,0;5,0;V;20 a 24;40,0;4,0;1,6;0,0
05/2026;MOV;2026,0;5,0;VI;25 a 29;55,0;1,0;0,6;0,0
05/2026;MOV;2026,0;5,0;VII;30 a 34;75,0;0,0;0,0;0,0
05/2026;MOV;2026,0;5,0;VIII;> 34;85,0;2,0;1,7;2,0
06/2026;HAC;2026,0;6,0;I;0 a 4;4,0;2,0;0,1;0,0
06/2026;HAC;2026,0;6,0;II;5 a 9;8,0;7,0;0,6;0,0
06/2026;HAC;2026,0;6,0;III;10 a 14;15,0;12,0;1,8;1,0
06/2026;HAC;2026,0;6,0;IV;15 a 19;25,0;8,0;2,0;2,0
06/2026;HAC;2026,0;6,0;V;20 a 24;40,0;5,0;2,0;1,0
06/2026;HAC;2026,0;6,0;VI;25 a 29;55,0;1,0;0,6;0,0
06/2026;HAC;2026,0;6,0;VII;30 a 34;75,0;0,0;0,0;0,0
06/2026;HAC;2026,0;6,0;VIII;> 34;85,0;0,0;0,0;0,0
06/2026;HEM;2026,0;6,0;I;0 a 4;4,0;2,0;0,1;0,0
06/2026;HEM;2026,0;6,0;II;5 a 9;8,0;6,0;0,5;0,0
06/2026;HEM;2026,0;6,0;III;10 a 14;15,0;6,0;0,9;0,0
06/2026;HEM;2026,0;6,0;IV;15 a 19;25,0;7,0;1,8;1,0
06/2026;HEM;2026,0;6,0;V;20 a 24;40,0;7,0;2,8;3,0
06/2026;HEM;2026,0;6,0;VI;25 a 29;55,0;3,0;1,7;1,0
06/2026;HEM;2026,0;6,0;VII;30 a 34;75,0;1,0;0,8;1,0
06/2026;HEM;2026,0;6,0;VIII;> 34;85,0;0,0;0,0;0,0
06/2026;HJK;2026,0;6,0;I;0 a 4;4,0;112,0;4,5;8,0
06/2026;HJK;2026,0;6,0;II;5 a 9;8,0;220,0;17,619999999999997;23,0
06/2026;HJK;2026,0;6,0;III;10 a 14;15,0;260,0;39,150000000000006;15,0
06/2026;HJK;2026,0;6,0;IV;15 a 19;25,0;253,0;63,35;32,0
06/2026;HJK;2026,0;6,0;V;20 a 24;40,0;157,0;62,8;33,0
06/2026;HJK;2026,0;6,0;VI;25 a 29;55,0;71,0;39,15;24,0
06/2026;HJK;2026,0;6,0;VII;30 a 34;75,0;38,0;28,6;18,0
06/2026;HJK;2026,0;6,0;VIII;> 34;85,0;19,0;16,25;15,0
06/2026;HJXXIII;2026,0;6,0;I;0 a 4;4,0;14,0;0,56;2,0
06/2026;HJXXIII;2026,0;6,0;II;5 a 9;8,0;38,0;3,04;0,0
06/2026;HJXXIII;2026,0;6,0;III;10 a 14;15,0;51,0;7,65;3,0
06/2026;HJXXIII;2026,0;6,0;IV;15 a 19;25,0;25,0;6,25;3,0
06/2026;HJXXIII;2026,0;6,0;V;20 a 24;40,0;28,0;11,2;7,0
06/2026;HJXXIII;2026,0;6,0;VI;25 a 29;55,0;8,0;4,4;5,0
06/2026;HJXXIII;2026,0;6,0;VII;30 a 34;75,0;5,0;3,75;3,0
06/2026;HJXXIII;2026,0;6,0;VIII;> 34;85,0;0,0;0,0;0,0
06/2026;HRAD;2026,0;6,0;I;0 a 4;4,0;1,0;0,04;0,0
06/2026;HRAD;2026,0;6,0;II;5 a 9;8,0;5,0;0,4;0,0
06/2026;HRAD;2026,0;6,0;III;10 a 14;15,0;3,0;0,45;0,0
06/2026;HRAD;2026,0;6,0;IV;15 a 19;25,0;9,0;2,25;1,0
06/2026;HRAD;2026,0;6,0;V;20 a 24;40,0;10,0;4,0;3,0
06/2026;HRAD;2026,0;6,0;VI;25 a 29;55,0;6,0;3,3;3,0
06/2026;HRAD;2026,0;6,0;VII;30 a 34;75,0;2,0;1,5;1,0
06/2026;HRAD;2026,0;6,0;VIII;> 34;85,0;2,0;1,7;1,0
06/2026;HRBJA;2026,0;6,0;I;0 a 4;4,0;1,0;0,0;0,0
06/2026;HRBJA;2026,0;6,0;II;5 a 9;8,0;8,0;0,6;1,0
06/2026;HRBJA;2026,0;6,0;III;10 a 14;15,0;6,0;0,9;0,0
06/2026;HRBJA;2026,0;6,0;IV;15 a 19;25,0;12,0;3,0;0,0
06/2026;HRBJA;2026,0;6,0;V;20 a 24;40,0;8,0;3,2;3,0
06/2026;HRBJA;2026,0;6,0;VI;25 a 29;55,0;11,0;6,1;2,0
06/2026;HRBJA;2026,0;6,0;VII;30 a 34;75,0;3,0;2,3;2,0
06/2026;HRBJA;2026,0;6,0;VIII;> 34;85,0;3,0;2,6;2,0
06/2026;HRJP;2026,0;6,0;I;0 a 4;4,0;1,0;0,0;0,0
06/2026;HRJP;2026,0;6,0;II;5 a 9;8,0;4,0;0,3;0,0
06/2026;HRJP;2026,0;6,0;III;10 a 14;15,0;4,0;0,6;1,0
06/2026;HRJP;2026,0;6,0;IV;15 a 19;25,0;9,0;2,3;2,0
06/2026;HRJP;2026,0;6,0;V;20 a 24;40,0;4,0;1,6;2,0
06/2026;HRJP;2026,0;6,0;VI;25 a 29;55,0;5,0;2,8;2,0
06/2026;HRJP;2026,0;6,0;VII;30 a 34;75,0;3,0;2,3;1,0
06/2026;HRJP;2026,0;6,0;VIII;> 34;85,0;4,0;3,4;3,0
06/2026;MOV;2026,0;6,0;I;0 a 4;4,0;5,0;0,2;0,0
06/2026;MOV;2026,0;6,0;II;5 a 9;8,0;8,0;0,6;0,0
06/2026;MOV;2026,0;6,0;III;10 a 14;15,0;5,0;0,8;0,0
06/2026;MOV;2026,0;6,0;IV;15 a 19;25,0;1,0;0,3;1,0
06/2026;MOV;2026,0;6,0;V;20 a 24;40,0;3,0;1,2;1,0
06/2026;MOV;2026,0;6,0;VI;25 a 29;55,0;0,0;0,0;0,0
06/2026;MOV;2026,0;6,0;VII;30 a 34;75,0;0,0;0,0;0,0
06/2026;MOV;2026,0;6,0;VIII;> 34;85,0;0,0;0,0;0,0
07/2026;HAC;2026,0;7,0;I;0 a 4;4,0;1,0;0,0;0,0
07/2026;HAC;2026,0;7,0;II;5 a 9;8,0;1,0;0,1;1,0
07/2026;HAC;2026,0;7,0;III;10 a 14;15,0;10,0;1,5;1,0
07/2026;HAC;2026,0;7,0;IV;15 a 19;25,0;6,0;1,5;2,0
07/2026;HAC;2026,0;7,0;V;20 a 24;40,0;2,0;0,8;0,0
07/2026;HAC;2026,0;7,0;VI;25 a 29;55,0;1,0;0,6;0,0
07/2026;HAC;2026,0;7,0;VII;30 a 34;75,0;1,0;0,8;1,0
07/2026;HAC;2026,0;7,0;VIII;> 34;85,0;0,0;0,0;0,0
07/2026;HEM;2026,0;7,0;I;0 a 4;4,0;1,0;0,0;0,0
07/2026;HEM;2026,0;7,0;II;5 a 9;8,0;4,0;0,3;0,0
07/2026;HEM;2026,0;7,0;III;10 a 14;15,0;4,0;0,6;0,0
07/2026;HEM;2026,0;7,0;IV;15 a 19;25,0;6,0;1,5;3,0
07/2026;HEM;2026,0;7,0;V;20 a 24;40,0;2,0;0,8;1,0
07/2026;HEM;2026,0;7,0;VI;25 a 29;55,0;5,0;2,8;3,0
07/2026;HEM;2026,0;7,0;VII;30 a 34;75,0;1,0;0,8;1,0
07/2026;HEM;2026,0;7,0;VIII;> 34;85,0;0,0;0,0;0,0
07/2026;HJK;2026,0;7,0;I;0 a 4;4,0;112,0;4,5;8,0
07/2026;HJK;2026,0;7,0;II;5 a 9;8,0;220,0;17,619999999999997;23,0
07/2026;HJK;2026,0;7,0;III;10 a 14;15,0;260,0;39,150000000000006;15,0
07/2026;HJK;2026,0;7,0;IV;15 a 19;25,0;253,0;63,35;32,0
07/2026;HJK;2026,0;7,0;V;20 a 24;40,0;157,0;62,8;33,0
07/2026;HJK;2026,0;7,0;VI;25 a 29;55,0;71,0;39,15;24,0
07/2026;HJK;2026,0;7,0;VII;30 a 34;75,0;38,0;28,6;18,0
07/2026;HJK;2026,0;7,0;VIII;> 34;85,0;19,0;16,25;15,0
07/2026;HJXXIII;2026,0;7,0;I;0 a 4;4,0;10,0;0,4;0,0
07/2026;HJXXIII;2026,0;7,0;II;5 a 9;8,0;36,0;2,88;1,0
07/2026;HJXXIII;2026,0;7,0;III;10 a 14;15,0;39,0;5,85;2,0
07/2026;HJXXIII;2026,0;7,0;IV;15 a 19;25,0;33,0;8,25;3,0
07/2026;HJXXIII;2026,0;7,0;V;20 a 24;40,0;32,0;12,8;5,0
07/2026;HJXXIII;2026,0;7,0;VI;25 a 29;55,0;6,0;3,3;2,0
07/2026;HJXXIII;2026,0;7,0;VII;30 a 34;75,0;4,0;3,0;1,0
07/2026;HJXXIII;2026,0;7,0;VIII;> 34;85,0;3,0;2,55;3,0
07/2026;HRAD;2026,0;7,0;I;0 a 4;4,0;0,0;0,0;0,0
07/2026;HRAD;2026,0;7,0;II;5 a 9;8,0;0,0;0,0;0,0
07/2026;HRAD;2026,0;7,0;III;10 a 14;15,0;0,0;0,0;0,0
07/2026;HRAD;2026,0;7,0;IV;15 a 19;25,0;0,0;0,0;0,0
07/2026;HRAD;2026,0;7,0;V;20 a 24;40,0;0,0;0,0;0,0
07/2026;HRAD;2026,0;7,0;VI;25 a 29;55,0;0,0;0,0;0,0
07/2026;HRAD;2026,0;7,0;VII;30 a 34;75,0;0,0;0,0;0,0
07/2026;HRAD;2026,0;7,0;VIII;> 34;85,0;0,0;0,0;0,0
07/2026;HRBJA;2026,0;7,0;I;0 a 4;4,0;2,0;0,1;0,0
07/2026;HRBJA;2026,0;7,0;II;5 a 9;8,0;7,0;0,6;0,0
07/2026;HRBJA;2026,0;7,0;III;10 a 14;15,0;10,0;1,5;2,0
07/2026;HRBJA;2026,0;7,0;IV;15 a 19;25,0;14,0;3,5;1,0
07/2026;HRBJA;2026,0;7,0;V;20 a 24;40,0;13,0;5,2;5,0
07/2026;HRBJA;2026,0;7,0;VI;25 a 29;55,0;9,0;5,0;6,0
07/2026;HRBJA;2026,0;7,0;VII;30 a 34;75,0;6,0;4,5;2,0
07/2026;HRBJA;2026,0;7,0;VIII;> 34;85,0;2,0;1,7;1,0
07/2026;HRJP;2026,0;7,0;I;0 a 4;4,0;0,0;0,0;0,0
07/2026;HRJP;2026,0;7,0;II;5 a 9;8,0;5,0;0,4;0,0
07/2026;HRJP;2026,0;7,0;III;10 a 14;15,0;15,0;2,3;3,0
07/2026;HRJP;2026,0;7,0;IV;15 a 19;25,0;6,0;1,5;0,0
07/2026;HRJP;2026,0;7,0;V;20 a 24;40,0;10,0;4,0;0,0
07/2026;HRJP;2026,0;7,0;VI;25 a 29;55,0;7,0;3,9;3,0
07/2026;HRJP;2026,0;7,0;VII;30 a 34;75,0;4,0;3,0;1,0
07/2026;HRJP;2026,0;7,0;VIII;> 34;85,0;7,0;6,0;5,0
07/2026;MOV;2026,0;7,0;I;0 a 4;4,0;6,0;0,2;0,0
07/2026;MOV;2026,0;7,0;II;5 a 9;8,0;10,0;0,8;0,0
07/2026;MOV;2026,0;7,0;III;10 a 14;15,0;4,0;0,6;0,0
07/2026;MOV;2026,0;7,0;IV;15 a 19;25,0;3,0;0,8;0,0
07/2026;MOV;2026,0;7,0;V;20 a 24;40,0;3,0;1,2;0,0
07/2026;MOV;2026,0;7,0;VI;25 a 29;55,0;1,0;0,6;0,0
07/2026;MOV;2026,0;7,0;VII;30 a 34;75,0;2,0;1,5;1,0
07/2026;MOV;2026,0;7,0;VIII;> 34;85,0;0,0;0,0;0,0
08/2026;HAC;2026,0;8,0;I;0 a 4;4,0;0,0;0,0;0,0
08/2026;HAC;2026,0;8,0;II;5 a 9;8,0;3,0;0,2;0,0
08/2026;HAC;2026,0;8,0;III;10 a 14;15,0;12,0;1,8;3,0
08/2026;HAC;2026,0;8,0;IV;15 a 19;25,0;7,0;1,8;0,0
08/2026;HAC;2026,0;8,0;V;20 a 24;40,0;1,0;0,4;0,0
08/2026;HAC;2026,0;8,0;VI;25 a 29;55,0;0,0;0,0;0,0
08/2026;HAC;2026,0;8,0;VII;30 a 34;75,0;0,0;0,0;0,0
08/2026;HAC;2026,0;8,0;VIII;> 34;85,0;0,0;0,0;0,0
08/2026;HEM;2026,0;8,0;I;0 a 4;4,0;4,0;0,2;0,0
08/2026;HEM;2026,0;8,0;II;5 a 9;8,0;9,0;0,7;0,0
08/2026;HEM;2026,0;8,0;III;10 a 14;15,0;6,0;0,9;0,0
08/2026;HEM;2026,0;8,0;IV;15 a 19;25,0;5,0;1,3;1,0
08/2026;HEM;2026,0;8,0;V;20 a 24;40,0;2,0;0,8;1,0
08/2026;HEM;2026,0;8,0;VI;25 a 29;55,0;3,0;1,7;0,0
08/2026;HEM;2026,0;8,0;VII;30 a 34;75,0;0,0;0,0;0,0
08/2026;HEM;2026,0;8,0;VIII;> 34;85,0;0,0;0,0;0,0
08/2026;HJK;2026,0;8,0;I;0 a 4;4,0;112,0;4,5;8,0
08/2026;HJK;2026,0;8,0;II;5 a 9;8,0;220,0;17,619999999999997;23,0
08/2026;HJK;2026,0;8,0;III;10 a 14;15,0;260,0;39,150000000000006;15,0
08/2026;HJK;2026,0;8,0;IV;15 a 19;25,0;253,0;63,35;32,0
08/2026;HJK;2026,0;8,0;V;20 a 24;40,0;157,0;62,8;33,0
08/2026;HJK;2026,0;8,0;VI;25 a 29;55,0;71,0;39,15;24,0
08/2026;HJK;2026,0;8,0;VII;30 a 34;75,0;38,0;28,6;18,0
08/2026;HJK;2026,0;8,0;VIII;> 34;85,0;19,0;16,25;15,0
08/2026;HJXXIII;2026,0;8,0;I;0 a 4;4,0;6,0;0,24;0,0
08/2026;HJXXIII;2026,0;8,0;II;5 a 9;8,0;46,0;3,68;2,0
08/2026;HJXXIII;2026,0;8,0;III;10 a 14;15,0;46,0;6,9;0,0
08/2026;HJXXIII;2026,0;8,0;IV;15 a 19;25,0;23,0;5,75;5,0
08/2026;HJXXIII;2026,0;8,0;V;20 a 24;40,0;18,0;7,2;7,0
08/2026;HJXXIII;2026,0;8,0;VI;25 a 29;55,0;11,0;6,05;5,0
08/2026;HJXXIII;2026,0;8,0;VII;30 a 34;75,0;4,0;3,0;2,0
08/2026;HJXXIII;2026,0;8,0;VIII;> 34;85,0;4,0;3,4;2,0
08/2026;HRAD;2026,0;8,0;I;0 a 4;4,0;0,0;0,0;0,0
08/2026;HRAD;2026,0;8,0;II;5 a 9;8,0;0,0;0,0;0,0
08/2026;HRAD;2026,0;8,0;III;10 a 14;15,0;0,0;0,0;0,0
08/2026;HRAD;2026,0;8,0;IV;15 a 19;25,0;0,0;0,0;0,0
08/2026;HRAD;2026,0;8,0;V;20 a 24;40,0;0,0;0,0;0,0
08/2026;HRAD;2026,0;8,0;VI;25 a 29;55,0;0,0;0,0;0,0
08/2026;HRAD;2026,0;8,0;VII;30 a 34;75,0;0,0;0,0;0,0
08/2026;HRAD;2026,0;8,0;VIII;> 34;85,0;0,0;0,0;0,0
08/2026;HRBJA;2026,0;8,0;I;0 a 4;4,0;3,0;0,1;0,0
08/2026;HRBJA;2026,0;8,0;II;5 a 9;8,0;7,0;0,6;0,0
08/2026;HRBJA;2026,0;8,0;III;10 a 14;15,0;22,0;3,3;3,0
08/2026;HRBJA;2026,0;8,0;IV;15 a 19;25,0;13,0;3,3;3,0
08/2026;HRBJA;2026,0;8,0;V;20 a 24;40,0;14,0;5,6;6,0
08/2026;HRBJA;2026,0;8,0;VI;25 a 29;55,0;5,0;2,8;2,0
08/2026;HRBJA;2026,0;8,0;VII;30 a 34;75,0;5,0;3,8;5,0
08/2026;HRBJA;2026,0;8,0;VIII;> 34;85,0;6,0;5,1;6,0
08/2026;HRJP;2026,0;8,0;I;0 a 4;4,0;2,0;0,1;0,0
08/2026;HRJP;2026,0;8,0;II;5 a 9;8,0;5,0;0,4;0,0
08/2026;HRJP;2026,0;8,0;III;10 a 14;15,0;10,0;1,5;2,0
08/2026;HRJP;2026,0;8,0;IV;15 a 19;25,0;11,0;2,8;2,0
08/2026;HRJP;2026,0;8,0;V;20 a 24;40,0;6,0;2,4;2,0
08/2026;HRJP;2026,0;8,0;VI;25 a 29;55,0;2,0;1,1;1,0
08/2026;HRJP;2026,0;8,0;VII;30 a 34;75,0;4,0;3,0;2,0
08/2026;HRJP;2026,0;8,0;VIII;> 34;85,0;5,0;4,3;2,0
08/2026;MOV;2026,0;8,0;I;0 a 4;4,0;6,0;0,2;0,0
08/2026;MOV;2026,0;8,0;II;5 a 9;8,0;2,0;0,2;0,0
08/2026;MOV;2026,0;8,0;III;10 a 14;15,0;8,0;1,2;0,0
08/2026;MOV;2026,0;8,0;IV;15 a 19;25,0;4,0;1,0;0,0
08/2026;MOV;2026,0;8,0;V;20 a 24;40,0;1,0;0,4;0,0
08/2026;MOV;2026,0;8,0;VI;25 a 29;55,0;2,0;1,1;0,0
08/2026;MOV;2026,0;8,0;VII;30 a 34;75,0;2,0;1,5;1,0
08/2026;MOV;2026,0;8,0;VIII;> 34;85,0;0,0;0,0;0,0
Total;;;;;;;;;
;;;;;;;;;
Filtros aplicados: estabelecimento não é (Em branco), CEPAI ou MGT Status operacional é Filtro de Ex-Unidades AnoMes não é (Em branco);;;;;;;;;
